resolution_id,family,award_year,filename,source_sha256,source_sheet,source_excel_row,expected_raw_opeid,expected_school,expected_state,expected_zip_code,source_url,resolution_status,recovered_opeid8,resolution_method,evidence_json,candidate_opeids_json,candidate_unitids_json,same_family_target_key_count,scope_review_required,reviewed_by,reviewed_at,notes,pell_recipients,pell_disbursements,acg_recipients,acg_disbursements,smart_recipients,smart_disbursements,verified_unitid,unitid_resolution_status,unitid_resolution_method,unitid_evidence_json,existing_grant_unitid_collision_count
grants_1999_115,grants,1999-2000,AY1999-00Pell.xls,2ef610addfec02c0446d719f3ea6a034dd5cf3cdc77d990c767f7430840075b7,AY 1999-2000,115,,FOOTHILLS TECHNICAL INSTITUTE,AR,,https://studentaid.gov/sites/default/files/AY1999-00Pell.xls,unresolved,,insufficient_contemporaneous_full_id_corroboration,"[{""kind"":""unassigned_annual_hd_candidate"",""ipeds_year"":1999,""unitid"":106935,""opeid8"":""00531900"",""instnm"":""FOOTHILLS TECHNICAL INSTITUTE"",""state"":""AR"",""zip_code"":""72143"",""url"":""https://nces.ed.gov/ipeds/datacenter/data/IC99_HD.zip"",""sha256"":""98e495aee92ffc857afdf182b692a006a955020172e9d529846a6e1a5876ca75"",""member"":""ic99_hd.csv""}]","[""00531900""]",[106935],,True,Codex evidence review,2026-09-23,"No same-year independent FSA full-ID record verifies the blank row. A directory name candidate alone is not an approved recovery. Official Federal School Codes confirms FAFSA 005319, but a FAFSA code is not a full OPEID and no full-ID source corroboration was found. Avoid substituting the later merged Arkansas State Beebe reporting unit.",153,271623.56,,,,,,,,,
grants_1999_122,grants,1999-2000,AY1999-00Pell.xls,2ef610addfec02c0446d719f3ea6a034dd5cf3cdc77d990c767f7430840075b7,AY 1999-2000,122,,QUAPAW TECHNICAL INSTITUTE,AR,,https://studentaid.gov/sites/default/files/AY1999-00Pell.xls,unresolved,,insufficient_contemporaneous_full_id_corroboration,"[{""kind"":""unassigned_annual_hd_candidate"",""ipeds_year"":1999,""unitid"":107673,""opeid8"":""02120500"",""instnm"":""QUAPAW TECHNICAL INSTITUTE"",""state"":""AR"",""zip_code"":""71913"",""url"":""https://nces.ed.gov/ipeds/datacenter/data/IC99_HD.zip"",""sha256"":""98e495aee92ffc857afdf182b692a006a955020172e9d529846a6e1a5876ca75"",""member"":""ic99_hd.csv""}]","[""02120500""]",[107673],,True,Codex evidence review,2026-09-23,"No same-year independent FSA full-ID record verifies the blank row. A directory name candidate alone is not an approved recovery. The archived official Federal School Codes lists FAFSA 010848 while contemporaneous HD reports OPEID 02120500, demonstrating that school-code padding is unsafe. Quapaw later merged into National Park; historical grant reporting identity needs full-ID corroboration.",113,218092,,,,,,,,,
grants_1999_1850,grants,1999-2000,AY1999-00Pell.xls,2ef610addfec02c0446d719f3ea6a034dd5cf3cdc77d990c767f7430840075b7,AY 1999-2000,1850,,LOUISIANA TECHNICAL COLLEGE - SOWELA CAMPUS,LA,,https://studentaid.gov/sites/default/files/AY1999-00Pell.xls,unresolved,,insufficient_contemporaneous_full_id_corroboration,"[{""kind"":""unassigned_annual_hd_candidate"",""ipeds_year"":1999,""unitid"":160579,""opeid8"":""00546700"",""instnm"":""LOUISIANA TECHNICAL COLLEGE-SOWELA CAMPUS"",""state"":""LA"",""zip_code"":""70615"",""url"":""https://nces.ed.gov/ipeds/datacenter/data/IC99_HD.zip"",""sha256"":""98e495aee92ffc857afdf182b692a006a955020172e9d529846a6e1a5876ca75"",""member"":""ic99_hd.csv""}]","[""00546700""]",[160579],,True,Codex evidence review,2026-09-23,No same-year independent FSA full-ID record verifies the blank row. A directory name candidate alone is not an approved recovery. HD changes from 00546700(1999/2000) to 00548836(2001/2002); the later independent college must not be carried backward.,394,770510,,,,,,,,,
grants_1999_2414,grants,1999-2000,AY1999-00Pell.xls,2ef610addfec02c0446d719f3ea6a034dd5cf3cdc77d990c767f7430840075b7,AY 1999-2000,2414,,NEI COLLEGE OF TECHNOLOGY,MN,,https://studentaid.gov/sites/default/files/AY1999-00Pell.xls,approved,00735300,same_year_fsa_full_id_plus_official_hd,"[{""kind"":""same_award_year_fsa_full_opeid"",""family"":""ffel"",""filename"":""FFEL_AwardYr_Summary_AY1999_2000_All.xls"",""url"":""https://studentaid.gov/sites/default/files/FFEL_AwardYr_Summary_AY1999_2000_All.xls"",""sha256"":""4d41deb1a1d2fd4ba3f53728c03a3a848aeb73abab3cf64b644c2ff41d582243"",""sheet"":""AY1999-2000"",""excel_row"":2175,""raw_opeid"":""00735300"",""opeid8"":""00735300"",""school"":""NEI COLLEGE OF TECHNOLOGY"",""state"":""MN"",""zip_code"":""554212974"",""award_year"":""1999-2000""},{""kind"":""same_year_official_ipeds_directory"",""ipeds_year"":1999,""unitid"":174516,""opeid8"":""00735300"",""instnm"":""NEI COLLEGE OF TECHNOLOGY"",""city"":""COLUMBIA HEIGHTS"",""state"":""MN"",""zip_code"":""554219990"",""act"":""A"",""cyactive"":""1"",""url"":""https://nces.ed.gov/ipeds/datacenter/data/IC99_HD.zip"",""sha256"":""98e495aee92ffc857afdf182b692a006a955020172e9d529846a6e1a5876ca75"",""member"":""ic99_hd.csv""}]","[""00735300""]",[174516],0,False,Codex evidence review,2026-09-23,Recover the published grant row identity only; preserve all source measures and raw missing ID. The full OPEID is independently printed on a same-award-year FSA report and uniquely present in the annual HD with compatible institution/state/location; no grant row already has this key. No parent aid is copied or allocated.,193,277862,,,,,,,,,
grants_1999_2416,grants,1999-2000,AY1999-00Pell.xls,2ef610addfec02c0446d719f3ea6a034dd5cf3cdc77d990c767f7430840075b7,AY 1999-2000,2416,,HERZING COLLEGE,MN,,https://studentaid.gov/sites/default/files/AY1999-00Pell.xls,unresolved,,same_name_existing_grant_row_collision,,"[""01101700""]",[],1,True,Codex evidence review,2026-09-23,"Same workbook already contains Herzing College,MN 01101700 with distinct Pell measures. Blank row lacks ZIP; assigning that ID would collapse distinct rows or double count. Require campus-specific historical evidence.",307,418989,,,,,,,,,
grants_1999_3953,grants,1999-2000,AY1999-00Pell.xls,2ef610addfec02c0446d719f3ea6a034dd5cf3cdc77d990c767f7430840075b7,AY 1999-2000,3953,,UNIVERSITY OF PITTSBURGH - BRADFORD,PA,,https://studentaid.gov/sites/default/files/AY1999-00Pell.xls,approved,00338000,same_year_fsa_full_id_plus_official_hd,"[{""kind"":""same_award_year_fsa_full_opeid"",""family"":""ffel"",""filename"":""FFEL_AwardYr_Summary_AY1999_2000_All.xls"",""url"":""https://studentaid.gov/sites/default/files/FFEL_AwardYr_Summary_AY1999_2000_All.xls"",""sha256"":""4d41deb1a1d2fd4ba3f53728c03a3a848aeb73abab3cf64b644c2ff41d582243"",""sheet"":""AY1999-2000"",""excel_row"":3413,""raw_opeid"":""00338000"",""opeid8"":""00338000"",""school"":""UNIVERSITY OF PITTSBURGH - BRADFORD"",""state"":""PA"",""zip_code"":""167012898"",""award_year"":""1999-2000""},{""kind"":""same_year_official_ipeds_directory"",""ipeds_year"":1999,""unitid"":215266,""opeid8"":""00338000"",""instnm"":""UNIVERSITY OF PITTSBURGH-BRADFORD"",""city"":""BRADFORD"",""state"":""PA"",""zip_code"":""16701"",""act"":""A"",""cyactive"":""1"",""url"":""https://nces.ed.gov/ipeds/datacenter/data/IC99_HD.zip"",""sha256"":""98e495aee92ffc857afdf182b692a006a955020172e9d529846a6e1a5876ca75"",""member"":""ic99_hd.csv""}]","[""00338000""]",[215266],0,True,Codex evidence review,2026-09-23,"Recover the published grant row identity only; preserve all source measures and raw missing ID. The full OPEID is independently printed on a same-award-year FSA report and uniquely present in the annual HD with compatible institution/state/location; no grant row already has this key. No parent aid is copied or allocated. The source grant report separately lists Pittsburgh main campus 00337900; candidate is the specifically named branch, and contemporaneous FFEL distinguishes all campuses. HD 2005 changes branch OPEIDs, so the recovery is confined to the recorded award year.",451,809170.92,,,,,,,,,
grants_1999_3954,grants,1999-2000,AY1999-00Pell.xls,2ef610addfec02c0446d719f3ea6a034dd5cf3cdc77d990c767f7430840075b7,AY 1999-2000,3954,,UNIVERSITY OF PITTSBURGH - GREENSBURG,PA,,https://studentaid.gov/sites/default/files/AY1999-00Pell.xls,approved,00338100,same_year_fsa_full_id_plus_official_hd,"[{""kind"":""same_award_year_fsa_full_opeid"",""family"":""ffel"",""filename"":""FFEL_AwardYr_Summary_AY1999_2000_All.xls"",""url"":""https://studentaid.gov/sites/default/files/FFEL_AwardYr_Summary_AY1999_2000_All.xls"",""sha256"":""4d41deb1a1d2fd4ba3f53728c03a3a848aeb73abab3cf64b644c2ff41d582243"",""sheet"":""AY1999-2000"",""excel_row"":3414,""raw_opeid"":""00338100"",""opeid8"":""00338100"",""school"":""UNIVERSITY OF PITTSBURGH - GREENSBURG"",""state"":""PA"",""zip_code"":""156015898"",""award_year"":""1999-2000""},{""kind"":""same_year_official_ipeds_directory"",""ipeds_year"":1999,""unitid"":215275,""opeid8"":""00338100"",""instnm"":""UNIVERSITY OF PITTSBURGH-GREENSBURG"",""city"":""GREENSBURG"",""state"":""PA"",""zip_code"":""15601"",""act"":""A"",""cyactive"":""1"",""url"":""https://nces.ed.gov/ipeds/datacenter/data/IC99_HD.zip"",""sha256"":""98e495aee92ffc857afdf182b692a006a955020172e9d529846a6e1a5876ca75"",""member"":""ic99_hd.csv""}]","[""00338100""]",[215275],0,True,Codex evidence review,2026-09-23,"Recover the published grant row identity only; preserve all source measures and raw missing ID. The full OPEID is independently printed on a same-award-year FSA report and uniquely present in the annual HD with compatible institution/state/location; no grant row already has this key. No parent aid is copied or allocated. The source grant report separately lists Pittsburgh main campus 00337900; candidate is the specifically named branch, and contemporaneous FFEL distinguishes all campuses. HD 2005 changes branch OPEIDs, so the recovery is confined to the recorded award year.",478,858178,,,,,,,,,
grants_1999_3955,grants,1999-2000,AY1999-00Pell.xls,2ef610addfec02c0446d719f3ea6a034dd5cf3cdc77d990c767f7430840075b7,AY 1999-2000,3955,,UNIVERSITY OF PITTSBURGH AT JOHNSTOWN,PA,,https://studentaid.gov/sites/default/files/AY1999-00Pell.xls,approved,00338200,same_year_fsa_full_id_plus_official_hd,"[{""kind"":""same_award_year_fsa_full_opeid"",""family"":""ffel"",""filename"":""FFEL_AwardYr_Summary_AY1999_2000_All.xls"",""url"":""https://studentaid.gov/sites/default/files/FFEL_AwardYr_Summary_AY1999_2000_All.xls"",""sha256"":""4d41deb1a1d2fd4ba3f53728c03a3a848aeb73abab3cf64b644c2ff41d582243"",""sheet"":""AY1999-2000"",""excel_row"":3415,""raw_opeid"":""00338200"",""opeid8"":""00338200"",""school"":""UNIVERSITY OF PITTSBURGH AT JOHNSTOWN"",""state"":""PA"",""zip_code"":""159042990"",""award_year"":""1999-2000""},{""kind"":""same_year_official_ipeds_directory"",""ipeds_year"":1999,""unitid"":215284,""opeid8"":""00338200"",""instnm"":""UNIVERSITY OF PITTSBURGH-JOHNSTOWN"",""city"":""JOHNSTOWN"",""state"":""PA"",""zip_code"":""15904"",""act"":""A"",""cyactive"":""1"",""url"":""https://nces.ed.gov/ipeds/datacenter/data/IC99_HD.zip"",""sha256"":""98e495aee92ffc857afdf182b692a006a955020172e9d529846a6e1a5876ca75"",""member"":""ic99_hd.csv""}]","[""00338200""]",[215284],0,True,Codex evidence review,2026-09-23,"Recover the published grant row identity only; preserve all source measures and raw missing ID. The full OPEID is independently printed on a same-award-year FSA report and uniquely present in the annual HD with compatible institution/state/location; no grant row already has this key. No parent aid is copied or allocated. The source grant report separately lists Pittsburgh main campus 00337900; candidate is the specifically named branch, and contemporaneous FFEL distinguishes all campuses. HD 2005 changes branch OPEIDs, so the recovery is confined to the recorded award year.",867,1549692.77,,,,,,,,,
grants_1999_3956,grants,1999-2000,AY1999-00Pell.xls,2ef610addfec02c0446d719f3ea6a034dd5cf3cdc77d990c767f7430840075b7,AY 1999-2000,3956,,UNIVERSITY OF PITTSBURGH AT TITUSVILLE,PA,,https://studentaid.gov/sites/default/files/AY1999-00Pell.xls,approved,00338300,same_year_fsa_full_id_plus_official_hd,"[{""kind"":""same_award_year_fsa_full_opeid"",""family"":""ffel"",""filename"":""FFEL_AwardYr_Summary_AY1999_2000_All.xls"",""url"":""https://studentaid.gov/sites/default/files/FFEL_AwardYr_Summary_AY1999_2000_All.xls"",""sha256"":""4d41deb1a1d2fd4ba3f53728c03a3a848aeb73abab3cf64b644c2ff41d582243"",""sheet"":""AY1999-2000"",""excel_row"":3416,""raw_opeid"":""00338300"",""opeid8"":""00338300"",""school"":""UNIVERSITY OF PITTSBURGH AT TITUSVILLE"",""state"":""PA"",""zip_code"":""163542010"",""award_year"":""1999-2000""},{""kind"":""same_year_official_ipeds_directory"",""ipeds_year"":1999,""unitid"":215309,""opeid8"":""00338300"",""instnm"":""UNIVERSITY OF PITTSBURGH-TITUSVILLE"",""city"":""TITUSVILLE"",""state"":""PA"",""zip_code"":""16354"",""act"":""A"",""cyactive"":""1"",""url"":""https://nces.ed.gov/ipeds/datacenter/data/IC99_HD.zip"",""sha256"":""98e495aee92ffc857afdf182b692a006a955020172e9d529846a6e1a5876ca75"",""member"":""ic99_hd.csv""}]","[""00338300""]",[215309],0,True,Codex evidence review,2026-09-23,"Recover the published grant row identity only; preserve all source measures and raw missing ID. The full OPEID is independently printed on a same-award-year FSA report and uniquely present in the annual HD with compatible institution/state/location; no grant row already has this key. No parent aid is copied or allocated. The source grant report separately lists Pittsburgh main campus 00337900; candidate is the specifically named branch, and contemporaneous FFEL distinguishes all campuses. HD 2005 changes branch OPEIDs, so the recovery is confined to the recorded award year.",188,346415,,,,,,,,,
grants_2000_116,grants,2000-2001,AY2000-01Pell.xls,992f55a4be031c35e40ab06826ef37e94b61ed6535e8a1177c22cda6f23aa95d,AY 2000-2001,116,,FOOTHILLS TECHNICAL INSTITUTE,AR,,https://studentaid.gov/sites/default/files/AY2000-01Pell.xls,unresolved,,insufficient_contemporaneous_full_id_corroboration,"[{""kind"":""unassigned_annual_hd_candidate"",""ipeds_year"":2000,""unitid"":106935,""opeid8"":""00531900"",""instnm"":""FOOTHILLS TECHNICAL INSTITUTE"",""state"":""AR"",""zip_code"":""72143"",""url"":""https://nces.ed.gov/ipeds/datacenter/data/FA2000HD.zip"",""sha256"":""a3c91094e8e2b953a54d322c0d6a298e909a55fe15ecdf7f8e14800eba1bbcb8"",""member"":""fa2000hd.csv""}]","[""00531900""]",[106935],,True,Codex evidence review,2026-09-23,"No same-year independent FSA full-ID record verifies the blank row. A directory name candidate alone is not an approved recovery. Official Federal School Codes confirms FAFSA 005319, but a FAFSA code is not a full OPEID and no full-ID source corroboration was found. Avoid substituting the later merged Arkansas State Beebe reporting unit.",164,351989.89,,,,,,,,,
grants_2000_123,grants,2000-2001,AY2000-01Pell.xls,992f55a4be031c35e40ab06826ef37e94b61ed6535e8a1177c22cda6f23aa95d,AY 2000-2001,123,,QUAPAW TECHNICAL INSTITUTE,AR,,https://studentaid.gov/sites/default/files/AY2000-01Pell.xls,unresolved,,insufficient_contemporaneous_full_id_corroboration,"[{""kind"":""unassigned_annual_hd_candidate"",""ipeds_year"":2000,""unitid"":107673,""opeid8"":""02120500"",""instnm"":""QUAPAW TECHNICAL INSTITUTE"",""state"":""AR"",""zip_code"":""71913"",""url"":""https://nces.ed.gov/ipeds/datacenter/data/FA2000HD.zip"",""sha256"":""a3c91094e8e2b953a54d322c0d6a298e909a55fe15ecdf7f8e14800eba1bbcb8"",""member"":""fa2000hd.csv""}]","[""02120500""]",[107673],,True,Codex evidence review,2026-09-23,"No same-year independent FSA full-ID record verifies the blank row. A directory name candidate alone is not an approved recovery. The archived official Federal School Codes lists FAFSA 010848 while contemporaneous HD reports OPEID 02120500, demonstrating that school-code padding is unsafe. Quapaw later merged into National Park; historical grant reporting identity needs full-ID corroboration.",151,294052.7,,,,,,,,,
grants_2000_1862,grants,2000-2001,AY2000-01Pell.xls,992f55a4be031c35e40ab06826ef37e94b61ed6535e8a1177c22cda6f23aa95d,AY 2000-2001,1862,,LOUISIANA TECHNICAL COLLEGE - SOWELA CAMPUS,LA,,https://studentaid.gov/sites/default/files/AY2000-01Pell.xls,unresolved,,insufficient_contemporaneous_full_id_corroboration,"[{""kind"":""unassigned_annual_hd_candidate"",""ipeds_year"":2000,""unitid"":160579,""opeid8"":""00546700"",""instnm"":""LOUISIANA TECHNICAL COLLEGE-SOWELA CAMPUS"",""state"":""LA"",""zip_code"":""70615"",""url"":""https://nces.ed.gov/ipeds/datacenter/data/FA2000HD.zip"",""sha256"":""a3c91094e8e2b953a54d322c0d6a298e909a55fe15ecdf7f8e14800eba1bbcb8"",""member"":""fa2000hd.csv""}]","[""00546700""]",[160579],,True,Codex evidence review,2026-09-23,No same-year independent FSA full-ID record verifies the blank row. A directory name candidate alone is not an approved recovery. HD changes from 00546700(1999/2000) to 00548836(2001/2002); the later independent college must not be carried backward.,436,828058,,,,,,,,,
grants_2000_2424,grants,2000-2001,AY2000-01Pell.xls,992f55a4be031c35e40ab06826ef37e94b61ed6535e8a1177c22cda6f23aa95d,AY 2000-2001,2424,,NEI COLLEGE OF TECHNOLOGY,MN,,https://studentaid.gov/sites/default/files/AY2000-01Pell.xls,approved,00735300,same_year_fsa_full_id_plus_official_hd,"[{""kind"":""same_award_year_fsa_full_opeid"",""family"":""ffel"",""filename"":""FFEL_AwardYr_Summary_AY2000_2001_All.xls"",""url"":""https://studentaid.gov/sites/default/files/FFEL_AwardYr_Summary_AY2000_2001_All.xls"",""sha256"":""a999c2e527cf384d1026191e7146e0eace81b2374f3a290b9164bbb75c3feada"",""sheet"":""AY2000-2001"",""excel_row"":2219,""raw_opeid"":""00735300"",""opeid8"":""00735300"",""school"":""NEI COLLEGE OF TECHNOLOGY"",""state"":""MN"",""zip_code"":""554212974"",""award_year"":""2000-2001""},{""kind"":""same_year_official_ipeds_directory"",""ipeds_year"":2000,""unitid"":174516,""opeid8"":""00735300"",""instnm"":""NEI COLLEGE OF TECHNOLOGY"",""city"":""COLUMBIA HEIGHTS"",""state"":""MN"",""zip_code"":""554212974"",""act"":""A"",""cyactive"":""1"",""url"":""https://nces.ed.gov/ipeds/datacenter/data/FA2000HD.zip"",""sha256"":""a3c91094e8e2b953a54d322c0d6a298e909a55fe15ecdf7f8e14800eba1bbcb8"",""member"":""fa2000hd.csv""}]","[""00735300""]",[174516],0,False,Codex evidence review,2026-09-23,Recover the published grant row identity only; preserve all source measures and raw missing ID. The full OPEID is independently printed on a same-award-year FSA report and uniquely present in the annual HD with compatible institution/state/location; no grant row already has this key. No parent aid is copied or allocated.,192,256324.1,,,,,,,,,
grants_2000_2426,grants,2000-2001,AY2000-01Pell.xls,992f55a4be031c35e40ab06826ef37e94b61ed6535e8a1177c22cda6f23aa95d,AY 2000-2001,2426,,HERZING COLLEGE,MN,,https://studentaid.gov/sites/default/files/AY2000-01Pell.xls,unresolved,,same_name_existing_grant_row_collision,,"[""01101700""]",[],1,True,Codex evidence review,2026-09-23,"Same workbook already contains Herzing College,MN 01101700 with distinct Pell measures. Blank row lacks ZIP; assigning that ID would collapse distinct rows or double count. Require campus-specific historical evidence.",323,551665,,,,,,,,,
grants_2000_3954,grants,2000-2001,AY2000-01Pell.xls,992f55a4be031c35e40ab06826ef37e94b61ed6535e8a1177c22cda6f23aa95d,AY 2000-2001,3954,,UNIVERSITY OF PITTSBURGH - BRADFORD,PA,,https://studentaid.gov/sites/default/files/AY2000-01Pell.xls,approved,00338000,same_year_fsa_full_id_plus_official_hd,"[{""kind"":""same_award_year_fsa_full_opeid"",""family"":""ffel"",""filename"":""FFEL_AwardYr_Summary_AY2000_2001_All.xls"",""url"":""https://studentaid.gov/sites/default/files/FFEL_AwardYr_Summary_AY2000_2001_All.xls"",""sha256"":""a999c2e527cf384d1026191e7146e0eace81b2374f3a290b9164bbb75c3feada"",""sheet"":""AY2000-2001"",""excel_row"":3444,""raw_opeid"":""00338000"",""opeid8"":""00338000"",""school"":""UNIVERSITY OF PITTSBURGH - BRADFORD"",""state"":""PA"",""zip_code"":""167012898"",""award_year"":""2000-2001""},{""kind"":""same_year_official_ipeds_directory"",""ipeds_year"":2000,""unitid"":215266,""opeid8"":""00338000"",""instnm"":""UNIVERSITY OF PITTSBURGH-BRADFORD"",""city"":""BRADFORD"",""state"":""PA"",""zip_code"":""16701"",""act"":""A"",""cyactive"":""1"",""url"":""https://nces.ed.gov/ipeds/datacenter/data/FA2000HD.zip"",""sha256"":""a3c91094e8e2b953a54d322c0d6a298e909a55fe15ecdf7f8e14800eba1bbcb8"",""member"":""fa2000hd.csv""}]","[""00338000""]",[215266],0,True,Codex evidence review,2026-09-23,"Recover the published grant row identity only; preserve all source measures and raw missing ID. The full OPEID is independently printed on a same-award-year FSA report and uniquely present in the annual HD with compatible institution/state/location; no grant row already has this key. No parent aid is copied or allocated. The source grant report separately lists Pittsburgh main campus 00337900; candidate is the specifically named branch, and contemporaneous FFEL distinguishes all campuses. HD 2005 changes branch OPEIDs, so the recovery is confined to the recorded award year.",423,800797.57,,,,,,,,,
grants_2000_3955,grants,2000-2001,AY2000-01Pell.xls,992f55a4be031c35e40ab06826ef37e94b61ed6535e8a1177c22cda6f23aa95d,AY 2000-2001,3955,,UNIVERSITY OF PITTSBURGH - GREENSBURG,PA,,https://studentaid.gov/sites/default/files/AY2000-01Pell.xls,approved,00338100,same_year_fsa_full_id_plus_official_hd,"[{""kind"":""same_award_year_fsa_full_opeid"",""family"":""ffel"",""filename"":""FFEL_AwardYr_Summary_AY2000_2001_All.xls"",""url"":""https://studentaid.gov/sites/default/files/FFEL_AwardYr_Summary_AY2000_2001_All.xls"",""sha256"":""a999c2e527cf384d1026191e7146e0eace81b2374f3a290b9164bbb75c3feada"",""sheet"":""AY2000-2001"",""excel_row"":3445,""raw_opeid"":""00338100"",""opeid8"":""00338100"",""school"":""UNIVERSITY OF PITTSBURGH - GREENSBURG"",""state"":""PA"",""zip_code"":""156015898"",""award_year"":""2000-2001""},{""kind"":""same_year_official_ipeds_directory"",""ipeds_year"":2000,""unitid"":215275,""opeid8"":""00338100"",""instnm"":""UNIVERSITY OF PITTSBURGH-GREENSBURG"",""city"":""GREENSBURG"",""state"":""PA"",""zip_code"":""15601"",""act"":""A"",""cyactive"":""1"",""url"":""https://nces.ed.gov/ipeds/datacenter/data/FA2000HD.zip"",""sha256"":""a3c91094e8e2b953a54d322c0d6a298e909a55fe15ecdf7f8e14800eba1bbcb8"",""member"":""fa2000hd.csv""}]","[""00338100""]",[215275],0,True,Codex evidence review,2026-09-23,"Recover the published grant row identity only; preserve all source measures and raw missing ID. The full OPEID is independently printed on a same-award-year FSA report and uniquely present in the annual HD with compatible institution/state/location; no grant row already has this key. No parent aid is copied or allocated. The source grant report separately lists Pittsburgh main campus 00337900; candidate is the specifically named branch, and contemporaneous FFEL distinguishes all campuses. HD 2005 changes branch OPEIDs, so the recovery is confined to the recorded award year.",473,884383,,,,,,,,,
grants_2000_3956,grants,2000-2001,AY2000-01Pell.xls,992f55a4be031c35e40ab06826ef37e94b61ed6535e8a1177c22cda6f23aa95d,AY 2000-2001,3956,,UNIVERSITY OF PITTSBURGH AT JOHNSTOWN,PA,,https://studentaid.gov/sites/default/files/AY2000-01Pell.xls,approved,00338200,same_year_fsa_full_id_plus_official_hd,"[{""kind"":""same_award_year_fsa_full_opeid"",""family"":""ffel"",""filename"":""FFEL_AwardYr_Summary_AY2000_2001_All.xls"",""url"":""https://studentaid.gov/sites/default/files/FFEL_AwardYr_Summary_AY2000_2001_All.xls"",""sha256"":""a999c2e527cf384d1026191e7146e0eace81b2374f3a290b9164bbb75c3feada"",""sheet"":""AY2000-2001"",""excel_row"":3446,""raw_opeid"":""00338200"",""opeid8"":""00338200"",""school"":""UNIVERSITY OF PITTSBURGH AT JOHNSTOWN"",""state"":""PA"",""zip_code"":""159042990"",""award_year"":""2000-2001""},{""kind"":""same_year_official_ipeds_directory"",""ipeds_year"":2000,""unitid"":215284,""opeid8"":""00338200"",""instnm"":""UNIVERSITY OF PITTSBURGH-JOHNSTOWN"",""city"":""JOHNSTOWN"",""state"":""PA"",""zip_code"":""15904"",""act"":""A"",""cyactive"":""1"",""url"":""https://nces.ed.gov/ipeds/datacenter/data/FA2000HD.zip"",""sha256"":""a3c91094e8e2b953a54d322c0d6a298e909a55fe15ecdf7f8e14800eba1bbcb8"",""member"":""fa2000hd.csv""}]","[""00338200""]",[215284],0,True,Codex evidence review,2026-09-23,"Recover the published grant row identity only; preserve all source measures and raw missing ID. The full OPEID is independently printed on a same-award-year FSA report and uniquely present in the annual HD with compatible institution/state/location; no grant row already has this key. No parent aid is copied or allocated. The source grant report separately lists Pittsburgh main campus 00337900; candidate is the specifically named branch, and contemporaneous FFEL distinguishes all campuses. HD 2005 changes branch OPEIDs, so the recovery is confined to the recorded award year.",884,1616463,,,,,,,,,
grants_2000_3957,grants,2000-2001,AY2000-01Pell.xls,992f55a4be031c35e40ab06826ef37e94b61ed6535e8a1177c22cda6f23aa95d,AY 2000-2001,3957,,UNIVERSITY OF PITTSBURGH AT TITUSVILLE,PA,,https://studentaid.gov/sites/default/files/AY2000-01Pell.xls,approved,00338300,same_year_fsa_full_id_plus_official_hd,"[{""kind"":""same_award_year_fsa_full_opeid"",""family"":""ffel"",""filename"":""FFEL_AwardYr_Summary_AY2000_2001_All.xls"",""url"":""https://studentaid.gov/sites/default/files/FFEL_AwardYr_Summary_AY2000_2001_All.xls"",""sha256"":""a999c2e527cf384d1026191e7146e0eace81b2374f3a290b9164bbb75c3feada"",""sheet"":""AY2000-2001"",""excel_row"":3447,""raw_opeid"":""00338300"",""opeid8"":""00338300"",""school"":""UNIVERSITY OF PITTSBURGH AT TITUSVILLE"",""state"":""PA"",""zip_code"":""163542010"",""award_year"":""2000-2001""},{""kind"":""same_year_official_ipeds_directory"",""ipeds_year"":2000,""unitid"":215309,""opeid8"":""00338300"",""instnm"":""UNIVERSITY OF PITTSBURGH-TITUSVILLE"",""city"":""TITUSVILLE"",""state"":""PA"",""zip_code"":""16354"",""act"":""A"",""cyactive"":""1"",""url"":""https://nces.ed.gov/ipeds/datacenter/data/FA2000HD.zip"",""sha256"":""a3c91094e8e2b953a54d322c0d6a298e909a55fe15ecdf7f8e14800eba1bbcb8"",""member"":""fa2000hd.csv""}]","[""00338300""]",[215309],0,True,Codex evidence review,2026-09-23,"Recover the published grant row identity only; preserve all source measures and raw missing ID. The full OPEID is independently printed on a same-award-year FSA report and uniquely present in the annual HD with compatible institution/state/location; no grant row already has this key. No parent aid is copied or allocated. The source grant report separately lists Pittsburgh main campus 00337900; candidate is the specifically named branch, and contemporaneous FFEL distinguishes all campuses. HD 2005 changes branch OPEIDs, so the recovery is confined to the recorded award year.",190,383018.36,,,,,,,,,
grants_2001_114,grants,2001-2002,AY2001-02Pell.xls,8090a9bde7c33319f4eef90a75d26a5e6ffe4768218c4e5eb0954d2222b259d1,AY 2001-2002,114,,FOOTHILLS TECHNICAL INSTITUTE,AR,,https://studentaid.gov/sites/default/files/AY2001-02Pell.xls,unresolved,,insufficient_contemporaneous_full_id_corroboration,"[{""kind"":""unassigned_annual_hd_candidate"",""ipeds_year"":2001,""unitid"":106935,""opeid8"":""00531900"",""instnm"":""FOOTHILLS TECHNICAL INSTITUTE"",""state"":""AR"",""zip_code"":""72143"",""url"":""https://nces.ed.gov/ipeds/datacenter/data/FA2001HD.zip"",""sha256"":""b84854005d7e384991ce628a0110b856bca87085bc26b19cce9aad98583203f8"",""member"":""fa2001hd.csv""}]","[""00531900""]",[106935],,True,Codex evidence review,2026-09-23,"No same-year independent FSA full-ID record verifies the blank row. A directory name candidate alone is not an approved recovery. Official Federal School Codes confirms FAFSA 005319, but a FAFSA code is not a full OPEID and no full-ID source corroboration was found. Avoid substituting the later merged Arkansas State Beebe reporting unit.",159,333893.39,,,,,,,,,
grants_2001_120,grants,2001-2002,AY2001-02Pell.xls,8090a9bde7c33319f4eef90a75d26a5e6ffe4768218c4e5eb0954d2222b259d1,AY 2001-2002,120,,QUAPAW TECHNICAL INSTITUTE,AR,,https://studentaid.gov/sites/default/files/AY2001-02Pell.xls,unresolved,,insufficient_contemporaneous_full_id_corroboration,"[{""kind"":""unassigned_annual_hd_candidate"",""ipeds_year"":2001,""unitid"":107673,""opeid8"":""02120500"",""instnm"":""QUAPAW TECHNICAL INSTITUTE"",""state"":""AR"",""zip_code"":""71913"",""url"":""https://nces.ed.gov/ipeds/datacenter/data/FA2001HD.zip"",""sha256"":""b84854005d7e384991ce628a0110b856bca87085bc26b19cce9aad98583203f8"",""member"":""fa2001hd.csv""}]","[""02120500""]",[107673],,True,Codex evidence review,2026-09-23,"No same-year independent FSA full-ID record verifies the blank row. A directory name candidate alone is not an approved recovery. The archived official Federal School Codes lists FAFSA 010848 while contemporaneous HD reports OPEID 02120500, demonstrating that school-code padding is unsafe. Quapaw later merged into National Park; historical grant reporting identity needs full-ID corroboration.",113,234230.12,,,,,,,,,
grants_2001_1855,grants,2001-2002,AY2001-02Pell.xls,8090a9bde7c33319f4eef90a75d26a5e6ffe4768218c4e5eb0954d2222b259d1,AY 2001-2002,1855,,LOUISIANA TECHNICAL COLLEGE - SOWELA CAMPUS,LA,,https://studentaid.gov/sites/default/files/AY2001-02Pell.xls,unresolved,,insufficient_contemporaneous_full_id_corroboration,"[{""kind"":""unassigned_annual_hd_candidate"",""ipeds_year"":2001,""unitid"":160579,""opeid8"":""00548836"",""instnm"":""LOUISIANA TECHNICAL COLLEGE-SOWELA CAMPUS"",""state"":""LA"",""zip_code"":""70616"",""url"":""https://nces.ed.gov/ipeds/datacenter/data/FA2001HD.zip"",""sha256"":""b84854005d7e384991ce628a0110b856bca87085bc26b19cce9aad98583203f8"",""member"":""fa2001hd.csv""}]","[""00548836""]",[160579],,True,Codex evidence review,2026-09-23,No same-year independent FSA full-ID record verifies the blank row. A directory name candidate alone is not an approved recovery. HD changes from 00546700(1999/2000) to 00548836(2001/2002); the later independent college must not be carried backward.,498,1040588,,,,,,,,,
grants_2001_2411,grants,2001-2002,AY2001-02Pell.xls,8090a9bde7c33319f4eef90a75d26a5e6ffe4768218c4e5eb0954d2222b259d1,AY 2001-2002,2411,,NEI COLLEGE OF TECHNOLOGY,MN,,https://studentaid.gov/sites/default/files/AY2001-02Pell.xls,approved,00735300,same_year_fsa_full_id_plus_official_hd,"[{""kind"":""same_award_year_fsa_full_opeid"",""family"":""ffel"",""filename"":""FFEL_AwardYr_Summary_AY2001_2002_All.xls"",""url"":""https://studentaid.gov/sites/default/files/FFEL_AwardYr_Summary_AY2001_2002_All.xls"",""sha256"":""50bf90feb2ad42a0a80b7c1d458c3d760856fc4066df7d31deef39d5a2e27764"",""sheet"":""AY2001-2002"",""excel_row"":2231,""raw_opeid"":""00735300"",""opeid8"":""00735300"",""school"":""NEI COLLEGE OF TECHNOLOGY"",""state"":""MN"",""zip_code"":""554212974"",""award_year"":""2001-2002""},{""kind"":""same_year_official_ipeds_directory"",""ipeds_year"":2001,""unitid"":174516,""opeid8"":""00735300"",""instnm"":""NEI COLLEGE OF TECHNOLOGY"",""city"":""COLUMBIA HEIGHTS"",""state"":""MN"",""zip_code"":""554212974"",""act"":""A"",""cyactive"":""1"",""url"":""https://nces.ed.gov/ipeds/datacenter/data/FA2001HD.zip"",""sha256"":""b84854005d7e384991ce628a0110b856bca87085bc26b19cce9aad98583203f8"",""member"":""fa2001hd.csv""}]","[""00735300""]",[174516],0,False,Codex evidence review,2026-09-23,Recover the published grant row identity only; preserve all source measures and raw missing ID. The full OPEID is independently printed on a same-award-year FSA report and uniquely present in the annual HD with compatible institution/state/location; no grant row already has this key. No parent aid is copied or allocated.,256,386669.55,,,,,,,,,
grants_2001_2413,grants,2001-2002,AY2001-02Pell.xls,8090a9bde7c33319f4eef90a75d26a5e6ffe4768218c4e5eb0954d2222b259d1,AY 2001-2002,2413,,HERZING COLLEGE,MN,,https://studentaid.gov/sites/default/files/AY2001-02Pell.xls,unresolved,,same_name_existing_grant_row_collision,,"[""01101700""]",[],1,True,Codex evidence review,2026-09-23,"Same workbook already contains Herzing College,MN 01101700 with distinct Pell measures. Blank row lacks ZIP; assigning that ID would collapse distinct rows or double count. Require campus-specific historical evidence.",318,574860,,,,,,,,,
grants_2001_3929,grants,2001-2002,AY2001-02Pell.xls,8090a9bde7c33319f4eef90a75d26a5e6ffe4768218c4e5eb0954d2222b259d1,AY 2001-2002,3929,,UNIVERSITY OF PITTSBURGH - BRADFORD,PA,,https://studentaid.gov/sites/default/files/AY2001-02Pell.xls,approved,00338000,same_year_fsa_full_id_plus_official_hd,"[{""kind"":""same_award_year_fsa_full_opeid"",""family"":""ffel"",""filename"":""FFEL_AwardYr_Summary_AY2001_2002_All.xls"",""url"":""https://studentaid.gov/sites/default/files/FFEL_AwardYr_Summary_AY2001_2002_All.xls"",""sha256"":""50bf90feb2ad42a0a80b7c1d458c3d760856fc4066df7d31deef39d5a2e27764"",""sheet"":""AY2001-2002"",""excel_row"":3451,""raw_opeid"":""00338000"",""opeid8"":""00338000"",""school"":""UNIVERSITY OF PITTSBURGH - BRADFORD"",""state"":""PA"",""zip_code"":""167012898"",""award_year"":""2001-2002""},{""kind"":""same_year_official_ipeds_directory"",""ipeds_year"":2001,""unitid"":215266,""opeid8"":""00338000"",""instnm"":""UNIVERSITY OF PITTSBURGH-BRADFORD"",""city"":""BRADFORD"",""state"":""PA"",""zip_code"":""16701"",""act"":""A"",""cyactive"":""1"",""url"":""https://nces.ed.gov/ipeds/datacenter/data/FA2001HD.zip"",""sha256"":""b84854005d7e384991ce628a0110b856bca87085bc26b19cce9aad98583203f8"",""member"":""fa2001hd.csv""}]","[""00338000""]",[215266],0,True,Codex evidence review,2026-09-23,"Recover the published grant row identity only; preserve all source measures and raw missing ID. The full OPEID is independently printed on a same-award-year FSA report and uniquely present in the annual HD with compatible institution/state/location; no grant row already has this key. No parent aid is copied or allocated. The source grant report separately lists Pittsburgh main campus 00337900; candidate is the specifically named branch, and contemporaneous FFEL distinguishes all campuses. HD 2005 changes branch OPEIDs, so the recovery is confined to the recorded award year.",453,965837.06,,,,,,,,,
grants_2001_3930,grants,2001-2002,AY2001-02Pell.xls,8090a9bde7c33319f4eef90a75d26a5e6ffe4768218c4e5eb0954d2222b259d1,AY 2001-2002,3930,,UNIVERSITY OF PITTSBURGH - GREENSBURG,PA,,https://studentaid.gov/sites/default/files/AY2001-02Pell.xls,approved,00338100,same_year_fsa_full_id_plus_official_hd,"[{""kind"":""same_award_year_fsa_full_opeid"",""family"":""ffel"",""filename"":""FFEL_AwardYr_Summary_AY2001_2002_All.xls"",""url"":""https://studentaid.gov/sites/default/files/FFEL_AwardYr_Summary_AY2001_2002_All.xls"",""sha256"":""50bf90feb2ad42a0a80b7c1d458c3d760856fc4066df7d31deef39d5a2e27764"",""sheet"":""AY2001-2002"",""excel_row"":3452,""raw_opeid"":""00338100"",""opeid8"":""00338100"",""school"":""UNIVERSITY OF PITTSBURGH - GREENSBURG"",""state"":""PA"",""zip_code"":""156015898"",""award_year"":""2001-2002""},{""kind"":""same_year_official_ipeds_directory"",""ipeds_year"":2001,""unitid"":215275,""opeid8"":""00338100"",""instnm"":""UNIVERSITY OF PITTSBURGH-GREENSBURG"",""city"":""GREENSBURG"",""state"":""PA"",""zip_code"":""15601"",""act"":""A"",""cyactive"":""1"",""url"":""https://nces.ed.gov/ipeds/datacenter/data/FA2001HD.zip"",""sha256"":""b84854005d7e384991ce628a0110b856bca87085bc26b19cce9aad98583203f8"",""member"":""fa2001hd.csv""}]","[""00338100""]",[215275],0,True,Codex evidence review,2026-09-23,"Recover the published grant row identity only; preserve all source measures and raw missing ID. The full OPEID is independently printed on a same-award-year FSA report and uniquely present in the annual HD with compatible institution/state/location; no grant row already has this key. No parent aid is copied or allocated. The source grant report separately lists Pittsburgh main campus 00337900; candidate is the specifically named branch, and contemporaneous FFEL distinguishes all campuses. HD 2005 changes branch OPEIDs, so the recovery is confined to the recorded award year.",539,1175577,,,,,,,,,
grants_2001_3931,grants,2001-2002,AY2001-02Pell.xls,8090a9bde7c33319f4eef90a75d26a5e6ffe4768218c4e5eb0954d2222b259d1,AY 2001-2002,3931,,UNIVERSITY OF PITTSBURGH AT JOHNSTOWN,PA,,https://studentaid.gov/sites/default/files/AY2001-02Pell.xls,approved,00338200,same_year_fsa_full_id_plus_official_hd,"[{""kind"":""same_award_year_fsa_full_opeid"",""family"":""ffel"",""filename"":""FFEL_AwardYr_Summary_AY2001_2002_All.xls"",""url"":""https://studentaid.gov/sites/default/files/FFEL_AwardYr_Summary_AY2001_2002_All.xls"",""sha256"":""50bf90feb2ad42a0a80b7c1d458c3d760856fc4066df7d31deef39d5a2e27764"",""sheet"":""AY2001-2002"",""excel_row"":3453,""raw_opeid"":""00338200"",""opeid8"":""00338200"",""school"":""UNIVERSITY OF PITTSBURGH AT JOHNSTOWN"",""state"":""PA"",""zip_code"":""159042990"",""award_year"":""2001-2002""},{""kind"":""same_year_official_ipeds_directory"",""ipeds_year"":2001,""unitid"":215284,""opeid8"":""00338200"",""instnm"":""UNIVERSITY OF PITTSBURGH-JOHNSTOWN"",""city"":""JOHNSTOWN"",""state"":""PA"",""zip_code"":""15904"",""act"":""A"",""cyactive"":""1"",""url"":""https://nces.ed.gov/ipeds/datacenter/data/FA2001HD.zip"",""sha256"":""b84854005d7e384991ce628a0110b856bca87085bc26b19cce9aad98583203f8"",""member"":""fa2001hd.csv""}]","[""00338200""]",[215284],0,True,Codex evidence review,2026-09-23,"Recover the published grant row identity only; preserve all source measures and raw missing ID. The full OPEID is independently printed on a same-award-year FSA report and uniquely present in the annual HD with compatible institution/state/location; no grant row already has this key. No parent aid is copied or allocated. The source grant report separately lists Pittsburgh main campus 00337900; candidate is the specifically named branch, and contemporaneous FFEL distinguishes all campuses. HD 2005 changes branch OPEIDs, so the recovery is confined to the recorded award year.",921,1947103,,,,,,,,,
grants_2001_3932,grants,2001-2002,AY2001-02Pell.xls,8090a9bde7c33319f4eef90a75d26a5e6ffe4768218c4e5eb0954d2222b259d1,AY 2001-2002,3932,,UNIVERSITY OF PITTSBURGH AT TITUSVILLE,PA,,https://studentaid.gov/sites/default/files/AY2001-02Pell.xls,approved,00338300,same_year_fsa_full_id_plus_official_hd,"[{""kind"":""same_award_year_fsa_full_opeid"",""family"":""ffel"",""filename"":""FFEL_AwardYr_Summary_AY2001_2002_All.xls"",""url"":""https://studentaid.gov/sites/default/files/FFEL_AwardYr_Summary_AY2001_2002_All.xls"",""sha256"":""50bf90feb2ad42a0a80b7c1d458c3d760856fc4066df7d31deef39d5a2e27764"",""sheet"":""AY2001-2002"",""excel_row"":3454,""raw_opeid"":""00338300"",""opeid8"":""00338300"",""school"":""UNIVERSITY OF PITTSBURGH AT TITUSVILLE"",""state"":""PA"",""zip_code"":""163542010"",""award_year"":""2001-2002""},{""kind"":""same_year_official_ipeds_directory"",""ipeds_year"":2001,""unitid"":215309,""opeid8"":""00338300"",""instnm"":""UNIVERSITY OF PITTSBURGH-TITUSVILLE"",""city"":""TITUSVILLE"",""state"":""PA"",""zip_code"":""16354"",""act"":""A"",""cyactive"":""1"",""url"":""https://nces.ed.gov/ipeds/datacenter/data/FA2001HD.zip"",""sha256"":""b84854005d7e384991ce628a0110b856bca87085bc26b19cce9aad98583203f8"",""member"":""fa2001hd.csv""}]","[""00338300""]",[215309],0,True,Codex evidence review,2026-09-23,"Recover the published grant row identity only; preserve all source measures and raw missing ID. The full OPEID is independently printed on a same-award-year FSA report and uniquely present in the annual HD with compatible institution/state/location; no grant row already has this key. No parent aid is copied or allocated. The source grant report separately lists Pittsburgh main campus 00337900; candidate is the specifically named branch, and contemporaneous FFEL distinguishes all campuses. HD 2005 changes branch OPEIDs, so the recovery is confined to the recorded award year.",236,512989.24,,,,,,,,,
grants_2002_114,grants,2002-2003,AY2002-03Pell.xls,25a15d91f18a10725d1f79f019071c045827f8ae018346ca6ab17ba689ed72e6,AY 2002-2003,114,,FOOTHILLS TECHNICAL INSTITUTE,AR,,https://studentaid.gov/sites/default/files/AY2002-03Pell.xls,unresolved,,insufficient_contemporaneous_full_id_corroboration,"[{""kind"":""unassigned_annual_hd_candidate"",""ipeds_year"":2002,""unitid"":106935,""opeid8"":""00531900"",""instnm"":""FOOTHILLS TECHNICAL INSTITUTE"",""state"":""AR"",""zip_code"":""72143"",""url"":""https://nces.ed.gov/ipeds/datacenter/data/HD2002.zip"",""sha256"":""92c59fbfc243f6afd1420f2fcb7ddac2b227f699672434da5f626f7736080c16"",""member"":""hd2002.csv""}]","[""00531900""]",[106935],,True,Codex evidence review,2026-09-23,"No same-year independent FSA full-ID record verifies the blank row. A directory name candidate alone is not an approved recovery. Official Federal School Codes confirms FAFSA 005319, but a FAFSA code is not a full OPEID and no full-ID source corroboration was found. Avoid substituting the later merged Arkansas State Beebe reporting unit.",216,493255.7,,,,,,,,,
grants_2002_120,grants,2002-2003,AY2002-03Pell.xls,25a15d91f18a10725d1f79f019071c045827f8ae018346ca6ab17ba689ed72e6,AY 2002-2003,120,,QUAPAW TECHNICAL INSTITUTE,AR,,https://studentaid.gov/sites/default/files/AY2002-03Pell.xls,unresolved,,insufficient_contemporaneous_full_id_corroboration,"[{""kind"":""unassigned_annual_hd_candidate"",""ipeds_year"":2002,""unitid"":107673,""opeid8"":""02120500"",""instnm"":""QUAPAW TECHNICAL INSTITUTE"",""state"":""AR"",""zip_code"":""71913"",""url"":""https://nces.ed.gov/ipeds/datacenter/data/HD2002.zip"",""sha256"":""92c59fbfc243f6afd1420f2fcb7ddac2b227f699672434da5f626f7736080c16"",""member"":""hd2002.csv""}]","[""02120500""]",[107673],,True,Codex evidence review,2026-09-23,"No same-year independent FSA full-ID record verifies the blank row. A directory name candidate alone is not an approved recovery. The archived official Federal School Codes lists FAFSA 010848 while contemporaneous HD reports OPEID 02120500, demonstrating that school-code padding is unsafe. Quapaw later merged into National Park; historical grant reporting identity needs full-ID corroboration.",155,345156.47,,,,,,,,,
grants_2002_1717,grants,2002-2003,AY2002-03Pell.xls,25a15d91f18a10725d1f79f019071c045827f8ae018346ca6ab17ba689ed72e6,AY 2002-2003,1717,,SOUTHWEST KANSAS TECHNICAL SCHOOL,KS,,https://studentaid.gov/sites/default/files/AY2002-03Pell.xls,approved,00817200,same_year_fsa_full_id_plus_official_hd,"[{""kind"":""same_award_year_fsa_full_opeid"",""family"":""campus_based"",""filename"":""CBDashboard0203.xls"",""url"":""https://studentaid.gov/sites/default/files/CBDashboard0203.xls"",""sha256"":""75b6440352062d875589116d5d66b8d0a89a173b04a3bcab02c343f36a4d6fe6"",""sheet"":""AY2002-03"",""excel_row"":1459,""raw_opeid"":""00817200"",""opeid8"":""00817200"",""school"":""Southwest Kansas Technical School"",""state"":""KS"",""zip_code"":""679051599"",""award_year"":""2002-2003""},{""kind"":""same_year_official_ipeds_directory"",""ipeds_year"":2002,""unitid"":155478,""opeid8"":""00817200"",""instnm"":""SOUTHWEST KANSAS TECHNICAL SCHOOL"",""city"":""LIBERAL"",""state"":""KS"",""zip_code"":""67901-1599"",""act"":""A"",""cyactive"":""1"",""url"":""https://nces.ed.gov/ipeds/datacenter/data/HD2002.zip"",""sha256"":""92c59fbfc243f6afd1420f2fcb7ddac2b227f699672434da5f626f7736080c16"",""member"":""hd2002.csv""}]","[""00817200""]",[155478],0,False,Codex evidence review,2026-09-23,"Recover the published grant row identity only; preserve all source measures and raw missing ID. The full OPEID is independently printed on a same-award-year FSA report and uniquely present in the annual HD with compatible institution/state/location; no grant row already has this key. No parent aid is copied or allocated. FSA Campus-Based and HD ZIP 5 differ 67905/67901 in some years; name,state and full ID corroborate identity, while address discrepancy remains visible. Grant workbook has no ZIP.",88,232035.39,,,,,,,,,
grants_2002_1838,grants,2002-2003,AY2002-03Pell.xls,25a15d91f18a10725d1f79f019071c045827f8ae018346ca6ab17ba689ed72e6,AY 2002-2003,1838,,LOUISIANA TECHNICAL COLLEGE - SOWELA CAMPUS,LA,,https://studentaid.gov/sites/default/files/AY2002-03Pell.xls,unresolved,,insufficient_contemporaneous_full_id_corroboration,"[{""kind"":""unassigned_annual_hd_candidate"",""ipeds_year"":2002,""unitid"":160579,""opeid8"":""00548836"",""instnm"":""LOUISIANA TECHNICAL COLLEGE-SOWELA CAMPUS"",""state"":""LA"",""zip_code"":""70616"",""url"":""https://nces.ed.gov/ipeds/datacenter/data/HD2002.zip"",""sha256"":""92c59fbfc243f6afd1420f2fcb7ddac2b227f699672434da5f626f7736080c16"",""member"":""hd2002.csv""}]","[""00548836""]",[160579],,True,Codex evidence review,2026-09-23,No same-year independent FSA full-ID record verifies the blank row. A directory name candidate alone is not an approved recovery. HD changes from 00546700(1999/2000) to 00548836(2001/2002); the later independent college must not be carried backward.,459,1103333,,,,,,,,,
grants_2002_2397,grants,2002-2003,AY2002-03Pell.xls,25a15d91f18a10725d1f79f019071c045827f8ae018346ca6ab17ba689ed72e6,AY 2002-2003,2397,,NEI COLLEGE OF TECHNOLOGY,MN,,https://studentaid.gov/sites/default/files/AY2002-03Pell.xls,approved,00735300,same_year_fsa_full_id_plus_official_hd,"[{""kind"":""same_award_year_fsa_full_opeid"",""family"":""campus_based"",""filename"":""CBDashboard0203.xls"",""url"":""https://studentaid.gov/sites/default/files/CBDashboard0203.xls"",""sha256"":""75b6440352062d875589116d5d66b8d0a89a173b04a3bcab02c343f36a4d6fe6"",""sheet"":""AY2002-03"",""excel_row"":1968,""raw_opeid"":""00735300"",""opeid8"":""00735300"",""school"":""NEI College of Technology"",""state"":""MN"",""zip_code"":""554212974"",""award_year"":""2002-2003""},{""kind"":""same_award_year_fsa_full_opeid"",""family"":""ffel"",""filename"":""FFEL_AwardYr_Summary_AY2002_2003_All.xls"",""url"":""https://studentaid.gov/sites/default/files/FFEL_AwardYr_Summary_AY2002_2003_All.xls"",""sha256"":""0b9e6534381294f8d89a5f85343cecb50af5d27c1ce2abc2ab596ed2e097ca06"",""sheet"":""AY2002-2003"",""excel_row"":2257,""raw_opeid"":""00735300"",""opeid8"":""00735300"",""school"":""NEI COLLEGE OF TECHNOLOGY"",""state"":""MN"",""zip_code"":""554212974"",""award_year"":""2002-2003""},{""kind"":""same_year_official_ipeds_directory"",""ipeds_year"":2002,""unitid"":174516,""opeid8"":""00735300"",""instnm"":""NEI COLLEGE OF TECHNOLOGY"",""city"":""COLUMBIA HEIGHTS"",""state"":""MN"",""zip_code"":""55421-2974"",""act"":""A"",""cyactive"":""1"",""url"":""https://nces.ed.gov/ipeds/datacenter/data/HD2002.zip"",""sha256"":""92c59fbfc243f6afd1420f2fcb7ddac2b227f699672434da5f626f7736080c16"",""member"":""hd2002.csv""}]","[""00735300""]",[174516],0,False,Codex evidence review,2026-09-23,Recover the published grant row identity only; preserve all source measures and raw missing ID. The full OPEID is independently printed on a same-award-year FSA report and uniquely present in the annual HD with compatible institution/state/location; no grant row already has this key. No parent aid is copied or allocated.,285,537558.82,,,,,,,,,
grants_2002_3922,grants,2002-2003,AY2002-03Pell.xls,25a15d91f18a10725d1f79f019071c045827f8ae018346ca6ab17ba689ed72e6,AY 2002-2003,3922,,UNIVERSITY OF PITTSBURGH - BRADFORD,PA,,https://studentaid.gov/sites/default/files/AY2002-03Pell.xls,approved,00338000,same_year_fsa_full_id_plus_official_hd,"[{""kind"":""same_award_year_fsa_full_opeid"",""family"":""ffel"",""filename"":""FFEL_AwardYr_Summary_AY2002_2003_All.xls"",""url"":""https://studentaid.gov/sites/default/files/FFEL_AwardYr_Summary_AY2002_2003_All.xls"",""sha256"":""0b9e6534381294f8d89a5f85343cecb50af5d27c1ce2abc2ab596ed2e097ca06"",""sheet"":""AY2002-2003"",""excel_row"":3484,""raw_opeid"":""00338000"",""opeid8"":""00338000"",""school"":""UNIVERSITY OF PITTSBURGH - BRADFORD"",""state"":""PA"",""zip_code"":""167012898"",""award_year"":""2002-2003""},{""kind"":""same_year_official_ipeds_directory"",""ipeds_year"":2002,""unitid"":215266,""opeid8"":""00338000"",""instnm"":""UNIVERSITY OF PITTSBURGH-BRADFORD"",""city"":""BRADFORD"",""state"":""PA"",""zip_code"":""16701"",""act"":""A"",""cyactive"":""1"",""url"":""https://nces.ed.gov/ipeds/datacenter/data/HD2002.zip"",""sha256"":""92c59fbfc243f6afd1420f2fcb7ddac2b227f699672434da5f626f7736080c16"",""member"":""hd2002.csv""}]","[""00338000""]",[215266],0,True,Codex evidence review,2026-09-23,"Recover the published grant row identity only; preserve all source measures and raw missing ID. The full OPEID is independently printed on a same-award-year FSA report and uniquely present in the annual HD with compatible institution/state/location; no grant row already has this key. No parent aid is copied or allocated. The source grant report separately lists Pittsburgh main campus 00337900; candidate is the specifically named branch, and contemporaneous FFEL distinguishes all campuses. HD 2005 changes branch OPEIDs, so the recovery is confined to the recorded award year.",461,1102002.94,,,,,,,,,
grants_2002_3923,grants,2002-2003,AY2002-03Pell.xls,25a15d91f18a10725d1f79f019071c045827f8ae018346ca6ab17ba689ed72e6,AY 2002-2003,3923,,UNIVERSITY OF PITTSBURGH - GREENSBURG,PA,,https://studentaid.gov/sites/default/files/AY2002-03Pell.xls,approved,00338100,same_year_fsa_full_id_plus_official_hd,"[{""kind"":""same_award_year_fsa_full_opeid"",""family"":""ffel"",""filename"":""FFEL_AwardYr_Summary_AY2002_2003_All.xls"",""url"":""https://studentaid.gov/sites/default/files/FFEL_AwardYr_Summary_AY2002_2003_All.xls"",""sha256"":""0b9e6534381294f8d89a5f85343cecb50af5d27c1ce2abc2ab596ed2e097ca06"",""sheet"":""AY2002-2003"",""excel_row"":3485,""raw_opeid"":""00338100"",""opeid8"":""00338100"",""school"":""UNIVERSITY OF PITTSBURGH - GREENSBURG"",""state"":""PA"",""zip_code"":""156015898"",""award_year"":""2002-2003""},{""kind"":""same_year_official_ipeds_directory"",""ipeds_year"":2002,""unitid"":215275,""opeid8"":""00338100"",""instnm"":""UNIVERSITY OF PITTSBURGH-GREENSBURG"",""city"":""GREENSBURG"",""state"":""PA"",""zip_code"":""15601"",""act"":""A"",""cyactive"":""1"",""url"":""https://nces.ed.gov/ipeds/datacenter/data/HD2002.zip"",""sha256"":""92c59fbfc243f6afd1420f2fcb7ddac2b227f699672434da5f626f7736080c16"",""member"":""hd2002.csv""}]","[""00338100""]",[215275],0,True,Codex evidence review,2026-09-23,"Recover the published grant row identity only; preserve all source measures and raw missing ID. The full OPEID is independently printed on a same-award-year FSA report and uniquely present in the annual HD with compatible institution/state/location; no grant row already has this key. No parent aid is copied or allocated. The source grant report separately lists Pittsburgh main campus 00337900; candidate is the specifically named branch, and contemporaneous FFEL distinguishes all campuses. HD 2005 changes branch OPEIDs, so the recovery is confined to the recorded award year.",572,1296384,,,,,,,,,
grants_2002_3924,grants,2002-2003,AY2002-03Pell.xls,25a15d91f18a10725d1f79f019071c045827f8ae018346ca6ab17ba689ed72e6,AY 2002-2003,3924,,UNIVERSITY OF PITTSBURGH AT JOHNSTOWN,PA,,https://studentaid.gov/sites/default/files/AY2002-03Pell.xls,approved,00338200,same_year_fsa_full_id_plus_official_hd,"[{""kind"":""same_award_year_fsa_full_opeid"",""family"":""ffel"",""filename"":""FFEL_AwardYr_Summary_AY2002_2003_All.xls"",""url"":""https://studentaid.gov/sites/default/files/FFEL_AwardYr_Summary_AY2002_2003_All.xls"",""sha256"":""0b9e6534381294f8d89a5f85343cecb50af5d27c1ce2abc2ab596ed2e097ca06"",""sheet"":""AY2002-2003"",""excel_row"":3486,""raw_opeid"":""00338200"",""opeid8"":""00338200"",""school"":""UNIVERSITY OF PITTSBURGH AT JOHNSTOWN"",""state"":""PA"",""zip_code"":""159042990"",""award_year"":""2002-2003""},{""kind"":""same_year_official_ipeds_directory"",""ipeds_year"":2002,""unitid"":215284,""opeid8"":""00338200"",""instnm"":""UNIVERSITY OF PITTSBURGH-JOHNSTOWN"",""city"":""JOHNSTOWN"",""state"":""PA"",""zip_code"":""15904"",""act"":""A"",""cyactive"":""1"",""url"":""https://nces.ed.gov/ipeds/datacenter/data/HD2002.zip"",""sha256"":""92c59fbfc243f6afd1420f2fcb7ddac2b227f699672434da5f626f7736080c16"",""member"":""hd2002.csv""}]","[""00338200""]",[215284],0,True,Codex evidence review,2026-09-23,"Recover the published grant row identity only; preserve all source measures and raw missing ID. The full OPEID is independently printed on a same-award-year FSA report and uniquely present in the annual HD with compatible institution/state/location; no grant row already has this key. No parent aid is copied or allocated. The source grant report separately lists Pittsburgh main campus 00337900; candidate is the specifically named branch, and contemporaneous FFEL distinguishes all campuses. HD 2005 changes branch OPEIDs, so the recovery is confined to the recorded award year.",907,2006555,,,,,,,,,
grants_2002_3925,grants,2002-2003,AY2002-03Pell.xls,25a15d91f18a10725d1f79f019071c045827f8ae018346ca6ab17ba689ed72e6,AY 2002-2003,3925,,UNIVERSITY OF PITTSBURGH AT TITUSVILLE,PA,,https://studentaid.gov/sites/default/files/AY2002-03Pell.xls,approved,00338300,same_year_fsa_full_id_plus_official_hd,"[{""kind"":""same_award_year_fsa_full_opeid"",""family"":""ffel"",""filename"":""FFEL_AwardYr_Summary_AY2002_2003_All.xls"",""url"":""https://studentaid.gov/sites/default/files/FFEL_AwardYr_Summary_AY2002_2003_All.xls"",""sha256"":""0b9e6534381294f8d89a5f85343cecb50af5d27c1ce2abc2ab596ed2e097ca06"",""sheet"":""AY2002-2003"",""excel_row"":3487,""raw_opeid"":""00338300"",""opeid8"":""00338300"",""school"":""UNIVERSITY OF PITTSBURGH AT TITUSVILLE"",""state"":""PA"",""zip_code"":""163542010"",""award_year"":""2002-2003""},{""kind"":""same_year_official_ipeds_directory"",""ipeds_year"":2002,""unitid"":215309,""opeid8"":""00338300"",""instnm"":""UNIVERSITY OF PITTSBURGH-TITUSVILLE"",""city"":""TITUSVILLE"",""state"":""PA"",""zip_code"":""16354"",""act"":""A"",""cyactive"":""1"",""url"":""https://nces.ed.gov/ipeds/datacenter/data/HD2002.zip"",""sha256"":""92c59fbfc243f6afd1420f2fcb7ddac2b227f699672434da5f626f7736080c16"",""member"":""hd2002.csv""}]","[""00338300""]",[215309],0,True,Codex evidence review,2026-09-23,"Recover the published grant row identity only; preserve all source measures and raw missing ID. The full OPEID is independently printed on a same-award-year FSA report and uniquely present in the annual HD with compatible institution/state/location; no grant row already has this key. No parent aid is copied or allocated. The source grant report separately lists Pittsburgh main campus 00337900; candidate is the specifically named branch, and contemporaneous FFEL distinguishes all campuses. HD 2005 changes branch OPEIDs, so the recovery is confined to the recorded award year.",252,536244.05,,,,,,,,,
grants_2003_1718,grants,2003-2004,AY2003-04Pell.xls,7c771bba4ebff62fab8431a956ca0335bdd280e0dde68c2bb76ad84857bbd761,AY 2003-2004,1718,,SOUTHWEST KANSAS TECHNICAL SCHOOL,KS,,https://studentaid.gov/sites/default/files/AY2003-04Pell.xls,approved,00817200,same_year_fsa_full_id_plus_official_hd,"[{""kind"":""same_award_year_fsa_full_opeid"",""family"":""campus_based"",""filename"":""CBDashboard0304.xls"",""url"":""https://studentaid.gov/sites/default/files/CBDashboard0304.xls"",""sha256"":""8338d404f1308387d2f24ab77bd6e2e4509dd2574d4e1a4c421ab83c276947b1"",""sheet"":""AY2003-04"",""excel_row"":1467,""raw_opeid"":""00817200"",""opeid8"":""00817200"",""school"":""Southwest Kansas Technical School"",""state"":""KS"",""zip_code"":""679051599"",""award_year"":""2003-2004""},{""kind"":""same_year_official_ipeds_directory"",""ipeds_year"":2003,""unitid"":155478,""opeid8"":""00817200"",""instnm"":""SOUTHWEST KANSAS TECHNICAL SCHOOL"",""city"":""LIBERAL"",""state"":""KS"",""zip_code"":""67905-1599"",""act"":""A"",""cyactive"":""1"",""url"":""https://nces.ed.gov/ipeds/datacenter/data/HD2003.zip"",""sha256"":""1448f42f112f8127c1d003caec8d983317c433c0e98d636ae1b5f19c7880f349"",""member"":""hd2003.csv""}]","[""00817200""]",[155478],0,False,Codex evidence review,2026-09-23,"Recover the published grant row identity only; preserve all source measures and raw missing ID. The full OPEID is independently printed on a same-award-year FSA report and uniquely present in the annual HD with compatible institution/state/location; no grant row already has this key. No parent aid is copied or allocated. FSA Campus-Based and HD ZIP 5 differ 67905/67901 in some years; name,state and full ID corroborate identity, while address discrepancy remains visible. Grant workbook has no ZIP.",81,214819.66,,,,,,,,,
grants_2003_1837,grants,2003-2004,AY2003-04Pell.xls,7c771bba4ebff62fab8431a956ca0335bdd280e0dde68c2bb76ad84857bbd761,AY 2003-2004,1837,,LOUISIANA TECHNICAL COLLEGE - SOWELA CAMPUS,LA,,https://studentaid.gov/sites/default/files/AY2003-04Pell.xls,unresolved,,insufficient_contemporaneous_full_id_corroboration,,[],[],,True,Codex evidence review,2026-09-23,No same-year independent FSA full-ID record verifies the blank row. A directory name candidate alone is not an approved recovery. HD changes from 00546700(1999/2000) to 00548836(2001/2002); the later independent college must not be carried backward.,490,1185469,,,,,,,,,
grants_2003_2394,grants,2003-2004,AY2003-04Pell.xls,7c771bba4ebff62fab8431a956ca0335bdd280e0dde68c2bb76ad84857bbd761,AY 2003-2004,2394,,NEI COLLEGE OF TECHNOLOGY,MN,,https://studentaid.gov/sites/default/files/AY2003-04Pell.xls,approved,00735300,same_year_fsa_full_id_plus_official_hd,"[{""kind"":""same_award_year_fsa_full_opeid"",""family"":""campus_based"",""filename"":""CBDashboard0304.xls"",""url"":""https://studentaid.gov/sites/default/files/CBDashboard0304.xls"",""sha256"":""8338d404f1308387d2f24ab77bd6e2e4509dd2574d4e1a4c421ab83c276947b1"",""sheet"":""AY2003-04"",""excel_row"":1988,""raw_opeid"":""00735300"",""opeid8"":""00735300"",""school"":""NEI College of Technology"",""state"":""MN"",""zip_code"":""554212974"",""award_year"":""2003-2004""},{""kind"":""same_award_year_fsa_full_opeid"",""family"":""ffel"",""filename"":""FFEL_AwardYr_Summary_AY2003_2004_All.xls"",""url"":""https://studentaid.gov/sites/default/files/FFEL_AwardYr_Summary_AY2003_2004_All.xls"",""sha256"":""9dbc3220cb83fa881818e39fe522f05f8b93dcea3c6ae82cdd8ebe3715c4e88a"",""sheet"":""AY2003-2004"",""excel_row"":2291,""raw_opeid"":""00735300"",""opeid8"":""00735300"",""school"":""NEI COLLEGE OF TECHNOLOGY"",""state"":""MN"",""zip_code"":""554212974"",""award_year"":""2003-2004""},{""kind"":""same_year_official_ipeds_directory"",""ipeds_year"":2003,""unitid"":174516,""opeid8"":""00735300"",""instnm"":""NEI CENTER AT DUNWOODY COLLEGE OF TECHNOLOGY"",""city"":""COLUMBIA HEIGHTS"",""state"":""MN"",""zip_code"":""55421-2974"",""act"":""M"",""cyactive"":""1"",""url"":""https://nces.ed.gov/ipeds/datacenter/data/HD2003.zip"",""sha256"":""1448f42f112f8127c1d003caec8d983317c433c0e98d636ae1b5f19c7880f349"",""member"":""hd2003.csv""}]","[""00735300""]",[174516],0,True,Codex evidence review,2026-09-23,Recover the published grant row identity only; preserve all source measures and raw missing ID. The full OPEID is independently printed on a same-award-year FSA report and uniquely present in the annual HD with compatible institution/state/location; no grant row already has this key. No parent aid is copied or allocated. HD 2003 names NEI Center at Dunwoody with ACT=M. Identity remains 00735300; do not treat this as stable institutional scope or force a UNITID tag. Dunwoody official history corroborates the 2003 merger: https://dunwoody.edu/about/about-us/history/.,196,403706.97,,,,,,,,,
grants_2003_3927,grants,2003-2004,AY2003-04Pell.xls,7c771bba4ebff62fab8431a956ca0335bdd280e0dde68c2bb76ad84857bbd761,AY 2003-2004,3927,,UNIVERSITY OF PITTSBURGH - BRADFORD,PA,,https://studentaid.gov/sites/default/files/AY2003-04Pell.xls,approved,00338000,same_year_fsa_full_id_plus_official_hd,"[{""kind"":""same_award_year_fsa_full_opeid"",""family"":""ffel"",""filename"":""FFEL_AwardYr_Summary_AY2003_2004_All.xls"",""url"":""https://studentaid.gov/sites/default/files/FFEL_AwardYr_Summary_AY2003_2004_All.xls"",""sha256"":""9dbc3220cb83fa881818e39fe522f05f8b93dcea3c6ae82cdd8ebe3715c4e88a"",""sheet"":""AY2003-2004"",""excel_row"":3514,""raw_opeid"":""00338000"",""opeid8"":""00338000"",""school"":""UNIVERSITY OF PITTSBURGH - BRADFORD"",""state"":""PA"",""zip_code"":""167012898"",""award_year"":""2003-2004""},{""kind"":""same_year_official_ipeds_directory"",""ipeds_year"":2003,""unitid"":215266,""opeid8"":""00338000"",""instnm"":""UNIVERSITY OF PITTSBURGH-BRADFORD"",""city"":""BRADFORD"",""state"":""PA"",""zip_code"":""16701"",""act"":""A"",""cyactive"":""1"",""url"":""https://nces.ed.gov/ipeds/datacenter/data/HD2003.zip"",""sha256"":""1448f42f112f8127c1d003caec8d983317c433c0e98d636ae1b5f19c7880f349"",""member"":""hd2003.csv""}]","[""00338000""]",[215266],0,True,Codex evidence review,2026-09-23,"Recover the published grant row identity only; preserve all source measures and raw missing ID. The full OPEID is independently printed on a same-award-year FSA report and uniquely present in the annual HD with compatible institution/state/location; no grant row already has this key. No parent aid is copied or allocated. The source grant report separately lists Pittsburgh main campus 00337900; candidate is the specifically named branch, and contemporaneous FFEL distinguishes all campuses. HD 2005 changes branch OPEIDs, so the recovery is confined to the recorded award year.",493,1125706.93,,,,,,,,,
grants_2003_3928,grants,2003-2004,AY2003-04Pell.xls,7c771bba4ebff62fab8431a956ca0335bdd280e0dde68c2bb76ad84857bbd761,AY 2003-2004,3928,,UNIVERSITY OF PITTSBURGH - GREENSBURG,PA,,https://studentaid.gov/sites/default/files/AY2003-04Pell.xls,approved,00338100,same_year_fsa_full_id_plus_official_hd,"[{""kind"":""same_award_year_fsa_full_opeid"",""family"":""ffel"",""filename"":""FFEL_AwardYr_Summary_AY2003_2004_All.xls"",""url"":""https://studentaid.gov/sites/default/files/FFEL_AwardYr_Summary_AY2003_2004_All.xls"",""sha256"":""9dbc3220cb83fa881818e39fe522f05f8b93dcea3c6ae82cdd8ebe3715c4e88a"",""sheet"":""AY2003-2004"",""excel_row"":3515,""raw_opeid"":""00338100"",""opeid8"":""00338100"",""school"":""UNIVERSITY OF PITTSBURGH - GREENSBURG"",""state"":""PA"",""zip_code"":""156015898"",""award_year"":""2003-2004""},{""kind"":""same_year_official_ipeds_directory"",""ipeds_year"":2003,""unitid"":215275,""opeid8"":""00338100"",""instnm"":""UNIVERSITY OF PITTSBURGH-GREENSBURG"",""city"":""GREENSBURG"",""state"":""PA"",""zip_code"":""15601"",""act"":""A"",""cyactive"":""1"",""url"":""https://nces.ed.gov/ipeds/datacenter/data/HD2003.zip"",""sha256"":""1448f42f112f8127c1d003caec8d983317c433c0e98d636ae1b5f19c7880f349"",""member"":""hd2003.csv""}]","[""00338100""]",[215275],0,True,Codex evidence review,2026-09-23,"Recover the published grant row identity only; preserve all source measures and raw missing ID. The full OPEID is independently printed on a same-award-year FSA report and uniquely present in the annual HD with compatible institution/state/location; no grant row already has this key. No parent aid is copied or allocated. The source grant report separately lists Pittsburgh main campus 00337900; candidate is the specifically named branch, and contemporaneous FFEL distinguishes all campuses. HD 2005 changes branch OPEIDs, so the recovery is confined to the recorded award year.",564,1303610,,,,,,,,,
grants_2003_3929,grants,2003-2004,AY2003-04Pell.xls,7c771bba4ebff62fab8431a956ca0335bdd280e0dde68c2bb76ad84857bbd761,AY 2003-2004,3929,,UNIVERSITY OF PITTSBURGH AT JOHNSTOWN,PA,,https://studentaid.gov/sites/default/files/AY2003-04Pell.xls,approved,00338200,same_year_fsa_full_id_plus_official_hd,"[{""kind"":""same_award_year_fsa_full_opeid"",""family"":""ffel"",""filename"":""FFEL_AwardYr_Summary_AY2003_2004_All.xls"",""url"":""https://studentaid.gov/sites/default/files/FFEL_AwardYr_Summary_AY2003_2004_All.xls"",""sha256"":""9dbc3220cb83fa881818e39fe522f05f8b93dcea3c6ae82cdd8ebe3715c4e88a"",""sheet"":""AY2003-2004"",""excel_row"":3516,""raw_opeid"":""00338200"",""opeid8"":""00338200"",""school"":""UNIVERSITY OF PITTSBURGH AT JOHNSTOWN"",""state"":""PA"",""zip_code"":""159042990"",""award_year"":""2003-2004""},{""kind"":""same_year_official_ipeds_directory"",""ipeds_year"":2003,""unitid"":215284,""opeid8"":""00338200"",""instnm"":""UNIVERSITY OF PITTSBURGH-JOHNSTOWN"",""city"":""JOHNSTOWN"",""state"":""PA"",""zip_code"":""15904"",""act"":""A"",""cyactive"":""1"",""url"":""https://nces.ed.gov/ipeds/datacenter/data/HD2003.zip"",""sha256"":""1448f42f112f8127c1d003caec8d983317c433c0e98d636ae1b5f19c7880f349"",""member"":""hd2003.csv""}]","[""00338200""]",[215284],0,True,Codex evidence review,2026-09-23,"Recover the published grant row identity only; preserve all source measures and raw missing ID. The full OPEID is independently printed on a same-award-year FSA report and uniquely present in the annual HD with compatible institution/state/location; no grant row already has this key. No parent aid is copied or allocated. The source grant report separately lists Pittsburgh main campus 00337900; candidate is the specifically named branch, and contemporaneous FFEL distinguishes all campuses. HD 2005 changes branch OPEIDs, so the recovery is confined to the recorded award year.",954,2062899,,,,,,,,,
grants_2003_3930,grants,2003-2004,AY2003-04Pell.xls,7c771bba4ebff62fab8431a956ca0335bdd280e0dde68c2bb76ad84857bbd761,AY 2003-2004,3930,,UNIVERSITY OF PITTSBURGH AT TITUSVILLE,PA,,https://studentaid.gov/sites/default/files/AY2003-04Pell.xls,approved,00338300,same_year_fsa_full_id_plus_official_hd,"[{""kind"":""same_award_year_fsa_full_opeid"",""family"":""ffel"",""filename"":""FFEL_AwardYr_Summary_AY2003_2004_All.xls"",""url"":""https://studentaid.gov/sites/default/files/FFEL_AwardYr_Summary_AY2003_2004_All.xls"",""sha256"":""9dbc3220cb83fa881818e39fe522f05f8b93dcea3c6ae82cdd8ebe3715c4e88a"",""sheet"":""AY2003-2004"",""excel_row"":3517,""raw_opeid"":""00338300"",""opeid8"":""00338300"",""school"":""UNIVERSITY OF PITTSBURGH AT TITUSVILLE"",""state"":""PA"",""zip_code"":""163542010"",""award_year"":""2003-2004""},{""kind"":""same_year_official_ipeds_directory"",""ipeds_year"":2003,""unitid"":215309,""opeid8"":""00338300"",""instnm"":""UNIVERSITY OF PITTSBURGH-TITUSVILLE"",""city"":""TITUSVILLE"",""state"":""PA"",""zip_code"":""16354"",""act"":""A"",""cyactive"":""1"",""url"":""https://nces.ed.gov/ipeds/datacenter/data/HD2003.zip"",""sha256"":""1448f42f112f8127c1d003caec8d983317c433c0e98d636ae1b5f19c7880f349"",""member"":""hd2003.csv""}]","[""00338300""]",[215309],0,True,Codex evidence review,2026-09-23,"Recover the published grant row identity only; preserve all source measures and raw missing ID. The full OPEID is independently printed on a same-award-year FSA report and uniquely present in the annual HD with compatible institution/state/location; no grant row already has this key. No parent aid is copied or allocated. The source grant report separately lists Pittsburgh main campus 00337900; candidate is the specifically named branch, and contemporaneous FFEL distinguishes all campuses. HD 2005 changes branch OPEIDs, so the recovery is confined to the recorded award year.",242,612150.89,,,,,,,,,
grants_2004_1736,grants,2004-2005,AY2004-05Pell.xls,e54f21da822728f04ce0c22977ddf9b2fa7400e540d6686edf035a9947cfbba4,AY 2004-2005,1736,,SOUTHWEST KANSAS TECHNICAL SCHOOL,KS,,https://studentaid.gov/sites/default/files/AY2004-05Pell.xls,approved,00817200,same_year_fsa_full_id_plus_official_hd,"[{""kind"":""same_award_year_fsa_full_opeid"",""family"":""campus_based"",""filename"":""CBDashboard0405.xls"",""url"":""https://studentaid.gov/sites/default/files/CBDashboard0405.xls"",""sha256"":""96d1d4b904662e9bbc1ca9d638ba56fe09177656f6ea370ae022465553f034eb"",""sheet"":""AY2004-05"",""excel_row"":1464,""raw_opeid"":""00817200"",""opeid8"":""00817200"",""school"":""Southwest Kansas Technical School"",""state"":""KS"",""zip_code"":""679052013"",""award_year"":""2004-2005""},{""kind"":""same_year_official_ipeds_directory"",""ipeds_year"":2004,""unitid"":155478,""opeid8"":""00817200"",""instnm"":""SOUTHWEST KANSAS TECHNICAL SCHOOL"",""city"":""LIBERAL"",""state"":""KS"",""zip_code"":""67905-1599"",""act"":""A "",""cyactive"":""1"",""url"":""https://nces.ed.gov/ipeds/datacenter/data/HD2004.zip"",""sha256"":""92a3dc3079f3e7cd5dcd2693361ee8a84661c373851682a9d4a21a36fd95aa5f"",""member"":""hd2004.csv""}]","[""00817200""]",[155478],0,False,Codex evidence review,2026-09-23,"Recover the published grant row identity only; preserve all source measures and raw missing ID. The full OPEID is independently printed on a same-award-year FSA report and uniquely present in the annual HD with compatible institution/state/location; no grant row already has this key. No parent aid is copied or allocated. FSA Campus-Based and HD ZIP 5 differ 67905/67901 in some years; name,state and full ID corroborate identity, while address discrepancy remains visible. Grant workbook has no ZIP.",71,176314.5,,,,,,,,,
grants_2004_3939,grants,2004-2005,AY2004-05Pell.xls,e54f21da822728f04ce0c22977ddf9b2fa7400e540d6686edf035a9947cfbba4,AY 2004-2005,3939,,UNIVERSITY OF PITTSBURGH - BRADFORD,PA,,https://studentaid.gov/sites/default/files/AY2004-05Pell.xls,approved,00338000,same_year_fsa_full_id_plus_official_hd,"[{""kind"":""same_award_year_fsa_full_opeid"",""family"":""ffel"",""filename"":""FFEL_AwardYr_Summary_AY2004_2005_All.xls"",""url"":""https://studentaid.gov/sites/default/files/FFEL_AwardYr_Summary_AY2004_2005_All.xls"",""sha256"":""af011e1a1095a8e8e6766a4c91944004bbca104bef1cc8aa02fccb25d8fa6522"",""sheet"":""AY2004-2005"",""excel_row"":3529,""raw_opeid"":""00338000"",""opeid8"":""00338000"",""school"":""UNIVERSITY OF PITTSBURGH - BRADFORD"",""state"":""PA"",""zip_code"":""167012898"",""award_year"":""2004-2005""},{""kind"":""same_year_official_ipeds_directory"",""ipeds_year"":2004,""unitid"":215266,""opeid8"":""00338000"",""instnm"":""UNIVERSITY OF PITTSBURGH-BRADFORD"",""city"":""BRADFORD"",""state"":""PA"",""zip_code"":""16701"",""act"":""A "",""cyactive"":""1"",""url"":""https://nces.ed.gov/ipeds/datacenter/data/HD2004.zip"",""sha256"":""92a3dc3079f3e7cd5dcd2693361ee8a84661c373851682a9d4a21a36fd95aa5f"",""member"":""hd2004.csv""}]","[""00338000""]",[215266],0,True,Codex evidence review,2026-09-23,"Recover the published grant row identity only; preserve all source measures and raw missing ID. The full OPEID is independently printed on a same-award-year FSA report and uniquely present in the annual HD with compatible institution/state/location; no grant row already has this key. No parent aid is copied or allocated. The source grant report separately lists Pittsburgh main campus 00337900; candidate is the specifically named branch, and contemporaneous FFEL distinguishes all campuses. HD 2005 changes branch OPEIDs, so the recovery is confined to the recorded award year.",515,1218718.36,,,,,,,,,
grants_2004_3940,grants,2004-2005,AY2004-05Pell.xls,e54f21da822728f04ce0c22977ddf9b2fa7400e540d6686edf035a9947cfbba4,AY 2004-2005,3940,,UNIVERSITY OF PITTSBURGH - GREENSBURG,PA,,https://studentaid.gov/sites/default/files/AY2004-05Pell.xls,approved,00338100,same_year_fsa_full_id_plus_official_hd,"[{""kind"":""same_award_year_fsa_full_opeid"",""family"":""ffel"",""filename"":""FFEL_AwardYr_Summary_AY2004_2005_All.xls"",""url"":""https://studentaid.gov/sites/default/files/FFEL_AwardYr_Summary_AY2004_2005_All.xls"",""sha256"":""af011e1a1095a8e8e6766a4c91944004bbca104bef1cc8aa02fccb25d8fa6522"",""sheet"":""AY2004-2005"",""excel_row"":3530,""raw_opeid"":""00338100"",""opeid8"":""00338100"",""school"":""UNIVERSITY OF PITTSBURGH - GREENSBURG"",""state"":""PA"",""zip_code"":""156015898"",""award_year"":""2004-2005""},{""kind"":""same_year_official_ipeds_directory"",""ipeds_year"":2004,""unitid"":215275,""opeid8"":""00338100"",""instnm"":""UNIVERSITY OF PITTSBURGH-GREENSBURG"",""city"":""GREENSBURG"",""state"":""PA"",""zip_code"":""15601"",""act"":""A "",""cyactive"":""1"",""url"":""https://nces.ed.gov/ipeds/datacenter/data/HD2004.zip"",""sha256"":""92a3dc3079f3e7cd5dcd2693361ee8a84661c373851682a9d4a21a36fd95aa5f"",""member"":""hd2004.csv""}]","[""00338100""]",[215275],0,True,Codex evidence review,2026-09-23,"Recover the published grant row identity only; preserve all source measures and raw missing ID. The full OPEID is independently printed on a same-award-year FSA report and uniquely present in the annual HD with compatible institution/state/location; no grant row already has this key. No parent aid is copied or allocated. The source grant report separately lists Pittsburgh main campus 00337900; candidate is the specifically named branch, and contemporaneous FFEL distinguishes all campuses. HD 2005 changes branch OPEIDs, so the recovery is confined to the recorded award year.",509,1187136,,,,,,,,,
grants_2004_3941,grants,2004-2005,AY2004-05Pell.xls,e54f21da822728f04ce0c22977ddf9b2fa7400e540d6686edf035a9947cfbba4,AY 2004-2005,3941,,UNIVERSITY OF PITTSBURGH AT JOHNSTOWN,PA,,https://studentaid.gov/sites/default/files/AY2004-05Pell.xls,approved,00338200,same_year_fsa_full_id_plus_official_hd,"[{""kind"":""same_award_year_fsa_full_opeid"",""family"":""ffel"",""filename"":""FFEL_AwardYr_Summary_AY2004_2005_All.xls"",""url"":""https://studentaid.gov/sites/default/files/FFEL_AwardYr_Summary_AY2004_2005_All.xls"",""sha256"":""af011e1a1095a8e8e6766a4c91944004bbca104bef1cc8aa02fccb25d8fa6522"",""sheet"":""AY2004-2005"",""excel_row"":3531,""raw_opeid"":""00338200"",""opeid8"":""00338200"",""school"":""UNIVERSITY OF PITTSBURGH AT JOHNSTOWN"",""state"":""PA"",""zip_code"":""159042990"",""award_year"":""2004-2005""},{""kind"":""same_year_official_ipeds_directory"",""ipeds_year"":2004,""unitid"":215284,""opeid8"":""00338200"",""instnm"":""UNIVERSITY OF PITTSBURGH-JOHNSTOWN"",""city"":""JOHNSTOWN"",""state"":""PA"",""zip_code"":""15904"",""act"":""A "",""cyactive"":""1"",""url"":""https://nces.ed.gov/ipeds/datacenter/data/HD2004.zip"",""sha256"":""92a3dc3079f3e7cd5dcd2693361ee8a84661c373851682a9d4a21a36fd95aa5f"",""member"":""hd2004.csv""}]","[""00338200""]",[215284],0,True,Codex evidence review,2026-09-23,"Recover the published grant row identity only; preserve all source measures and raw missing ID. The full OPEID is independently printed on a same-award-year FSA report and uniquely present in the annual HD with compatible institution/state/location; no grant row already has this key. No parent aid is copied or allocated. The source grant report separately lists Pittsburgh main campus 00337900; candidate is the specifically named branch, and contemporaneous FFEL distinguishes all campuses. HD 2005 changes branch OPEIDs, so the recovery is confined to the recorded award year.",878,1991241,,,,,,,,,
grants_2004_3942,grants,2004-2005,AY2004-05Pell.xls,e54f21da822728f04ce0c22977ddf9b2fa7400e540d6686edf035a9947cfbba4,AY 2004-2005,3942,,UNIVERSITY OF PITTSBURGH AT TITUSVILLE,PA,,https://studentaid.gov/sites/default/files/AY2004-05Pell.xls,approved,00338300,same_year_fsa_full_id_plus_official_hd,"[{""kind"":""same_award_year_fsa_full_opeid"",""family"":""ffel"",""filename"":""FFEL_AwardYr_Summary_AY2004_2005_All.xls"",""url"":""https://studentaid.gov/sites/default/files/FFEL_AwardYr_Summary_AY2004_2005_All.xls"",""sha256"":""af011e1a1095a8e8e6766a4c91944004bbca104bef1cc8aa02fccb25d8fa6522"",""sheet"":""AY2004-2005"",""excel_row"":3532,""raw_opeid"":""00338300"",""opeid8"":""00338300"",""school"":""UNIVERSITY OF PITTSBURGH AT TITUSVILLE"",""state"":""PA"",""zip_code"":""163542010"",""award_year"":""2004-2005""},{""kind"":""same_year_official_ipeds_directory"",""ipeds_year"":2004,""unitid"":215309,""opeid8"":""00338300"",""instnm"":""UNIVERSITY OF PITTSBURGH-TITUSVILLE"",""city"":""TITUSVILLE"",""state"":""PA"",""zip_code"":""16354"",""act"":""A "",""cyactive"":""1"",""url"":""https://nces.ed.gov/ipeds/datacenter/data/HD2004.zip"",""sha256"":""92a3dc3079f3e7cd5dcd2693361ee8a84661c373851682a9d4a21a36fd95aa5f"",""member"":""hd2004.csv""}]","[""00338300""]",[215309],0,True,Codex evidence review,2026-09-23,"Recover the published grant row identity only; preserve all source measures and raw missing ID. The full OPEID is independently printed on a same-award-year FSA report and uniquely present in the annual HD with compatible institution/state/location; no grant row already has this key. No parent aid is copied or allocated. The source grant report separately lists Pittsburgh main campus 00337900; candidate is the specifically named branch, and contemporaneous FFEL distinguishes all campuses. HD 2005 changes branch OPEIDs, so the recovery is confined to the recorded award year.",231,709232,,,,,,,,,
grants_2005_1760,grants,2005-2006,AY2005-06Pell.xls,08d8a02e455934e8b5d88bce051aedbf7fa152423d933b3df8601ceffb093e36,AY 2005-2006,1760,,SOUTHWEST KANSAS TECHNICAL SCHOOL,KS,,https://studentaid.gov/sites/default/files/AY2005-06Pell.xls,approved,00817200,same_year_fsa_full_id_plus_official_hd,"[{""kind"":""same_award_year_fsa_full_opeid"",""family"":""campus_based"",""filename"":""CBDashboard0506.xls"",""url"":""https://studentaid.gov/sites/default/files/CBDashboard0506.xls"",""sha256"":""796c09c9b105c0adf3fd19a86cfeb400324abb11cdedaf4d9cbd7080db346814"",""sheet"":""AY2005-06"",""excel_row"":1466,""raw_opeid"":""00817200"",""opeid8"":""00817200"",""school"":""Southwest Kansas Technical School"",""state"":""KS"",""zip_code"":""679052013"",""award_year"":""2005-2006""},{""kind"":""same_year_official_ipeds_directory"",""ipeds_year"":2005,""unitid"":155478,""opeid8"":""00817200"",""instnm"":""Southwest Kansas Technical School"",""city"":""Liberal"",""state"":""KS"",""zip_code"":""67901-1599"",""act"":""A "",""cyactive"":""1"",""url"":""https://nces.ed.gov/ipeds/datacenter/data/HD2005.zip"",""sha256"":""b6c9c0e4634f4404d0670c907e22964ea96932eb2cebbc2efb0759fe055ecbb7"",""member"":""hd2005.csv""}]","[""00817200""]",[155478],0,False,Codex evidence review,2026-09-23,"Recover the published grant row identity only; preserve all source measures and raw missing ID. The full OPEID is independently printed on a same-award-year FSA report and uniquely present in the annual HD with compatible institution/state/location; no grant row already has this key. No parent aid is copied or allocated. FSA Campus-Based and HD ZIP 5 differ 67905/67901 in some years; name,state and full ID corroborate identity, while address discrepancy remains visible. Grant workbook has no ZIP.",60,139848.5,,,,,,,,,
grants_2009_2072,grants,2009-2010,Q40910AY.xls,10e1e46d9e789ab7c4b5494ab2f367389ffbde019577ae156b9b01053fd20142,Q4 0910 YTD,2072,        ,LOUISIANA TECHNICAL COLLEGE - ALEXANDRIA CAMPUS,LA,713023137,https://studentaid.gov/sites/default/files/Q40910AY.xls,unresolved,,historical_identifier_transition_scope_unresolved,"[{""kind"":""unassigned_annual_hd_candidate"",""ipeds_year"":2009,""unitid"":158088,""opeid8"":""00548803"",""instnm"":""Louisiana Technical College-Alexandria Campus"",""state"":""LA"",""zip_code"":""71302-3137"",""url"":""https://nces.ed.gov/ipeds/datacenter/data/HD2009.zip"",""sha256"":""6639ed79d93a4313e0be5830d8250709924811f8dec3fb664a9dea56f7dc1774"",""member"":""hd2009.csv""},{""kind"":""underlying_cod_school_record_still_missing_opeid"",""url"":""https://studentaid.gov/sites/default/files/Q40910AY.xls"",""sha256"":""10e1e46d9e789ab7c4b5494ab2f367389ffbde019577ae156b9b01053fd20142"",""sheet"":""Schools"",""excel_row"":2200,""cod_system_school_id"":""12897"",""raw_opeid"":"""",""school"":""LOUISIANA TECHNICAL COLLEGE - ALEXANDRIA CAMPUS"",""state"":""LA"",""zip_code"":""713023137""}]","[""00548803""]",[158088],,True,Codex evidence review,2026-09-23,"Blank remains in the selected report, underlying Actual Q40910 Query and Schools worksheet. HD 2009 has former 005488xx branch IDs; FSA 2009 simultaneously uses reorganized regional main/additional-location roots. Matching the campus label does not establish which full OPEID or period scope the unlabelled aid used. Do not fill from HD or neighboring years. Separate grant-component UNITID identity is verified by exact PEPS location name, official CW2009 Source=1 singleton match, annual HD and prior-year identified FSA grant campus. OPEID remains unresolved; do not insert an inferred OPEID or copy central aid. No current-year identified grant row maps to this UNITID via CW primary/additional matches.",409,1354279.09,11,5708,0,0,158088,verified_component_identity_opeid_unresolved,official_peps_location_hd_prior_fsa_and_scope_review,"[{""kind"":""unassigned_annual_hd_candidate"",""ipeds_year"":2009,""unitid"":158088,""opeid8"":""00548803"",""instnm"":""Louisiana Technical College-Alexandria Campus"",""state"":""LA"",""zip_code"":""71302-3137"",""url"":""https://nces.ed.gov/ipeds/datacenter/data/HD2009.zip"",""sha256"":""6639ed79d93a4313e0be5830d8250709924811f8dec3fb664a9dea56f7dc1774"",""member"":""hd2009.csv""},{""kind"":""underlying_cod_school_record_still_missing_opeid"",""url"":""https://studentaid.gov/sites/default/files/Q40910AY.xls"",""sha256"":""10e1e46d9e789ab7c4b5494ab2f367389ffbde019577ae156b9b01053fd20142"",""sheet"":""Schools"",""excel_row"":2200,""cod_system_school_id"":""12897"",""raw_opeid"":"""",""school"":""LOUISIANA TECHNICAL COLLEGE - ALEXANDRIA CAMPUS"",""state"":""LA"",""zip_code"":""713023137""},{""kind"":""official_fsa_nces_crosswalk_campus_identity_only"",""archive_url"":""https://ed-public-download.scorecard.network/downloads/College_Scorecard_Raw_Data_06102026.zip"",""member"":""College_Scorecard_Raw_Data_06032026/Crosswalks/CW2009.xlsx"",""sha256"":""c18d7f45f30921bd1cfbb0d1e5436b6cc777a33739906896b94e042ecf14e3c8"",""sheet"":""Crosswalk"",""excel_row"":15425,""match_source"":""1"",""opeid_candidate_only"":""00548803"",""unitid"":158088,""peps_entity_name"":""Louisiana Technical College"",""peps_location_name"":""Louisiana Technical College - Alexandria Campus"",""peps_title_iv"":""Yes [YCY]"",""ipeds_name"":""Louisiana Technical College-Alexandria Campus"",""opeid_main"":""00548800"",""coa"":[]},{""kind"":""prior_award_year_fsa_same_named_grant_location_not_opeid_imputation"",""award_year"":""2008-2009"",""filename"":""Q40809AY.xls"",""url"":""https://studentaid.gov/sites/default/files/Q40809AY.xls"",""sha256"":""add9d82284bc92fff7ed5d55c9307185888e8d67549f71fe04ad9467d51257cc"",""sheet"":""Q4 0809 YTD"",""excel_row"":2222,""opeid8"":""00548803"",""school"":""LOUISIANA TECHNICAL COLLEGE - ALEXANDRIA CAMPUS"",""state"":""LA"",""zip_code"":""708050000""}]",0
grants_2009_2077,grants,2009-2010,Q40910AY.xls,10e1e46d9e789ab7c4b5494ab2f367389ffbde019577ae156b9b01053fd20142,Q4 0910 YTD,2077,        ,LOUISIANA TECHNICAL COLLEGE - DELTA-OUACHITA CAMPUS,LA,712929064,https://studentaid.gov/sites/default/files/Q40910AY.xls,unresolved,,historical_identifier_transition_scope_unresolved,"[{""kind"":""unassigned_annual_hd_candidate"",""ipeds_year"":2009,""unitid"":158769,""opeid8"":""00548809"",""instnm"":""Louisiana Technical College-Delta-Ouachita Campus"",""state"":""LA"",""zip_code"":""71292-9064"",""url"":""https://nces.ed.gov/ipeds/datacenter/data/HD2009.zip"",""sha256"":""6639ed79d93a4313e0be5830d8250709924811f8dec3fb664a9dea56f7dc1774"",""member"":""hd2009.csv""},{""kind"":""underlying_cod_school_record_still_missing_opeid"",""url"":""https://studentaid.gov/sites/default/files/Q40910AY.xls"",""sha256"":""10e1e46d9e789ab7c4b5494ab2f367389ffbde019577ae156b9b01053fd20142"",""sheet"":""Schools"",""excel_row"":2205,""cod_system_school_id"":""12903"",""raw_opeid"":"""",""school"":""LOUISIANA TECHNICAL COLLEGE - DELTA-OUACHITA CAMPUS"",""state"":""LA"",""zip_code"":""712929064""}]","[""00548809""]",[158769],,True,Codex evidence review,2026-09-23,"Blank remains in the selected report, underlying Actual Q40910 Query and Schools worksheet. HD 2009 has former 005488xx branch IDs; FSA 2009 simultaneously uses reorganized regional main/additional-location roots. Matching the campus label does not establish which full OPEID or period scope the unlabelled aid used. Do not fill from HD or neighboring years. Separate grant-component UNITID identity is verified by exact PEPS location name, official CW2009 Source=1 singleton match, annual HD and prior-year identified FSA grant campus. OPEID remains unresolved; do not insert an inferred OPEID or copy central aid. No current-year identified grant row maps to this UNITID via CW primary/additional matches.",431,1621138.16,0,0,0,0,158769,verified_component_identity_opeid_unresolved,official_peps_location_hd_prior_fsa_and_scope_review,"[{""kind"":""unassigned_annual_hd_candidate"",""ipeds_year"":2009,""unitid"":158769,""opeid8"":""00548809"",""instnm"":""Louisiana Technical College-Delta-Ouachita Campus"",""state"":""LA"",""zip_code"":""71292-9064"",""url"":""https://nces.ed.gov/ipeds/datacenter/data/HD2009.zip"",""sha256"":""6639ed79d93a4313e0be5830d8250709924811f8dec3fb664a9dea56f7dc1774"",""member"":""hd2009.csv""},{""kind"":""underlying_cod_school_record_still_missing_opeid"",""url"":""https://studentaid.gov/sites/default/files/Q40910AY.xls"",""sha256"":""10e1e46d9e789ab7c4b5494ab2f367389ffbde019577ae156b9b01053fd20142"",""sheet"":""Schools"",""excel_row"":2205,""cod_system_school_id"":""12903"",""raw_opeid"":"""",""school"":""LOUISIANA TECHNICAL COLLEGE - DELTA-OUACHITA CAMPUS"",""state"":""LA"",""zip_code"":""712929064""},{""kind"":""official_fsa_nces_crosswalk_campus_identity_only"",""archive_url"":""https://ed-public-download.scorecard.network/downloads/College_Scorecard_Raw_Data_06102026.zip"",""member"":""College_Scorecard_Raw_Data_06032026/Crosswalks/CW2009.xlsx"",""sha256"":""c18d7f45f30921bd1cfbb0d1e5436b6cc777a33739906896b94e042ecf14e3c8"",""sheet"":""Crosswalk"",""excel_row"":15431,""match_source"":""1"",""opeid_candidate_only"":""00548809"",""unitid"":158769,""peps_entity_name"":""Louisiana Technical College"",""peps_location_name"":""Louisiana Technical College - Delta-Ouachita Campus"",""peps_title_iv"":""Yes [YCY]"",""ipeds_name"":""Louisiana Technical College-Delta-Ouachita Campus"",""opeid_main"":""00548800"",""coa"":[]},{""kind"":""prior_award_year_fsa_same_named_grant_location_not_opeid_imputation"",""award_year"":""2008-2009"",""filename"":""Q40809AY.xls"",""url"":""https://studentaid.gov/sites/default/files/Q40809AY.xls"",""sha256"":""add9d82284bc92fff7ed5d55c9307185888e8d67549f71fe04ad9467d51257cc"",""sheet"":""Q4 0809 YTD"",""excel_row"":2226,""opeid8"":""00548809"",""school"":""LOUISIANA TECHNICAL COLLEGE - DELTA-OUACHITA CAMPUS"",""state"":""LA"",""zip_code"":""708050000""}]",0
grants_2009_2086,grants,2009-2010,Q40910AY.xls,10e1e46d9e789ab7c4b5494ab2f367389ffbde019577ae156b9b01053fd20142,Q4 0910 YTD,2086,        ,LOUISIANA TECHNICAL COLLEGE - LAFAYETTE CAMPUS,LA,705064109,https://studentaid.gov/sites/default/files/Q40910AY.xls,unresolved,,historical_identifier_transition_scope_unresolved,"[{""kind"":""unassigned_annual_hd_candidate"",""ipeds_year"":2009,""unitid"":159443,""opeid8"":""00548818"",""instnm"":""Louisiana Technical College-Lafayette Campus"",""state"":""LA"",""zip_code"":""70506-4909"",""url"":""https://nces.ed.gov/ipeds/datacenter/data/HD2009.zip"",""sha256"":""6639ed79d93a4313e0be5830d8250709924811f8dec3fb664a9dea56f7dc1774"",""member"":""hd2009.csv""},{""kind"":""underlying_cod_school_record_still_missing_opeid"",""url"":""https://studentaid.gov/sites/default/files/Q40910AY.xls"",""sha256"":""10e1e46d9e789ab7c4b5494ab2f367389ffbde019577ae156b9b01053fd20142"",""sheet"":""Schools"",""excel_row"":2214,""cod_system_school_id"":""12912"",""raw_opeid"":"""",""school"":""LOUISIANA TECHNICAL COLLEGE - LAFAYETTE CAMPUS"",""state"":""LA"",""zip_code"":""705064109""}]","[""00548818""]",[159443],,True,Codex evidence review,2026-09-23,"Blank remains in the selected report, underlying Actual Q40910 Query and Schools worksheet. HD 2009 has former 005488xx branch IDs; FSA 2009 simultaneously uses reorganized regional main/additional-location roots. Matching the campus label does not establish which full OPEID or period scope the unlabelled aid used. Do not fill from HD or neighboring years. Separate grant-component UNITID identity is verified by exact PEPS location name, official CW2009 Source=1 singleton match, annual HD and prior-year identified FSA grant campus. OPEID remains unresolved; do not insert an inferred OPEID or copy central aid. No current-year identified grant row maps to this UNITID via CW primary/additional matches.",865,2956322.84,77,43673,0,0,159443,verified_component_identity_opeid_unresolved,official_peps_location_hd_prior_fsa_and_scope_review,"[{""kind"":""unassigned_annual_hd_candidate"",""ipeds_year"":2009,""unitid"":159443,""opeid8"":""00548818"",""instnm"":""Louisiana Technical College-Lafayette Campus"",""state"":""LA"",""zip_code"":""70506-4909"",""url"":""https://nces.ed.gov/ipeds/datacenter/data/HD2009.zip"",""sha256"":""6639ed79d93a4313e0be5830d8250709924811f8dec3fb664a9dea56f7dc1774"",""member"":""hd2009.csv""},{""kind"":""underlying_cod_school_record_still_missing_opeid"",""url"":""https://studentaid.gov/sites/default/files/Q40910AY.xls"",""sha256"":""10e1e46d9e789ab7c4b5494ab2f367389ffbde019577ae156b9b01053fd20142"",""sheet"":""Schools"",""excel_row"":2214,""cod_system_school_id"":""12912"",""raw_opeid"":"""",""school"":""LOUISIANA TECHNICAL COLLEGE - LAFAYETTE CAMPUS"",""state"":""LA"",""zip_code"":""705064109""},{""kind"":""official_fsa_nces_crosswalk_campus_identity_only"",""archive_url"":""https://ed-public-download.scorecard.network/downloads/College_Scorecard_Raw_Data_06102026.zip"",""member"":""College_Scorecard_Raw_Data_06032026/Crosswalks/CW2009.xlsx"",""sha256"":""c18d7f45f30921bd1cfbb0d1e5436b6cc777a33739906896b94e042ecf14e3c8"",""sheet"":""Crosswalk"",""excel_row"":15440,""match_source"":""1"",""opeid_candidate_only"":""00548818"",""unitid"":159443,""peps_entity_name"":""Louisiana Technical College"",""peps_location_name"":""Louisiana Technical College - Lafayette Campus"",""peps_title_iv"":""Yes [YCY]"",""ipeds_name"":""Louisiana Technical College-Lafayette Campus"",""opeid_main"":""00548800"",""coa"":[]},{""kind"":""prior_award_year_fsa_same_named_grant_location_not_opeid_imputation"",""award_year"":""2008-2009"",""filename"":""Q40809AY.xls"",""url"":""https://studentaid.gov/sites/default/files/Q40809AY.xls"",""sha256"":""add9d82284bc92fff7ed5d55c9307185888e8d67549f71fe04ad9467d51257cc"",""sheet"":""Q4 0809 YTD"",""excel_row"":2234,""opeid8"":""00548818"",""school"":""LOUISIANA TECHNICAL COLLEGE - LAFAYETTE CAMPUS"",""state"":""LA"",""zip_code"":""708050000""}]",0
grants_2009_2095,grants,2009-2010,Q40910AY.xls,10e1e46d9e789ab7c4b5494ab2f367389ffbde019577ae156b9b01053fd20142,Q4 0910 YTD,2095,        ,LOUISIANA TECHNICAL COLLEGE - NORTHWEST LA CAMPUS,LA,710552422,https://studentaid.gov/sites/default/files/Q40910AY.xls,unresolved,,historical_identifier_transition_scope_unresolved,"[{""kind"":""unassigned_annual_hd_candidate"",""ipeds_year"":2009,""unitid"":160010,""opeid8"":""00548827"",""instnm"":""Louisiana Technical College-Northwest Louisiana Campus"",""state"":""LA"",""zip_code"":""71055-0000"",""url"":""https://nces.ed.gov/ipeds/datacenter/data/HD2009.zip"",""sha256"":""6639ed79d93a4313e0be5830d8250709924811f8dec3fb664a9dea56f7dc1774"",""member"":""hd2009.csv""},{""kind"":""underlying_cod_school_record_still_missing_opeid"",""url"":""https://studentaid.gov/sites/default/files/Q40910AY.xls"",""sha256"":""10e1e46d9e789ab7c4b5494ab2f367389ffbde019577ae156b9b01053fd20142"",""sheet"":""Schools"",""excel_row"":2223,""cod_system_school_id"":""12921"",""raw_opeid"":"""",""school"":""LOUISIANA TECHNICAL COLLEGE - NORTHWEST LA CAMPUS"",""state"":""LA"",""zip_code"":""710552422""}]","[""00548827""]",[160010],,True,Codex evidence review,2026-09-23,"Blank remains in the selected report, underlying Actual Q40910 Query and Schools worksheet. HD 2009 has former 005488xx branch IDs; FSA 2009 simultaneously uses reorganized regional main/additional-location roots. Matching the campus label does not establish which full OPEID or period scope the unlabelled aid used. Do not fill from HD or neighboring years. Separate grant-component UNITID identity is verified by exact PEPS location name, official CW2009 Source=1 singleton match, annual HD and prior-year identified FSA grant campus. OPEID remains unresolved; do not insert an inferred OPEID or copy central aid. No current-year identified grant row maps to this UNITID via CW primary/additional matches.",555,1889860.87,33,21199,0,0,160010,verified_component_identity_opeid_unresolved,official_peps_location_hd_prior_fsa_and_scope_review,"[{""kind"":""unassigned_annual_hd_candidate"",""ipeds_year"":2009,""unitid"":160010,""opeid8"":""00548827"",""instnm"":""Louisiana Technical College-Northwest Louisiana Campus"",""state"":""LA"",""zip_code"":""71055-0000"",""url"":""https://nces.ed.gov/ipeds/datacenter/data/HD2009.zip"",""sha256"":""6639ed79d93a4313e0be5830d8250709924811f8dec3fb664a9dea56f7dc1774"",""member"":""hd2009.csv""},{""kind"":""underlying_cod_school_record_still_missing_opeid"",""url"":""https://studentaid.gov/sites/default/files/Q40910AY.xls"",""sha256"":""10e1e46d9e789ab7c4b5494ab2f367389ffbde019577ae156b9b01053fd20142"",""sheet"":""Schools"",""excel_row"":2223,""cod_system_school_id"":""12921"",""raw_opeid"":"""",""school"":""LOUISIANA TECHNICAL COLLEGE - NORTHWEST LA CAMPUS"",""state"":""LA"",""zip_code"":""710552422""},{""kind"":""official_fsa_nces_crosswalk_campus_identity_only"",""archive_url"":""https://ed-public-download.scorecard.network/downloads/College_Scorecard_Raw_Data_06102026.zip"",""member"":""College_Scorecard_Raw_Data_06032026/Crosswalks/CW2009.xlsx"",""sha256"":""c18d7f45f30921bd1cfbb0d1e5436b6cc777a33739906896b94e042ecf14e3c8"",""sheet"":""Crosswalk"",""excel_row"":15449,""match_source"":""1"",""opeid_candidate_only"":""00548827"",""unitid"":160010,""peps_entity_name"":""Louisiana Technical College"",""peps_location_name"":""Louisiana Technical College - Northwest LA Campus"",""peps_title_iv"":""Yes [YCY]"",""ipeds_name"":""Louisiana Technical College-Northwest Louisiana Campus"",""opeid_main"":""00548800"",""coa"":[]},{""kind"":""prior_award_year_fsa_same_named_grant_location_not_opeid_imputation"",""award_year"":""2008-2009"",""filename"":""Q40809AY.xls"",""url"":""https://studentaid.gov/sites/default/files/Q40809AY.xls"",""sha256"":""add9d82284bc92fff7ed5d55c9307185888e8d67549f71fe04ad9467d51257cc"",""sheet"":""Q4 0809 YTD"",""excel_row"":2242,""opeid8"":""00548827"",""school"":""LOUISIANA TECHNICAL COLLEGE - NORTHWEST LA CAMPUS"",""state"":""LA"",""zip_code"":""708050000""}]",0
grants_2009_2102,grants,2009-2010,Q40910AY.xls,10e1e46d9e789ab7c4b5494ab2f367389ffbde019577ae156b9b01053fd20142,Q4 0910 YTD,2102,        ,LOUISIANA TECHNICAL COLLEGE - SULLIVAN CAMPUS,LA,704275866,https://studentaid.gov/sites/default/files/Q40910AY.xls,unresolved,,historical_identifier_transition_scope_unresolved,"[{""kind"":""unassigned_annual_hd_candidate"",""ipeds_year"":2009,""unitid"":160667,""opeid8"":""00548837"",""instnm"":""Northshore Technical College-Sullivan Main Campus"",""state"":""LA"",""zip_code"":""70427"",""url"":""https://nces.ed.gov/ipeds/datacenter/data/HD2009.zip"",""sha256"":""6639ed79d93a4313e0be5830d8250709924811f8dec3fb664a9dea56f7dc1774"",""member"":""hd2009.csv""},{""kind"":""underlying_cod_school_record_still_missing_opeid"",""url"":""https://studentaid.gov/sites/default/files/Q40910AY.xls"",""sha256"":""10e1e46d9e789ab7c4b5494ab2f367389ffbde019577ae156b9b01053fd20142"",""sheet"":""Schools"",""excel_row"":2230,""cod_system_school_id"":""12931"",""raw_opeid"":"""",""school"":""LOUISIANA TECHNICAL COLLEGE - SULLIVAN CAMPUS"",""state"":""LA"",""zip_code"":""704275866""}]","[""00548837""]",[160667],,True,Codex evidence review,2026-09-23,"Blank remains in the selected report, underlying Actual Q40910 Query and Schools worksheet. HD 2009 has former 005488xx branch IDs; FSA 2009 simultaneously uses reorganized regional main/additional-location roots. Matching the campus label does not establish which full OPEID or period scope the unlabelled aid used. Do not fill from HD or neighboring years. Separate grant-component UNITID identity is verified by exact PEPS location name, official CW2009 Source=1 singleton match, annual HD and prior-year identified FSA grant campus. OPEID remains unresolved; do not insert an inferred OPEID or copy central aid. No current-year identified grant row maps to this UNITID via CW primary/additional matches.",537,1993467.47,9,6375,0,0,160667,verified_component_identity_opeid_unresolved,official_peps_location_hd_prior_fsa_and_scope_review,"[{""kind"":""unassigned_annual_hd_candidate"",""ipeds_year"":2009,""unitid"":160667,""opeid8"":""00548837"",""instnm"":""Northshore Technical College-Sullivan Main Campus"",""state"":""LA"",""zip_code"":""70427"",""url"":""https://nces.ed.gov/ipeds/datacenter/data/HD2009.zip"",""sha256"":""6639ed79d93a4313e0be5830d8250709924811f8dec3fb664a9dea56f7dc1774"",""member"":""hd2009.csv""},{""kind"":""underlying_cod_school_record_still_missing_opeid"",""url"":""https://studentaid.gov/sites/default/files/Q40910AY.xls"",""sha256"":""10e1e46d9e789ab7c4b5494ab2f367389ffbde019577ae156b9b01053fd20142"",""sheet"":""Schools"",""excel_row"":2230,""cod_system_school_id"":""12931"",""raw_opeid"":"""",""school"":""LOUISIANA TECHNICAL COLLEGE - SULLIVAN CAMPUS"",""state"":""LA"",""zip_code"":""704275866""},{""kind"":""official_fsa_nces_crosswalk_campus_identity_only"",""archive_url"":""https://ed-public-download.scorecard.network/downloads/College_Scorecard_Raw_Data_06102026.zip"",""member"":""College_Scorecard_Raw_Data_06032026/Crosswalks/CW2009.xlsx"",""sha256"":""c18d7f45f30921bd1cfbb0d1e5436b6cc777a33739906896b94e042ecf14e3c8"",""sheet"":""Crosswalk"",""excel_row"":15457,""match_source"":""1"",""opeid_candidate_only"":""00548837"",""unitid"":160667,""peps_entity_name"":""Louisiana Technical College"",""peps_location_name"":""Louisiana Technical College - Sullivan Campus"",""peps_title_iv"":""Yes [YCY]"",""ipeds_name"":""Northshore Technical College-Sullivan Main Campus"",""opeid_main"":""00548800"",""coa"":[]},{""kind"":""prior_award_year_fsa_same_named_grant_location_not_opeid_imputation"",""award_year"":""2008-2009"",""filename"":""Q40809AY.xls"",""url"":""https://studentaid.gov/sites/default/files/Q40809AY.xls"",""sha256"":""add9d82284bc92fff7ed5d55c9307185888e8d67549f71fe04ad9467d51257cc"",""sheet"":""Q4 0809 YTD"",""excel_row"":2249,""opeid8"":""00548837"",""school"":""LOUISIANA TECHNICAL COLLEGE - SULLIVAN CAMPUS"",""state"":""LA"",""zip_code"":""708050000""}]",0
grants_2009_2108,grants,2009-2010,Q40910AY.xls,10e1e46d9e789ab7c4b5494ab2f367389ffbde019577ae156b9b01053fd20142,Q4 0910 YTD,2108,        ,LOUISIANA TECHNICAL COLLEGE - YOUNG MEMORIAL CAMPUS,LA,703812148,https://studentaid.gov/sites/default/files/Q40910AY.xls,unresolved,,historical_identifier_transition_scope_unresolved,"[{""kind"":""unassigned_annual_hd_candidate"",""ipeds_year"":2009,""unitid"":160913,""opeid8"":""00548843"",""instnm"":""South Central Louisiana Technical College-Young Memorial Campus"",""state"":""LA"",""zip_code"":""70380"",""url"":""https://nces.ed.gov/ipeds/datacenter/data/HD2009.zip"",""sha256"":""6639ed79d93a4313e0be5830d8250709924811f8dec3fb664a9dea56f7dc1774"",""member"":""hd2009.csv""},{""kind"":""underlying_cod_school_record_still_missing_opeid"",""url"":""https://studentaid.gov/sites/default/files/Q40910AY.xls"",""sha256"":""10e1e46d9e789ab7c4b5494ab2f367389ffbde019577ae156b9b01053fd20142"",""sheet"":""Schools"",""excel_row"":2236,""cod_system_school_id"":""12937"",""raw_opeid"":"""",""school"":""LOUISIANA TECHNICAL COLLEGE - YOUNG MEMORIAL CAMPUS"",""state"":""LA"",""zip_code"":""703812148""}]","[""00548843""]",[160913],,True,Codex evidence review,2026-09-23,"Blank remains in the selected report, underlying Actual Q40910 Query and Schools worksheet. HD 2009 has former 005488xx branch IDs; FSA 2009 simultaneously uses reorganized regional main/additional-location roots. Matching the campus label does not establish which full OPEID or period scope the unlabelled aid used. Do not fill from HD or neighboring years. Separate grant-component UNITID identity is verified by exact PEPS location name, official CW2009 Source=1 singleton match, annual HD and prior-year identified FSA grant campus. OPEID remains unresolved; do not insert an inferred OPEID or copy central aid. No current-year identified grant row maps to this UNITID via CW primary/additional matches.",311,1040643.8,16,8788,0,0,160913,verified_component_identity_opeid_unresolved,official_peps_location_hd_prior_fsa_and_scope_review,"[{""kind"":""unassigned_annual_hd_candidate"",""ipeds_year"":2009,""unitid"":160913,""opeid8"":""00548843"",""instnm"":""South Central Louisiana Technical College-Young Memorial Campus"",""state"":""LA"",""zip_code"":""70380"",""url"":""https://nces.ed.gov/ipeds/datacenter/data/HD2009.zip"",""sha256"":""6639ed79d93a4313e0be5830d8250709924811f8dec3fb664a9dea56f7dc1774"",""member"":""hd2009.csv""},{""kind"":""underlying_cod_school_record_still_missing_opeid"",""url"":""https://studentaid.gov/sites/default/files/Q40910AY.xls"",""sha256"":""10e1e46d9e789ab7c4b5494ab2f367389ffbde019577ae156b9b01053fd20142"",""sheet"":""Schools"",""excel_row"":2236,""cod_system_school_id"":""12937"",""raw_opeid"":"""",""school"":""LOUISIANA TECHNICAL COLLEGE - YOUNG MEMORIAL CAMPUS"",""state"":""LA"",""zip_code"":""703812148""},{""kind"":""official_fsa_nces_crosswalk_campus_identity_only"",""archive_url"":""https://ed-public-download.scorecard.network/downloads/College_Scorecard_Raw_Data_06102026.zip"",""member"":""College_Scorecard_Raw_Data_06032026/Crosswalks/CW2009.xlsx"",""sha256"":""c18d7f45f30921bd1cfbb0d1e5436b6cc777a33739906896b94e042ecf14e3c8"",""sheet"":""Crosswalk"",""excel_row"":15463,""match_source"":""1"",""opeid_candidate_only"":""00548843"",""unitid"":160913,""peps_entity_name"":""Louisiana Technical College"",""peps_location_name"":""Louisiana Technical College - Young Memorial Campus"",""peps_title_iv"":""Yes [YCY]"",""ipeds_name"":""South Central Louisiana Technical College-Young Memorial Campus"",""opeid_main"":""00548800"",""coa"":[]},{""kind"":""prior_award_year_fsa_same_named_grant_location_not_opeid_imputation"",""award_year"":""2008-2009"",""filename"":""Q40809AY.xls"",""url"":""https://studentaid.gov/sites/default/files/Q40809AY.xls"",""sha256"":""add9d82284bc92fff7ed5d55c9307185888e8d67549f71fe04ad9467d51257cc"",""sheet"":""Q4 0809 YTD"",""excel_row"":2253,""opeid8"":""00548843"",""school"":""LOUISIANA TECHNICAL COLLEGE - YOUNG MEMORIAL CAMPUS"",""state"":""LA"",""zip_code"":""708050000""}]",0
grants_2009_2288,grants,2009-2010,Q40910AY.xls,10e1e46d9e789ab7c4b5494ab2f367389ffbde019577ae156b9b01053fd20142,Q4 0910 YTD,2288,        ,BUTERA SCHOOL OF ART,MA,21161500,https://studentaid.gov/sites/default/files/Q40910AY.xls,approved,02063800,same_year_fsa_full_id_plus_official_hd,"[{""kind"":""same_award_year_fsa_full_opeid"",""family"":""direct_loans"",""filename"":""DL_Dashboard_AY2009_2010_Q4.xls"",""url"":""https://studentaid.gov/sites/default/files/DL_Dashboard_AY2009_2010_Q4.xls"",""sha256"":""c3c64bb3dafa88896e7cc3178f0cae81afa8f2cb774b0820441ff377d22696c6"",""sheet"":""Award Year Summary"",""excel_row"":1794,""raw_opeid"":""02063800"",""opeid8"":""02063800"",""school"":""BUTERA SCHOOL OF ART"",""state"":""MA"",""zip_code"":""021161597"",""award_year"":""2009-2010""},{""kind"":""same_year_official_ipeds_directory"",""ipeds_year"":2009,""unitid"":165149,""opeid8"":""02063800"",""instnm"":""Butera School of Art"",""city"":""Boston"",""state"":""MA"",""zip_code"":""02116"",""act"":""A"",""cyactive"":""1"",""url"":""https://nces.ed.gov/ipeds/datacenter/data/HD2009.zip"",""sha256"":""6639ed79d93a4313e0be5830d8250709924811f8dec3fb664a9dea56f7dc1774"",""member"":""hd2009.csv""}]","[""02063800""]",[165149],0,False,Codex evidence review,2026-09-23,Recover the published grant row identity only; preserve all source measures and raw missing ID. The full OPEID is independently printed on a same-award-year FSA report and uniquely present in the annual HD with compatible institution/state/location; no grant row already has this key. No parent aid is copied or allocated.,5,22050,0,0,0,0,,,,,
grants_2009_4500,grants,2009-2010,Q40910AY.xls,10e1e46d9e789ab7c4b5494ab2f367389ffbde019577ae156b9b01053fd20142,Q4 0910 YTD,4500,        ,UNIVERSITY OF PUERTO RICO - CENTRAL ADMINISTRATION - RIO PIEDRAS,PR,9364984,https://studentaid.gov/sites/default/files/Q40910AY.xls,unresolved,,historical_identifier_transition_scope_unresolved,"[{""kind"":""unassigned_annual_hd_candidate"",""ipeds_year"":2009,""unitid"":243221,""opeid8"":""00394201"",""instnm"":""University of Puerto Rico-Rio Piedras Campus"",""state"":""PR"",""zip_code"":""00931-3300"",""url"":""https://nces.ed.gov/ipeds/datacenter/data/HD2009.zip"",""sha256"":""6639ed79d93a4313e0be5830d8250709924811f8dec3fb664a9dea56f7dc1774"",""member"":""hd2009.csv""},{""kind"":""underlying_cod_school_record_still_missing_opeid"",""url"":""https://studentaid.gov/sites/default/files/Q40910AY.xls"",""sha256"":""10e1e46d9e789ab7c4b5494ab2f367389ffbde019577ae156b9b01053fd20142"",""sheet"":""Schools"",""excel_row"":1928,""cod_system_school_id"":""11047"",""raw_opeid"":"""",""school"":""UNIVERSITY OF PUERTO RICO - CENTRAL ADMINISTRATION - RIO PIEDRAS"",""state"":""PR"",""zip_code"":""9364984""}]","[""00394201""]",[243221],,True,Codex evidence review,2026-09-23,"Blank remains in report and underlying COD query/Schools worksheet. HD 2009 displays former 003942xx branch IDs; FSA 2009 already reports Mayaguez 00394400 while HD 2009 uses 00394202. Most blank rows share central-administration ZIP. Campus-Based/FFEL centrally report 00394200. Recovering an old branch ID or allocating central aid would assert unverified period/program scope. Separate grant-component UNITID identity is verified by exact PEPS location name, official CW2009 Source=1 singleton match, annual HD and prior-year identified FSA grant campus. OPEID remains unresolved; do not insert an inferred OPEID or copy central aid. No current-year identified grant row maps to this UNITID via CW primary/additional matches.",8491,37354579.87,1786,1571892.53,511,1536869.49,243221,verified_component_identity_opeid_unresolved,official_peps_location_hd_prior_fsa_and_scope_review,"[{""kind"":""unassigned_annual_hd_candidate"",""ipeds_year"":2009,""unitid"":243221,""opeid8"":""00394201"",""instnm"":""University of Puerto Rico-Rio Piedras Campus"",""state"":""PR"",""zip_code"":""00931-3300"",""url"":""https://nces.ed.gov/ipeds/datacenter/data/HD2009.zip"",""sha256"":""6639ed79d93a4313e0be5830d8250709924811f8dec3fb664a9dea56f7dc1774"",""member"":""hd2009.csv""},{""kind"":""underlying_cod_school_record_still_missing_opeid"",""url"":""https://studentaid.gov/sites/default/files/Q40910AY.xls"",""sha256"":""10e1e46d9e789ab7c4b5494ab2f367389ffbde019577ae156b9b01053fd20142"",""sheet"":""Schools"",""excel_row"":1928,""cod_system_school_id"":""11047"",""raw_opeid"":"""",""school"":""UNIVERSITY OF PUERTO RICO - CENTRAL ADMINISTRATION - RIO PIEDRAS"",""state"":""PR"",""zip_code"":""9364984""},{""kind"":""official_fsa_nces_crosswalk_campus_identity_only"",""archive_url"":""https://ed-public-download.scorecard.network/downloads/College_Scorecard_Raw_Data_06102026.zip"",""member"":""College_Scorecard_Raw_Data_06032026/Crosswalks/CW2009.xlsx"",""sha256"":""c18d7f45f30921bd1cfbb0d1e5436b6cc777a33739906896b94e042ecf14e3c8"",""sheet"":""Crosswalk"",""excel_row"":14259,""match_source"":""1"",""opeid_candidate_only"":""00394201"",""unitid"":243221,""peps_entity_name"":""University of Puerto Rico - Central Administration"",""peps_location_name"":""University of Puerto Rico - Central Administration - Rio Piedras"",""peps_title_iv"":""Yes [YCY]"",""ipeds_name"":""University of Puerto Rico-Rio Piedras Campus"",""opeid_main"":""00394200"",""coa"":[""00394201|00710800|8|20100727""]},{""kind"":""prior_award_year_fsa_same_named_grant_location_not_opeid_imputation"",""award_year"":""2008-2009"",""filename"":""Q40809AY.xls"",""url"":""https://studentaid.gov/sites/default/files/Q40809AY.xls"",""sha256"":""add9d82284bc92fff7ed5d55c9307185888e8d67549f71fe04ad9467d51257cc"",""sheet"":""Q4 0809 YTD"",""excel_row"":1953,""opeid8"":""00394201"",""school"":""UNIVERSITY OF PUERTO RICO - CENTRAL ADMINISTRATION - RIO PIEDRAS"",""state"":""PR"",""zip_code"":""009364984""}]",0
grants_2009_4502,grants,2009-2010,Q40910AY.xls,10e1e46d9e789ab7c4b5494ab2f367389ffbde019577ae156b9b01053fd20142,Q4 0910 YTD,4502,        ,UNIVERSITY OF PUERTO RICO - CENTRAL ADMINISTRATION - MEDICAL SCIENCES,PR,9360000,https://studentaid.gov/sites/default/files/Q40910AY.xls,unresolved,,historical_identifier_transition_scope_unresolved,"[{""kind"":""unassigned_annual_hd_candidate"",""ipeds_year"":2009,""unitid"":243203,""opeid8"":""00394203"",""instnm"":""University of Puerto Rico-Medical Sciences Campus"",""state"":""PR"",""zip_code"":""00936-5067"",""url"":""https://nces.ed.gov/ipeds/datacenter/data/HD2009.zip"",""sha256"":""6639ed79d93a4313e0be5830d8250709924811f8dec3fb664a9dea56f7dc1774"",""member"":""hd2009.csv""},{""kind"":""underlying_cod_school_record_still_missing_opeid"",""url"":""https://studentaid.gov/sites/default/files/Q40910AY.xls"",""sha256"":""10e1e46d9e789ab7c4b5494ab2f367389ffbde019577ae156b9b01053fd20142"",""sheet"":""Schools"",""excel_row"":1930,""cod_system_school_id"":""11049"",""raw_opeid"":"""",""school"":""UNIVERSITY OF PUERTO RICO - CENTRAL ADMINISTRATION - MEDICAL SCIENCES"",""state"":""PR"",""zip_code"":""9360000""}]","[""00394203""]",[243203],,True,Codex evidence review,2026-09-23,"Blank remains in report and underlying COD query/Schools worksheet. HD 2009 displays former 003942xx branch IDs; FSA 2009 already reports Mayaguez 00394400 while HD 2009 uses 00394202. Most blank rows share central-administration ZIP. Campus-Based/FFEL centrally report 00394200. Recovering an old branch ID or allocating central aid would assert unverified period/program scope. Separate grant-component UNITID identity is verified by exact PEPS location name, official CW2009 Source=1 singleton match, annual HD and prior-year identified FSA grant campus. OPEID remains unresolved; do not insert an inferred OPEID or copy central aid. No current-year identified grant row maps to this UNITID via CW primary/additional matches.",392,1712812.25,6,7800,0,0,243203,verified_component_identity_opeid_unresolved,official_peps_location_hd_prior_fsa_and_scope_review,"[{""kind"":""unassigned_annual_hd_candidate"",""ipeds_year"":2009,""unitid"":243203,""opeid8"":""00394203"",""instnm"":""University of Puerto Rico-Medical Sciences Campus"",""state"":""PR"",""zip_code"":""00936-5067"",""url"":""https://nces.ed.gov/ipeds/datacenter/data/HD2009.zip"",""sha256"":""6639ed79d93a4313e0be5830d8250709924811f8dec3fb664a9dea56f7dc1774"",""member"":""hd2009.csv""},{""kind"":""underlying_cod_school_record_still_missing_opeid"",""url"":""https://studentaid.gov/sites/default/files/Q40910AY.xls"",""sha256"":""10e1e46d9e789ab7c4b5494ab2f367389ffbde019577ae156b9b01053fd20142"",""sheet"":""Schools"",""excel_row"":1930,""cod_system_school_id"":""11049"",""raw_opeid"":"""",""school"":""UNIVERSITY OF PUERTO RICO - CENTRAL ADMINISTRATION - MEDICAL SCIENCES"",""state"":""PR"",""zip_code"":""9360000""},{""kind"":""official_fsa_nces_crosswalk_campus_identity_only"",""archive_url"":""https://ed-public-download.scorecard.network/downloads/College_Scorecard_Raw_Data_06102026.zip"",""member"":""College_Scorecard_Raw_Data_06032026/Crosswalks/CW2009.xlsx"",""sha256"":""c18d7f45f30921bd1cfbb0d1e5436b6cc777a33739906896b94e042ecf14e3c8"",""sheet"":""Crosswalk"",""excel_row"":14261,""match_source"":""1"",""opeid_candidate_only"":""00394203"",""unitid"":243203,""peps_entity_name"":""University of Puerto Rico - Central Administration"",""peps_location_name"":""University of Puerto Rico - Central Administration - Medical Sciences"",""peps_title_iv"":""Yes [YCY]"",""ipeds_name"":""University of Puerto Rico-Medical Sciences Campus"",""opeid_main"":""00394200"",""coa"":[""00394203|02460000|8|20100727""]},{""kind"":""prior_award_year_fsa_same_named_grant_location_not_opeid_imputation"",""award_year"":""2008-2009"",""filename"":""Q40809AY.xls"",""url"":""https://studentaid.gov/sites/default/files/Q40809AY.xls"",""sha256"":""add9d82284bc92fff7ed5d55c9307185888e8d67549f71fe04ad9467d51257cc"",""sheet"":""Q4 0809 YTD"",""excel_row"":1954,""opeid8"":""00394203"",""school"":""UNIVERSITY OF PUERTO RICO - CENTRAL ADMINISTRATION - MEDICAL SCIENCES"",""state"":""PR"",""zip_code"":""009360000""}]",0
grants_2009_4503,grants,2009-2010,Q40910AY.xls,10e1e46d9e789ab7c4b5494ab2f367389ffbde019577ae156b9b01053fd20142,Q4 0910 YTD,4503,        ,UNIVERSITY OF PUERTO RICO - CENTRAL ADMINISTRATION - CAYEY,PR,7365534,https://studentaid.gov/sites/default/files/Q40910AY.xls,unresolved,,historical_identifier_transition_scope_unresolved,"[{""kind"":""unassigned_annual_hd_candidate"",""ipeds_year"":2009,""unitid"":243151,""opeid8"":""00394204"",""instnm"":""University of Puerto Rico at Cayey"",""state"":""PR"",""zip_code"":""00736-9997"",""url"":""https://nces.ed.gov/ipeds/datacenter/data/HD2009.zip"",""sha256"":""6639ed79d93a4313e0be5830d8250709924811f8dec3fb664a9dea56f7dc1774"",""member"":""hd2009.csv""},{""kind"":""underlying_cod_school_record_still_missing_opeid"",""url"":""https://studentaid.gov/sites/default/files/Q40910AY.xls"",""sha256"":""10e1e46d9e789ab7c4b5494ab2f367389ffbde019577ae156b9b01053fd20142"",""sheet"":""Schools"",""excel_row"":1931,""cod_system_school_id"":""11050"",""raw_opeid"":"""",""school"":""UNIVERSITY OF PUERTO RICO - CENTRAL ADMINISTRATION - CAYEY"",""state"":""PR"",""zip_code"":""7365534""}]","[""00394204""]",[243151],,True,Codex evidence review,2026-09-23,"Blank remains in report and underlying COD query/Schools worksheet. HD 2009 displays former 003942xx branch IDs; FSA 2009 already reports Mayaguez 00394400 while HD 2009 uses 00394202. Most blank rows share central-administration ZIP. Campus-Based/FFEL centrally report 00394200. Recovering an old branch ID or allocating central aid would assert unverified period/program scope. Separate grant-component UNITID identity is verified by exact PEPS location name, official CW2009 Source=1 singleton match, annual HD and prior-year identified FSA grant campus. OPEID remains unresolved; do not insert an inferred OPEID or copy central aid. No current-year identified grant row maps to this UNITID via CW primary/additional matches.",2791,12509651.02,728,577462,192,554999.88,243151,verified_component_identity_opeid_unresolved,official_peps_location_hd_prior_fsa_and_scope_review,"[{""kind"":""unassigned_annual_hd_candidate"",""ipeds_year"":2009,""unitid"":243151,""opeid8"":""00394204"",""instnm"":""University of Puerto Rico at Cayey"",""state"":""PR"",""zip_code"":""00736-9997"",""url"":""https://nces.ed.gov/ipeds/datacenter/data/HD2009.zip"",""sha256"":""6639ed79d93a4313e0be5830d8250709924811f8dec3fb664a9dea56f7dc1774"",""member"":""hd2009.csv""},{""kind"":""underlying_cod_school_record_still_missing_opeid"",""url"":""https://studentaid.gov/sites/default/files/Q40910AY.xls"",""sha256"":""10e1e46d9e789ab7c4b5494ab2f367389ffbde019577ae156b9b01053fd20142"",""sheet"":""Schools"",""excel_row"":1931,""cod_system_school_id"":""11050"",""raw_opeid"":"""",""school"":""UNIVERSITY OF PUERTO RICO - CENTRAL ADMINISTRATION - CAYEY"",""state"":""PR"",""zip_code"":""7365534""},{""kind"":""official_fsa_nces_crosswalk_campus_identity_only"",""archive_url"":""https://ed-public-download.scorecard.network/downloads/College_Scorecard_Raw_Data_06102026.zip"",""member"":""College_Scorecard_Raw_Data_06032026/Crosswalks/CW2009.xlsx"",""sha256"":""c18d7f45f30921bd1cfbb0d1e5436b6cc777a33739906896b94e042ecf14e3c8"",""sheet"":""Crosswalk"",""excel_row"":14262,""match_source"":""1"",""opeid_candidate_only"":""00394204"",""unitid"":243151,""peps_entity_name"":""University of Puerto Rico - Central Administration"",""peps_location_name"":""University of Puerto Rico - Central Administration - Cayey"",""peps_title_iv"":""Yes [YCY]"",""ipeds_name"":""University of Puerto Rico at Cayey"",""opeid_main"":""00394200"",""coa"":[""00394204|00720600|8|20100727""]},{""kind"":""prior_award_year_fsa_same_named_grant_location_not_opeid_imputation"",""award_year"":""2008-2009"",""filename"":""Q40809AY.xls"",""url"":""https://studentaid.gov/sites/default/files/Q40809AY.xls"",""sha256"":""add9d82284bc92fff7ed5d55c9307185888e8d67549f71fe04ad9467d51257cc"",""sheet"":""Q4 0809 YTD"",""excel_row"":1955,""opeid8"":""00394204"",""school"":""UNIVERSITY OF PUERTO RICO - CENTRAL ADMINISTRATION - CAYEY"",""state"":""PR"",""zip_code"":""007365534""}]",0
grants_2009_4504,grants,2009-2010,Q40910AY.xls,10e1e46d9e789ab7c4b5494ab2f367389ffbde019577ae156b9b01053fd20142,Q4 0910 YTD,4504,        ,UNIVERSITY OF PUERTO RICO - CENTRAL ADMINISTRATION - HUMACAO,PR,7914300,https://studentaid.gov/sites/default/files/Q40910AY.xls,unresolved,,historical_identifier_transition_scope_unresolved,"[{""kind"":""unassigned_annual_hd_candidate"",""ipeds_year"":2009,""unitid"":243179,""opeid8"":""00394205"",""instnm"":""University of Puerto Rico-Humacao"",""state"":""PR"",""zip_code"":""00791"",""url"":""https://nces.ed.gov/ipeds/datacenter/data/HD2009.zip"",""sha256"":""6639ed79d93a4313e0be5830d8250709924811f8dec3fb664a9dea56f7dc1774"",""member"":""hd2009.csv""},{""kind"":""underlying_cod_school_record_still_missing_opeid"",""url"":""https://studentaid.gov/sites/default/files/Q40910AY.xls"",""sha256"":""10e1e46d9e789ab7c4b5494ab2f367389ffbde019577ae156b9b01053fd20142"",""sheet"":""Schools"",""excel_row"":1932,""cod_system_school_id"":""11051"",""raw_opeid"":"""",""school"":""UNIVERSITY OF PUERTO RICO - CENTRAL ADMINISTRATION - HUMACAO"",""state"":""PR"",""zip_code"":""7914300""}]","[""00394205""]",[243179],,True,Codex evidence review,2026-09-23,"Blank remains in report and underlying COD query/Schools worksheet. HD 2009 displays former 003942xx branch IDs; FSA 2009 already reports Mayaguez 00394400 while HD 2009 uses 00394202. Most blank rows share central-administration ZIP. Campus-Based/FFEL centrally report 00394200. Recovering an old branch ID or allocating central aid would assert unverified period/program scope. Separate grant-component UNITID identity is verified by exact PEPS location name, official CW2009 Source=1 singleton match, annual HD and prior-year identified FSA grant campus. OPEID remains unresolved; do not insert an inferred OPEID or copy central aid. No current-year identified grant row maps to this UNITID via CW primary/additional matches.",3628,16386712.4,805,637063,141,416867,243179,verified_component_identity_opeid_unresolved,official_peps_location_hd_prior_fsa_and_scope_review,"[{""kind"":""unassigned_annual_hd_candidate"",""ipeds_year"":2009,""unitid"":243179,""opeid8"":""00394205"",""instnm"":""University of Puerto Rico-Humacao"",""state"":""PR"",""zip_code"":""00791"",""url"":""https://nces.ed.gov/ipeds/datacenter/data/HD2009.zip"",""sha256"":""6639ed79d93a4313e0be5830d8250709924811f8dec3fb664a9dea56f7dc1774"",""member"":""hd2009.csv""},{""kind"":""underlying_cod_school_record_still_missing_opeid"",""url"":""https://studentaid.gov/sites/default/files/Q40910AY.xls"",""sha256"":""10e1e46d9e789ab7c4b5494ab2f367389ffbde019577ae156b9b01053fd20142"",""sheet"":""Schools"",""excel_row"":1932,""cod_system_school_id"":""11051"",""raw_opeid"":"""",""school"":""UNIVERSITY OF PUERTO RICO - CENTRAL ADMINISTRATION - HUMACAO"",""state"":""PR"",""zip_code"":""7914300""},{""kind"":""official_fsa_nces_crosswalk_campus_identity_only"",""archive_url"":""https://ed-public-download.scorecard.network/downloads/College_Scorecard_Raw_Data_06102026.zip"",""member"":""College_Scorecard_Raw_Data_06032026/Crosswalks/CW2009.xlsx"",""sha256"":""c18d7f45f30921bd1cfbb0d1e5436b6cc777a33739906896b94e042ecf14e3c8"",""sheet"":""Crosswalk"",""excel_row"":14263,""match_source"":""1"",""opeid_candidate_only"":""00394205"",""unitid"":243179,""peps_entity_name"":""University of Puerto Rico - Central Administration"",""peps_location_name"":""University of Puerto Rico - Central Administration - Humacao"",""peps_title_iv"":""Yes [YCY]"",""ipeds_name"":""University of Puerto Rico-Humacao"",""opeid_main"":""00394200"",""coa"":[""00394205|00394300|8|20100727""]},{""kind"":""prior_award_year_fsa_same_named_grant_location_not_opeid_imputation"",""award_year"":""2008-2009"",""filename"":""Q40809AY.xls"",""url"":""https://studentaid.gov/sites/default/files/Q40809AY.xls"",""sha256"":""add9d82284bc92fff7ed5d55c9307185888e8d67549f71fe04ad9467d51257cc"",""sheet"":""Q4 0809 YTD"",""excel_row"":1956,""opeid8"":""00394205"",""school"":""UNIVERSITY OF PUERTO RICO - CENTRAL ADMINISTRATION - HUMACAO"",""state"":""PR"",""zip_code"":""007914300""}]",0
grants_2009_4505,grants,2009-2010,Q40910AY.xls,10e1e46d9e789ab7c4b5494ab2f367389ffbde019577ae156b9b01053fd20142,Q4 0910 YTD,4505,        ,UNIVERSITY OF PUERTO RICO - CENTRAL ADMINISTRATION - AGUADILLA,PR,6040160,https://studentaid.gov/sites/default/files/Q40910AY.xls,unresolved,,historical_identifier_transition_scope_unresolved,"[{""kind"":""unassigned_annual_hd_candidate"",""ipeds_year"":2009,""unitid"":243106,""opeid8"":""00394206"",""instnm"":""University of Puerto Rico-Aguadilla"",""state"":""PR"",""zip_code"":""00604-0160"",""url"":""https://nces.ed.gov/ipeds/datacenter/data/HD2009.zip"",""sha256"":""6639ed79d93a4313e0be5830d8250709924811f8dec3fb664a9dea56f7dc1774"",""member"":""hd2009.csv""},{""kind"":""underlying_cod_school_record_still_missing_opeid"",""url"":""https://studentaid.gov/sites/default/files/Q40910AY.xls"",""sha256"":""10e1e46d9e789ab7c4b5494ab2f367389ffbde019577ae156b9b01053fd20142"",""sheet"":""Schools"",""excel_row"":1933,""cod_system_school_id"":""11052"",""raw_opeid"":"""",""school"":""UNIVERSITY OF PUERTO RICO - CENTRAL ADMINISTRATION - AGUADILLA"",""state"":""PR"",""zip_code"":""6040160""}]","[""00394206""]",[243106],,True,Codex evidence review,2026-09-23,"Blank remains in report and underlying COD query/Schools worksheet. HD 2009 displays former 003942xx branch IDs; FSA 2009 already reports Mayaguez 00394400 while HD 2009 uses 00394202. Most blank rows share central-administration ZIP. Campus-Based/FFEL centrally report 00394200. Recovering an old branch ID or allocating central aid would assert unverified period/program scope. Separate grant-component UNITID identity is verified by exact PEPS location name, official CW2009 Source=1 singleton match, annual HD and prior-year identified FSA grant campus. OPEID remains unresolved; do not insert an inferred OPEID or copy central aid. No current-year identified grant row maps to this UNITID via CW primary/additional matches.",2575,11690440.89,568,449820,125,405900,243106,verified_component_identity_opeid_unresolved,official_peps_location_hd_prior_fsa_and_scope_review,"[{""kind"":""unassigned_annual_hd_candidate"",""ipeds_year"":2009,""unitid"":243106,""opeid8"":""00394206"",""instnm"":""University of Puerto Rico-Aguadilla"",""state"":""PR"",""zip_code"":""00604-0160"",""url"":""https://nces.ed.gov/ipeds/datacenter/data/HD2009.zip"",""sha256"":""6639ed79d93a4313e0be5830d8250709924811f8dec3fb664a9dea56f7dc1774"",""member"":""hd2009.csv""},{""kind"":""underlying_cod_school_record_still_missing_opeid"",""url"":""https://studentaid.gov/sites/default/files/Q40910AY.xls"",""sha256"":""10e1e46d9e789ab7c4b5494ab2f367389ffbde019577ae156b9b01053fd20142"",""sheet"":""Schools"",""excel_row"":1933,""cod_system_school_id"":""11052"",""raw_opeid"":"""",""school"":""UNIVERSITY OF PUERTO RICO - CENTRAL ADMINISTRATION - AGUADILLA"",""state"":""PR"",""zip_code"":""6040160""},{""kind"":""official_fsa_nces_crosswalk_campus_identity_only"",""archive_url"":""https://ed-public-download.scorecard.network/downloads/College_Scorecard_Raw_Data_06102026.zip"",""member"":""College_Scorecard_Raw_Data_06032026/Crosswalks/CW2009.xlsx"",""sha256"":""c18d7f45f30921bd1cfbb0d1e5436b6cc777a33739906896b94e042ecf14e3c8"",""sheet"":""Crosswalk"",""excel_row"":14264,""match_source"":""1"",""opeid_candidate_only"":""00394206"",""unitid"":243106,""peps_entity_name"":""University of Puerto Rico - Central Administration"",""peps_location_name"":""University of Puerto Rico - Central Administration - Aguadilla"",""peps_title_iv"":""Yes [YCY]"",""ipeds_name"":""University of Puerto Rico-Aguadilla"",""opeid_main"":""00394200"",""coa"":[""00394206|01212300|8|20100727""]},{""kind"":""prior_award_year_fsa_same_named_grant_location_not_opeid_imputation"",""award_year"":""2008-2009"",""filename"":""Q40809AY.xls"",""url"":""https://studentaid.gov/sites/default/files/Q40809AY.xls"",""sha256"":""add9d82284bc92fff7ed5d55c9307185888e8d67549f71fe04ad9467d51257cc"",""sheet"":""Q4 0809 YTD"",""excel_row"":1957,""opeid8"":""00394206"",""school"":""UNIVERSITY OF PUERTO RICO - CENTRAL ADMINISTRATION - AGUADILLA"",""state"":""PR"",""zip_code"":""006040160""}]",0
grants_2009_4506,grants,2009-2010,Q40910AY.xls,10e1e46d9e789ab7c4b5494ab2f367389ffbde019577ae156b9b01053fd20142,Q4 0910 YTD,4506,        ,UNIVERSITY OF PUERTO RICO - CENTRAL ADMINISTRATION - ARECIBO,PR,9364984,https://studentaid.gov/sites/default/files/Q40910AY.xls,unresolved,,historical_identifier_transition_scope_unresolved,"[{""kind"":""unassigned_annual_hd_candidate"",""ipeds_year"":2009,""unitid"":243115,""opeid8"":""00394207"",""instnm"":""University of Puerto Rico-Arecibo"",""state"":""PR"",""zip_code"":""00614-4010"",""url"":""https://nces.ed.gov/ipeds/datacenter/data/HD2009.zip"",""sha256"":""6639ed79d93a4313e0be5830d8250709924811f8dec3fb664a9dea56f7dc1774"",""member"":""hd2009.csv""},{""kind"":""underlying_cod_school_record_still_missing_opeid"",""url"":""https://studentaid.gov/sites/default/files/Q40910AY.xls"",""sha256"":""10e1e46d9e789ab7c4b5494ab2f367389ffbde019577ae156b9b01053fd20142"",""sheet"":""Schools"",""excel_row"":1934,""cod_system_school_id"":""11053"",""raw_opeid"":"""",""school"":""UNIVERSITY OF PUERTO RICO - CENTRAL ADMINISTRATION - ARECIBO"",""state"":""PR"",""zip_code"":""9364984""}]","[""00394207""]",[243115],,True,Codex evidence review,2026-09-23,"Blank remains in report and underlying COD query/Schools worksheet. HD 2009 displays former 003942xx branch IDs; FSA 2009 already reports Mayaguez 00394400 while HD 2009 uses 00394202. Most blank rows share central-administration ZIP. Campus-Based/FFEL centrally report 00394200. Recovering an old branch ID or allocating central aid would assert unverified period/program scope. Separate grant-component UNITID identity is verified by exact PEPS location name, official CW2009 Source=1 singleton match, annual HD and prior-year identified FSA grant campus. OPEID remains unresolved; do not insert an inferred OPEID or copy central aid. No current-year identified grant row maps to this UNITID via CW primary/additional matches.",3529,15971241.77,830,622743,114,351412.58,243115,verified_component_identity_opeid_unresolved,official_peps_location_hd_prior_fsa_and_scope_review,"[{""kind"":""unassigned_annual_hd_candidate"",""ipeds_year"":2009,""unitid"":243115,""opeid8"":""00394207"",""instnm"":""University of Puerto Rico-Arecibo"",""state"":""PR"",""zip_code"":""00614-4010"",""url"":""https://nces.ed.gov/ipeds/datacenter/data/HD2009.zip"",""sha256"":""6639ed79d93a4313e0be5830d8250709924811f8dec3fb664a9dea56f7dc1774"",""member"":""hd2009.csv""},{""kind"":""underlying_cod_school_record_still_missing_opeid"",""url"":""https://studentaid.gov/sites/default/files/Q40910AY.xls"",""sha256"":""10e1e46d9e789ab7c4b5494ab2f367389ffbde019577ae156b9b01053fd20142"",""sheet"":""Schools"",""excel_row"":1934,""cod_system_school_id"":""11053"",""raw_opeid"":"""",""school"":""UNIVERSITY OF PUERTO RICO - CENTRAL ADMINISTRATION - ARECIBO"",""state"":""PR"",""zip_code"":""9364984""},{""kind"":""official_fsa_nces_crosswalk_campus_identity_only"",""archive_url"":""https://ed-public-download.scorecard.network/downloads/College_Scorecard_Raw_Data_06102026.zip"",""member"":""College_Scorecard_Raw_Data_06032026/Crosswalks/CW2009.xlsx"",""sha256"":""c18d7f45f30921bd1cfbb0d1e5436b6cc777a33739906896b94e042ecf14e3c8"",""sheet"":""Crosswalk"",""excel_row"":14265,""match_source"":""1"",""opeid_candidate_only"":""00394207"",""unitid"":243115,""peps_entity_name"":""University of Puerto Rico - Central Administration"",""peps_location_name"":""University of Puerto Rico - Central Administration - Arecibo"",""peps_title_iv"":""Yes [YCY]"",""ipeds_name"":""University of Puerto Rico-Arecibo"",""opeid_main"":""00394200"",""coa"":[""00394207|00722800|8|20100727""]},{""kind"":""prior_award_year_fsa_same_named_grant_location_not_opeid_imputation"",""award_year"":""2008-2009"",""filename"":""Q40809AY.xls"",""url"":""https://studentaid.gov/sites/default/files/Q40809AY.xls"",""sha256"":""add9d82284bc92fff7ed5d55c9307185888e8d67549f71fe04ad9467d51257cc"",""sheet"":""Q4 0809 YTD"",""excel_row"":1958,""opeid8"":""00394207"",""school"":""UNIVERSITY OF PUERTO RICO - CENTRAL ADMINISTRATION - ARECIBO"",""state"":""PR"",""zip_code"":""009364984""}]",0
grants_2009_4507,grants,2009-2010,Q40910AY.xls,10e1e46d9e789ab7c4b5494ab2f367389ffbde019577ae156b9b01053fd20142,Q4 0910 YTD,4507,        ,UNIVERSITY OF PUERTO RICO - CENTRAL ADMINISTRATION - BAYAMON,PR,9364984,https://studentaid.gov/sites/default/files/Q40910AY.xls,unresolved,,historical_identifier_transition_scope_unresolved,"[{""kind"":""unassigned_annual_hd_candidate"",""ipeds_year"":2009,""unitid"":243133,""opeid8"":""00394208"",""instnm"":""University of Puerto Rico-Bayamon"",""state"":""PR"",""zip_code"":""00959"",""url"":""https://nces.ed.gov/ipeds/datacenter/data/HD2009.zip"",""sha256"":""6639ed79d93a4313e0be5830d8250709924811f8dec3fb664a9dea56f7dc1774"",""member"":""hd2009.csv""},{""kind"":""underlying_cod_school_record_still_missing_opeid"",""url"":""https://studentaid.gov/sites/default/files/Q40910AY.xls"",""sha256"":""10e1e46d9e789ab7c4b5494ab2f367389ffbde019577ae156b9b01053fd20142"",""sheet"":""Schools"",""excel_row"":1935,""cod_system_school_id"":""11054"",""raw_opeid"":"""",""school"":""UNIVERSITY OF PUERTO RICO - CENTRAL ADMINISTRATION - BAYAMON"",""state"":""PR"",""zip_code"":""9364984""}]","[""00394208""]",[243133],,True,Codex evidence review,2026-09-23,"Blank remains in report and underlying COD query/Schools worksheet. HD 2009 displays former 003942xx branch IDs; FSA 2009 already reports Mayaguez 00394400 while HD 2009 uses 00394202. Most blank rows share central-administration ZIP. Campus-Based/FFEL centrally report 00394200. Recovering an old branch ID or allocating central aid would assert unverified period/program scope. Separate grant-component UNITID identity is verified by exact PEPS location name, official CW2009 Source=1 singleton match, annual HD and prior-year identified FSA grant campus. OPEID remains unresolved; do not insert an inferred OPEID or copy central aid. No current-year identified grant row maps to this UNITID via CW primary/additional matches.",3467,15046295.84,682,532733.5,118,340725.8,243133,verified_component_identity_opeid_unresolved,official_peps_location_hd_prior_fsa_and_scope_review,"[{""kind"":""unassigned_annual_hd_candidate"",""ipeds_year"":2009,""unitid"":243133,""opeid8"":""00394208"",""instnm"":""University of Puerto Rico-Bayamon"",""state"":""PR"",""zip_code"":""00959"",""url"":""https://nces.ed.gov/ipeds/datacenter/data/HD2009.zip"",""sha256"":""6639ed79d93a4313e0be5830d8250709924811f8dec3fb664a9dea56f7dc1774"",""member"":""hd2009.csv""},{""kind"":""underlying_cod_school_record_still_missing_opeid"",""url"":""https://studentaid.gov/sites/default/files/Q40910AY.xls"",""sha256"":""10e1e46d9e789ab7c4b5494ab2f367389ffbde019577ae156b9b01053fd20142"",""sheet"":""Schools"",""excel_row"":1935,""cod_system_school_id"":""11054"",""raw_opeid"":"""",""school"":""UNIVERSITY OF PUERTO RICO - CENTRAL ADMINISTRATION - BAYAMON"",""state"":""PR"",""zip_code"":""9364984""},{""kind"":""official_fsa_nces_crosswalk_campus_identity_only"",""archive_url"":""https://ed-public-download.scorecard.network/downloads/College_Scorecard_Raw_Data_06102026.zip"",""member"":""College_Scorecard_Raw_Data_06032026/Crosswalks/CW2009.xlsx"",""sha256"":""c18d7f45f30921bd1cfbb0d1e5436b6cc777a33739906896b94e042ecf14e3c8"",""sheet"":""Crosswalk"",""excel_row"":14266,""match_source"":""1"",""opeid_candidate_only"":""00394208"",""unitid"":243133,""peps_entity_name"":""University of Puerto Rico - Central Administration"",""peps_location_name"":""University of Puerto Rico - Central Administration - Bayamon"",""peps_title_iv"":""Yes [YCY]"",""ipeds_name"":""University of Puerto Rico-Bayamon"",""opeid_main"":""00394200"",""coa"":[""00394208|01097500|8|20100727""]},{""kind"":""prior_award_year_fsa_same_named_grant_location_not_opeid_imputation"",""award_year"":""2008-2009"",""filename"":""Q40809AY.xls"",""url"":""https://studentaid.gov/sites/default/files/Q40809AY.xls"",""sha256"":""add9d82284bc92fff7ed5d55c9307185888e8d67549f71fe04ad9467d51257cc"",""sheet"":""Q4 0809 YTD"",""excel_row"":1959,""opeid8"":""00394208"",""school"":""UNIVERSITY OF PUERTO RICO - CENTRAL ADMINISTRATION - BAYAMON"",""state"":""PR"",""zip_code"":""009364984""}]",0
grants_2009_4508,grants,2009-2010,Q40910AY.xls,10e1e46d9e789ab7c4b5494ab2f367389ffbde019577ae156b9b01053fd20142,Q4 0910 YTD,4508,        ,UNIVERSITY OF PUERTO RICO - CENTRAL ADMINISTRATION - CAROLINA,PR,9364984,https://studentaid.gov/sites/default/files/Q40910AY.xls,unresolved,,historical_identifier_transition_scope_unresolved,"[{""kind"":""unassigned_annual_hd_candidate"",""ipeds_year"":2009,""unitid"":243142,""opeid8"":""00394209"",""instnm"":""University of Puerto Rico-Carolina"",""state"":""PR"",""zip_code"":""00984-4800"",""url"":""https://nces.ed.gov/ipeds/datacenter/data/HD2009.zip"",""sha256"":""6639ed79d93a4313e0be5830d8250709924811f8dec3fb664a9dea56f7dc1774"",""member"":""hd2009.csv""},{""kind"":""underlying_cod_school_record_still_missing_opeid"",""url"":""https://studentaid.gov/sites/default/files/Q40910AY.xls"",""sha256"":""10e1e46d9e789ab7c4b5494ab2f367389ffbde019577ae156b9b01053fd20142"",""sheet"":""Schools"",""excel_row"":1936,""cod_system_school_id"":""11055"",""raw_opeid"":"""",""school"":""UNIVERSITY OF PUERTO RICO - CENTRAL ADMINISTRATION - CAROLINA"",""state"":""PR"",""zip_code"":""9364984""}]","[""00394209""]",[243142],,True,Codex evidence review,2026-09-23,"Blank remains in report and underlying COD query/Schools worksheet. HD 2009 displays former 003942xx branch IDs; FSA 2009 already reports Mayaguez 00394400 while HD 2009 uses 00394202. Most blank rows share central-administration ZIP. Campus-Based/FFEL centrally report 00394200. Recovering an old branch ID or allocating central aid would assert unverified period/program scope. Separate grant-component UNITID identity is verified by exact PEPS location name, official CW2009 Source=1 singleton match, annual HD and prior-year identified FSA grant campus. OPEID remains unresolved; do not insert an inferred OPEID or copy central aid. No current-year identified grant row maps to this UNITID via CW primary/additional matches.",2905,11636982.35,624,485005.84,0,0,243142,verified_component_identity_opeid_unresolved,official_peps_location_hd_prior_fsa_and_scope_review,"[{""kind"":""unassigned_annual_hd_candidate"",""ipeds_year"":2009,""unitid"":243142,""opeid8"":""00394209"",""instnm"":""University of Puerto Rico-Carolina"",""state"":""PR"",""zip_code"":""00984-4800"",""url"":""https://nces.ed.gov/ipeds/datacenter/data/HD2009.zip"",""sha256"":""6639ed79d93a4313e0be5830d8250709924811f8dec3fb664a9dea56f7dc1774"",""member"":""hd2009.csv""},{""kind"":""underlying_cod_school_record_still_missing_opeid"",""url"":""https://studentaid.gov/sites/default/files/Q40910AY.xls"",""sha256"":""10e1e46d9e789ab7c4b5494ab2f367389ffbde019577ae156b9b01053fd20142"",""sheet"":""Schools"",""excel_row"":1936,""cod_system_school_id"":""11055"",""raw_opeid"":"""",""school"":""UNIVERSITY OF PUERTO RICO - CENTRAL ADMINISTRATION - CAROLINA"",""state"":""PR"",""zip_code"":""9364984""},{""kind"":""official_fsa_nces_crosswalk_campus_identity_only"",""archive_url"":""https://ed-public-download.scorecard.network/downloads/College_Scorecard_Raw_Data_06102026.zip"",""member"":""College_Scorecard_Raw_Data_06032026/Crosswalks/CW2009.xlsx"",""sha256"":""c18d7f45f30921bd1cfbb0d1e5436b6cc777a33739906896b94e042ecf14e3c8"",""sheet"":""Crosswalk"",""excel_row"":14267,""match_source"":""1"",""opeid_candidate_only"":""00394209"",""unitid"":243142,""peps_entity_name"":""University of Puerto Rico - Central Administration"",""peps_location_name"":""University of Puerto Rico - Central Administration - Carolina"",""peps_title_iv"":""Yes [YCY]"",""ipeds_name"":""University of Puerto Rico-Carolina"",""opeid_main"":""00394200"",""coa"":[""00394209|03016000|8|20100727""]},{""kind"":""prior_award_year_fsa_same_named_grant_location_not_opeid_imputation"",""award_year"":""2008-2009"",""filename"":""Q40809AY.xls"",""url"":""https://studentaid.gov/sites/default/files/Q40809AY.xls"",""sha256"":""add9d82284bc92fff7ed5d55c9307185888e8d67549f71fe04ad9467d51257cc"",""sheet"":""Q4 0809 YTD"",""excel_row"":1960,""opeid8"":""00394209"",""school"":""UNIVERSITY OF PUERTO RICO - CENTRAL ADMINISTRATION - CAROLINA"",""state"":""PR"",""zip_code"":""009364984""}]",0
grants_2009_4509,grants,2009-2010,Q40910AY.xls,10e1e46d9e789ab7c4b5494ab2f367389ffbde019577ae156b9b01053fd20142,Q4 0910 YTD,4509,        ,UNIVERSITY OF PUERTO RICO - CENTRAL ADMINISTRATION - PONCE,PR,9364984,https://studentaid.gov/sites/default/files/Q40910AY.xls,unresolved,,historical_identifier_transition_scope_unresolved,"[{""kind"":""unassigned_annual_hd_candidate"",""ipeds_year"":2009,""unitid"":243212,""opeid8"":""00394210"",""instnm"":""University of Puerto Rico in Ponce"",""state"":""PR"",""zip_code"":""00716-9996"",""url"":""https://nces.ed.gov/ipeds/datacenter/data/HD2009.zip"",""sha256"":""6639ed79d93a4313e0be5830d8250709924811f8dec3fb664a9dea56f7dc1774"",""member"":""hd2009.csv""},{""kind"":""underlying_cod_school_record_still_missing_opeid"",""url"":""https://studentaid.gov/sites/default/files/Q40910AY.xls"",""sha256"":""10e1e46d9e789ab7c4b5494ab2f367389ffbde019577ae156b9b01053fd20142"",""sheet"":""Schools"",""excel_row"":1937,""cod_system_school_id"":""11056"",""raw_opeid"":"""",""school"":""UNIVERSITY OF PUERTO RICO - CENTRAL ADMINISTRATION - PONCE"",""state"":""PR"",""zip_code"":""9364984""}]","[""00394210""]",[243212],,True,Codex evidence review,2026-09-23,"Blank remains in report and underlying COD query/Schools worksheet. HD 2009 displays former 003942xx branch IDs; FSA 2009 already reports Mayaguez 00394400 while HD 2009 uses 00394202. Most blank rows share central-administration ZIP. Campus-Based/FFEL centrally report 00394200. Recovering an old branch ID or allocating central aid would assert unverified period/program scope. Separate grant-component UNITID identity is verified by exact PEPS location name, official CW2009 Source=1 singleton match, annual HD and prior-year identified FSA grant campus. OPEID remains unresolved; do not insert an inferred OPEID or copy central aid. No current-year identified grant row maps to this UNITID via CW primary/additional matches.",2776,12355162.22,808,609106.75,65,189604,243212,verified_component_identity_opeid_unresolved,official_peps_location_hd_prior_fsa_and_scope_review,"[{""kind"":""unassigned_annual_hd_candidate"",""ipeds_year"":2009,""unitid"":243212,""opeid8"":""00394210"",""instnm"":""University of Puerto Rico in Ponce"",""state"":""PR"",""zip_code"":""00716-9996"",""url"":""https://nces.ed.gov/ipeds/datacenter/data/HD2009.zip"",""sha256"":""6639ed79d93a4313e0be5830d8250709924811f8dec3fb664a9dea56f7dc1774"",""member"":""hd2009.csv""},{""kind"":""underlying_cod_school_record_still_missing_opeid"",""url"":""https://studentaid.gov/sites/default/files/Q40910AY.xls"",""sha256"":""10e1e46d9e789ab7c4b5494ab2f367389ffbde019577ae156b9b01053fd20142"",""sheet"":""Schools"",""excel_row"":1937,""cod_system_school_id"":""11056"",""raw_opeid"":"""",""school"":""UNIVERSITY OF PUERTO RICO - CENTRAL ADMINISTRATION - PONCE"",""state"":""PR"",""zip_code"":""9364984""},{""kind"":""official_fsa_nces_crosswalk_campus_identity_only"",""archive_url"":""https://ed-public-download.scorecard.network/downloads/College_Scorecard_Raw_Data_06102026.zip"",""member"":""College_Scorecard_Raw_Data_06032026/Crosswalks/CW2009.xlsx"",""sha256"":""c18d7f45f30921bd1cfbb0d1e5436b6cc777a33739906896b94e042ecf14e3c8"",""sheet"":""Crosswalk"",""excel_row"":14268,""match_source"":""1"",""opeid_candidate_only"":""00394210"",""unitid"":243212,""peps_entity_name"":""University of Puerto Rico - Central Administration"",""peps_location_name"":""University of Puerto Rico - Central Administration - Ponce"",""peps_title_iv"":""Yes [YCY]"",""ipeds_name"":""University of Puerto Rico in Ponce"",""opeid_main"":""00394200"",""coa"":[""00394210|00965200|8|20100727""]},{""kind"":""prior_award_year_fsa_same_named_grant_location_not_opeid_imputation"",""award_year"":""2008-2009"",""filename"":""Q40809AY.xls"",""url"":""https://studentaid.gov/sites/default/files/Q40809AY.xls"",""sha256"":""add9d82284bc92fff7ed5d55c9307185888e8d67549f71fe04ad9467d51257cc"",""sheet"":""Q4 0809 YTD"",""excel_row"":1961,""opeid8"":""00394210"",""school"":""UNIVERSITY OF PUERTO RICO - CENTRAL ADMINISTRATION - PONCE"",""state"":""PR"",""zip_code"":""009364984""}]",0
grants_2009_4510,grants,2009-2010,Q40910AY.xls,10e1e46d9e789ab7c4b5494ab2f367389ffbde019577ae156b9b01053fd20142,Q4 0910 YTD,4510,        ,UNIVERSITY OF PUERTO RICO - CENTRAL ADMINISTRATION - LA MONTAþA,PR,9364984,https://studentaid.gov/sites/default/files/Q40910AY.xls,unresolved,,historical_identifier_transition_scope_unresolved,"[{""kind"":""unassigned_annual_hd_candidate"",""ipeds_year"":2009,""unitid"":243188,""opeid8"":""00394211"",""instnm"":""University of Puerto Rico-Utuado"",""state"":""PR"",""zip_code"":""00641"",""url"":""https://nces.ed.gov/ipeds/datacenter/data/HD2009.zip"",""sha256"":""6639ed79d93a4313e0be5830d8250709924811f8dec3fb664a9dea56f7dc1774"",""member"":""hd2009.csv""},{""kind"":""underlying_cod_school_record_still_missing_opeid"",""url"":""https://studentaid.gov/sites/default/files/Q40910AY.xls"",""sha256"":""10e1e46d9e789ab7c4b5494ab2f367389ffbde019577ae156b9b01053fd20142"",""sheet"":""Schools"",""excel_row"":1938,""cod_system_school_id"":""11057"",""raw_opeid"":"""",""school"":""UNIVERSITY OF PUERTO RICO - CENTRAL ADMINISTRATION - LA MONTA\u00feA"",""state"":""PR"",""zip_code"":""9364984""}]","[""00394211""]",[243188],,True,Codex evidence review,2026-09-23,"Blank remains in report and underlying COD query/Schools worksheet. HD 2009 displays former 003942xx branch IDs; FSA 2009 already reports Mayaguez 00394400 while HD 2009 uses 00394202. Most blank rows share central-administration ZIP. Campus-Based/FFEL centrally report 00394200. Recovering an old branch ID or allocating central aid would assert unverified period/program scope. Separate grant-component UNITID identity is verified by exact PEPS location name, official CW2009 Source=1 singleton match, annual HD and prior-year identified FSA grant campus. OPEID remains unresolved; do not insert an inferred OPEID or copy central aid. No current-year identified grant row maps to this UNITID via CW primary/additional matches.",1276,5562988.13,345,255106.5,0,0,243188,verified_component_identity_opeid_unresolved,official_peps_location_hd_prior_fsa_and_scope_review,"[{""kind"":""unassigned_annual_hd_candidate"",""ipeds_year"":2009,""unitid"":243188,""opeid8"":""00394211"",""instnm"":""University of Puerto Rico-Utuado"",""state"":""PR"",""zip_code"":""00641"",""url"":""https://nces.ed.gov/ipeds/datacenter/data/HD2009.zip"",""sha256"":""6639ed79d93a4313e0be5830d8250709924811f8dec3fb664a9dea56f7dc1774"",""member"":""hd2009.csv""},{""kind"":""underlying_cod_school_record_still_missing_opeid"",""url"":""https://studentaid.gov/sites/default/files/Q40910AY.xls"",""sha256"":""10e1e46d9e789ab7c4b5494ab2f367389ffbde019577ae156b9b01053fd20142"",""sheet"":""Schools"",""excel_row"":1938,""cod_system_school_id"":""11057"",""raw_opeid"":"""",""school"":""UNIVERSITY OF PUERTO RICO - CENTRAL ADMINISTRATION - LA MONTA\u00feA"",""state"":""PR"",""zip_code"":""9364984""},{""kind"":""official_fsa_nces_crosswalk_campus_identity_only"",""archive_url"":""https://ed-public-download.scorecard.network/downloads/College_Scorecard_Raw_Data_06102026.zip"",""member"":""College_Scorecard_Raw_Data_06032026/Crosswalks/CW2009.xlsx"",""sha256"":""c18d7f45f30921bd1cfbb0d1e5436b6cc777a33739906896b94e042ecf14e3c8"",""sheet"":""Crosswalk"",""excel_row"":14269,""match_source"":""1"",""opeid_candidate_only"":""00394211"",""unitid"":243188,""peps_entity_name"":""University of Puerto Rico - Central Administration"",""peps_location_name"":""University of Puerto Rico - Central Administration - La Monta\u00f1a"",""peps_title_iv"":""Yes [YCY]"",""ipeds_name"":""University of Puerto Rico-Utuado"",""opeid_main"":""00394200"",""coa"":[""00394211|01092200|8|20100727""]},{""kind"":""prior_award_year_fsa_same_named_grant_location_not_opeid_imputation"",""award_year"":""2008-2009"",""filename"":""Q40809AY.xls"",""url"":""https://studentaid.gov/sites/default/files/Q40809AY.xls"",""sha256"":""add9d82284bc92fff7ed5d55c9307185888e8d67549f71fe04ad9467d51257cc"",""sheet"":""Q4 0809 YTD"",""excel_row"":1962,""opeid8"":""00394211"",""school"":""UNIVERSITY OF PUERTO RICO - CENTRAL ADMINISTRATION - LA MONTA\u00feA"",""state"":""PR"",""zip_code"":""009364984""}]",0
campus_based_2001_927,campus_based,2001-2002,CBDashboard0102.xls,314876f003f6c5bb42fc5cfefd3783fbb2713f0ae069f8f45114e56f1f11cc86,AY2001-02,927,00000000,UNIVERSITY OF FORT LAUDERDALE,FL,33313,https://studentaid.gov/sites/default/files/CBDashboard0102.xls,unresolved,,zero_only_row_without_verified_contemporaneous_identity,,[],[],,True,Codex evidence review,2026-09-23,"Source OPEID is the invalid placeholder 00000000, not a blank. All nine reported Campus-Based measures are numeric zero. No matching contemporaneous full-ID FSA record or uniquely verified annual HD identity supports recovery; zero source activity does not establish Title IV participation or inclusion in an IPEDS universe.",,,,,,,,,,,
campus_based_2001_2369,campus_based,2001-2002,CBDashboard0102.xls,314876f003f6c5bb42fc5cfefd3783fbb2713f0ae069f8f45114e56f1f11cc86,AY2001-02,2369,00000000,BAIS MEDRASH TORAS CHESED,NJ,08701,https://studentaid.gov/sites/default/files/CBDashboard0102.xls,unresolved,,zero_only_row_without_verified_contemporaneous_identity,,[],[],,True,Codex evidence review,2026-09-23,"Source OPEID is the invalid placeholder 00000000, not a blank. All nine reported Campus-Based measures are numeric zero. No matching contemporaneous full-ID FSA record or uniquely verified annual HD identity supports recovery; zero source activity does not establish Title IV participation or inclusion in an IPEDS universe.",,,,,,,,,,,
campus_based_2002_2365,campus_based,2002-2003,CBDashboard0203.xls,75b6440352062d875589116d5d66b8d0a89a173b04a3bcab02c343f36a4d6fe6,AY2002-03,2365,00000000,BAIS MEDRASH TORAS CHESED,NJ,08701,https://studentaid.gov/sites/default/files/CBDashboard0203.xls,unresolved,,zero_only_row_without_verified_contemporaneous_identity,,[],[],,True,Codex evidence review,2026-09-23,"Source OPEID is the invalid placeholder 00000000, not a blank. All nine reported Campus-Based measures are numeric zero. No matching contemporaneous full-ID FSA record or uniquely verified annual HD identity supports recovery; zero source activity does not establish Title IV participation or inclusion in an IPEDS universe.",,,,,,,,,,,
campus_based_2002_2408,campus_based,2002-2003,CBDashboard0203.xls,75b6440352062d875589116d5d66b8d0a89a173b04a3bcab02c343f36a4d6fe6,AY2002-03,2408,00000000,MESIVTA KESSER TORAH,NJ,07719,https://studentaid.gov/sites/default/files/CBDashboard0203.xls,unresolved,,zero_only_row_without_verified_contemporaneous_identity,,[],[],,True,Codex evidence review,2026-09-23,"Source OPEID is the invalid placeholder 00000000, not a blank. All nine reported Campus-Based measures are numeric zero. No matching contemporaneous full-ID FSA record or uniquely verified annual HD identity supports recovery; zero source activity does not establish Title IV participation or inclusion in an IPEDS universe.",,,,,,,,,,,
campus_based_2003_2386,campus_based,2003-2004,CBDashboard0304.xls,8338d404f1308387d2f24ab77bd6e2e4509dd2574d4e1a4c421ab83c276947b1,AY2003-04,2386,00000000,BAIS MEDRASH TORAS CHESED,NJ,08701,https://studentaid.gov/sites/default/files/CBDashboard0304.xls,unresolved,,zero_only_row_without_verified_contemporaneous_identity,,[],[],,True,Codex evidence review,2026-09-23,"Source OPEID is the invalid placeholder 00000000, not a blank. All nine reported Campus-Based measures are numeric zero. No matching contemporaneous full-ID FSA record or uniquely verified annual HD identity supports recovery; zero source activity does not establish Title IV participation or inclusion in an IPEDS universe.",,,,,,,,,,,
campus_based_2003_2430,campus_based,2003-2004,CBDashboard0304.xls,8338d404f1308387d2f24ab77bd6e2e4509dd2574d4e1a4c421ab83c276947b1,AY2003-04,2430,00000000,MESIVTA KESSER TORAH,NJ,07719,https://studentaid.gov/sites/default/files/CBDashboard0304.xls,unresolved,,zero_only_row_without_verified_contemporaneous_identity,,[],[],,True,Codex evidence review,2026-09-23,"Source OPEID is the invalid placeholder 00000000, not a blank. All nine reported Campus-Based measures are numeric zero. No matching contemporaneous full-ID FSA record or uniquely verified annual HD identity supports recovery; zero source activity does not establish Title IV participation or inclusion in an IPEDS universe.",,,,,,,,,,,
campus_based_2003_2645,campus_based,2003-2004,CBDashboard0304.xls,8338d404f1308387d2f24ab77bd6e2e4509dd2574d4e1a4c421ab83c276947b1,AY2003-04,2645,00000000,Mercaz Hatorah of Belle Harbor,NY,11694,https://studentaid.gov/sites/default/files/CBDashboard0304.xls,unresolved,,zero_only_row_without_verified_contemporaneous_identity,,[],[],,True,Codex evidence review,2026-09-23,"Source OPEID is the invalid placeholder 00000000, not a blank. All nine reported Campus-Based measures are numeric zero. No matching contemporaneous full-ID FSA record or uniquely verified annual HD identity supports recovery; zero source activity does not establish Title IV participation or inclusion in an IPEDS universe.",,,,,,,,,,,
campus_based_2003_2776,campus_based,2003-2004,CBDashboard0304.xls,8338d404f1308387d2f24ab77bd6e2e4509dd2574d4e1a4c421ab83c276947b1,AY2003-04,2776,00000000,UTA Masivta,NY,11950,https://studentaid.gov/sites/default/files/CBDashboard0304.xls,unresolved,,zero_only_row_without_verified_contemporaneous_identity,,[],[],,True,Codex evidence review,2026-09-23,"Source OPEID is the invalid placeholder 00000000, not a blank. All nine reported Campus-Based measures are numeric zero. No matching contemporaneous full-ID FSA record or uniquely verified annual HD identity supports recovery; zero source activity does not establish Title IV participation or inclusion in an IPEDS universe. The source ZIP 11950 differs from later Uta Mesivta of Kiryas Joel 10950; neither a typo correction nor backdating its 2005 HD record is authorized by the source.",,,,,,,,,,,
campus_based_2004_2376,campus_based,2004-2005,CBDashboard0405.xls,96d1d4b904662e9bbc1ca9d638ba56fe09177656f6ea370ae022465553f034eb,AY2004-05,2376,00000000,BAIS MEDRASH TORAS CHESED,NJ,08701,https://studentaid.gov/sites/default/files/CBDashboard0405.xls,unresolved,,zero_only_row_without_verified_contemporaneous_identity,,[],[],,True,Codex evidence review,2026-09-23,"Source OPEID is the invalid placeholder 00000000, not a blank. All nine reported Campus-Based measures are numeric zero. No matching contemporaneous full-ID FSA record or uniquely verified annual HD identity supports recovery; zero source activity does not establish Title IV participation or inclusion in an IPEDS universe.",,,,,,,,,,,
campus_based_2004_2421,campus_based,2004-2005,CBDashboard0405.xls,96d1d4b904662e9bbc1ca9d638ba56fe09177656f6ea370ae022465553f034eb,AY2004-05,2421,00000000,MESIVTA KESSER TORAH,NJ,07719,https://studentaid.gov/sites/default/files/CBDashboard0405.xls,unresolved,,zero_only_row_without_verified_contemporaneous_identity,,[],[],,True,Codex evidence review,2026-09-23,"Source OPEID is the invalid placeholder 00000000, not a blank. All nine reported Campus-Based measures are numeric zero. No matching contemporaneous full-ID FSA record or uniquely verified annual HD identity supports recovery; zero source activity does not establish Title IV participation or inclusion in an IPEDS universe.",,,,,,,,,,,
campus_based_2004_2467,campus_based,2004-2005,CBDashboard0405.xls,96d1d4b904662e9bbc1ca9d638ba56fe09177656f6ea370ae022465553f034eb,AY2004-05,2467,00000000,YESHIVA BE'AR YITZCHOK,NJ,07208,https://studentaid.gov/sites/default/files/CBDashboard0405.xls,unresolved,,zero_only_row_without_verified_contemporaneous_identity,,[],[],,True,Codex evidence review,2026-09-23,"Source OPEID is the invalid placeholder 00000000, not a blank. All nine reported Campus-Based measures are numeric zero. No matching contemporaneous full-ID FSA record or uniquely verified annual HD identity supports recovery; zero source activity does not establish Title IV participation or inclusion in an IPEDS universe.",,,,,,,,,,,
campus_based_2004_2468,campus_based,2004-2005,CBDashboard0405.xls,96d1d4b904662e9bbc1ca9d638ba56fe09177656f6ea370ae022465553f034eb,AY2004-05,2468,00000000,Yeshiva Toras Chaim,NJ,08701,https://studentaid.gov/sites/default/files/CBDashboard0405.xls,unresolved,,zero_only_row_without_verified_contemporaneous_identity,,[],[],,True,Codex evidence review,2026-09-23,"Source OPEID is the invalid placeholder 00000000, not a blank. All nine reported Campus-Based measures are numeric zero. No matching contemporaneous full-ID FSA record or uniquely verified annual HD identity supports recovery; zero source activity does not establish Title IV participation or inclusion in an IPEDS universe.",,,,,,,,,,,
campus_based_2004_2640,campus_based,2004-2005,CBDashboard0405.xls,96d1d4b904662e9bbc1ca9d638ba56fe09177656f6ea370ae022465553f034eb,AY2004-05,2640,00000000,Mercaz Hatorah of Belle Harbor,NY,11694,https://studentaid.gov/sites/default/files/CBDashboard0405.xls,unresolved,,zero_only_row_without_verified_contemporaneous_identity,,[],[],,True,Codex evidence review,2026-09-23,"Source OPEID is the invalid placeholder 00000000, not a blank. All nine reported Campus-Based measures are numeric zero. No matching contemporaneous full-ID FSA record or uniquely verified annual HD identity supports recovery; zero source activity does not establish Title IV participation or inclusion in an IPEDS universe.",,,,,,,,,,,
campus_based_2004_2787,campus_based,2004-2005,CBDashboard0405.xls,96d1d4b904662e9bbc1ca9d638ba56fe09177656f6ea370ae022465553f034eb,AY2004-05,2787,00000000,Yeshiva Machzikei Hadath,NY,11204,https://studentaid.gov/sites/default/files/CBDashboard0405.xls,unresolved,,possible_duplicate_of_existing_identified_row,"[{""kind"":""unassigned_annual_hd_candidate"",""ipeds_year"":2004,""unitid"":192624,""opeid8"":""01302600"",""instnm"":""MACHZIKEI HADATH RABBINICAL COLLEGE"",""state"":""NY"",""zip_code"":""11204"",""url"":""https://nces.ed.gov/ipeds/datacenter/data/HD2004.zip"",""sha256"":""92a3dc3079f3e7cd5dcd2693361ee8a84661c373851682a9d4a21a36fd95aa5f"",""member"":""hd2004.csv""}]","[""01302600""]",[192624],1,True,Codex evidence review,2026-09-23,"Source OPEID is the invalid placeholder 00000000, not a blank. All nine reported Campus-Based measures are numeric zero. No matching contemporaneous full-ID FSA record or uniquely verified annual HD identity supports recovery; zero source activity does not establish Title IV participation or inclusion in an IPEDS universe. The same workbook already includes Machzikei Hadath Rabbinical College 01302600,ZIP 11204. This zero-ID entry may be a duplicate or separate applicant; do not add an institution or merge it without evidence.",,,,,,,,,,,
campus_based_2005_882,campus_based,2005-2006,CBDashboard0506.xls,796c09c9b105c0adf3fd19a86cfeb400324abb11cdedaf4d9cbd7080db346814,AY2005-06,882,00000000,MedVance Institute,FL,34994,https://studentaid.gov/sites/default/files/CBDashboard0506.xls,unresolved,,zero_only_row_without_verified_contemporaneous_identity,"[{""kind"":""unassigned_annual_hd_candidate"",""ipeds_year"":2005,""unitid"":445744,""opeid8"":""03480302"",""instnm"":""Medvance Institute-Stuart"",""state"":""FL"",""zip_code"":""34994"",""url"":""https://nces.ed.gov/ipeds/datacenter/data/HD2005.zip"",""sha256"":""b6c9c0e4634f4404d0670c907e22964ea96932eb2cebbc2efb0759fe055ecbb7"",""member"":""hd2005.csv""}]","[""03480302""]",[445744],,True,Codex evidence review,2026-09-23,"Source OPEID is the invalid placeholder 00000000, not a blank. All nine reported Campus-Based measures are numeric zero. No matching contemporaneous full-ID FSA record or uniquely verified annual HD identity supports recovery; zero source activity does not establish Title IV participation or inclusion in an IPEDS universe. HD 2005 has Medvance Institute-Stuart 03480302,ZIP 34994, but parent 03480300 already reports Campus-Based aid; absent a same-year campus full-ID corroboration and reporting-scope evidence, leave unassigned.",,,,,,,,,,,
campus_based_2005_2375,campus_based,2005-2006,CBDashboard0506.xls,796c09c9b105c0adf3fd19a86cfeb400324abb11cdedaf4d9cbd7080db346814,AY2005-06,2375,00000000,BAIS MEDRASH TORAS CHESED,NJ,08701,https://studentaid.gov/sites/default/files/CBDashboard0506.xls,unresolved,,zero_only_row_without_verified_contemporaneous_identity,,[],[],,True,Codex evidence review,2026-09-23,"Source OPEID is the invalid placeholder 00000000, not a blank. All nine reported Campus-Based measures are numeric zero. No matching contemporaneous full-ID FSA record or uniquely verified annual HD identity supports recovery; zero source activity does not establish Title IV participation or inclusion in an IPEDS universe.",,,,,,,,,,,
campus_based_2005_2419,campus_based,2005-2006,CBDashboard0506.xls,796c09c9b105c0adf3fd19a86cfeb400324abb11cdedaf4d9cbd7080db346814,AY2005-06,2419,00000000,MESIVTA KESSER TORAH,NJ,07719,https://studentaid.gov/sites/default/files/CBDashboard0506.xls,unresolved,,zero_only_row_without_verified_contemporaneous_identity,,[],[],,True,Codex evidence review,2026-09-23,"Source OPEID is the invalid placeholder 00000000, not a blank. All nine reported Campus-Based measures are numeric zero. No matching contemporaneous full-ID FSA record or uniquely verified annual HD identity supports recovery; zero source activity does not establish Title IV participation or inclusion in an IPEDS universe.",,,,,,,,,,,
campus_based_2005_2465,campus_based,2005-2006,CBDashboard0506.xls,796c09c9b105c0adf3fd19a86cfeb400324abb11cdedaf4d9cbd7080db346814,AY2005-06,2465,00000000,YESHIVA BE'AR YITZCHOK,NJ,07208,https://studentaid.gov/sites/default/files/CBDashboard0506.xls,unresolved,,zero_only_row_without_verified_contemporaneous_identity,,[],[],,True,Codex evidence review,2026-09-23,"Source OPEID is the invalid placeholder 00000000, not a blank. All nine reported Campus-Based measures are numeric zero. No matching contemporaneous full-ID FSA record or uniquely verified annual HD identity supports recovery; zero source activity does not establish Title IV participation or inclusion in an IPEDS universe.",,,,,,,,,,,
campus_based_2005_2466,campus_based,2005-2006,CBDashboard0506.xls,796c09c9b105c0adf3fd19a86cfeb400324abb11cdedaf4d9cbd7080db346814,AY2005-06,2466,00000000,Yeshiva Toras Chaim,NJ,08701,https://studentaid.gov/sites/default/files/CBDashboard0506.xls,unresolved,,zero_only_row_without_verified_contemporaneous_identity,,[],[],,True,Codex evidence review,2026-09-23,"Source OPEID is the invalid placeholder 00000000, not a blank. All nine reported Campus-Based measures are numeric zero. No matching contemporaneous full-ID FSA record or uniquely verified annual HD identity supports recovery; zero source activity does not establish Title IV participation or inclusion in an IPEDS universe.",,,,,,,,,,,
campus_based_2005_2777,campus_based,2005-2006,CBDashboard0506.xls,796c09c9b105c0adf3fd19a86cfeb400324abb11cdedaf4d9cbd7080db346814,AY2005-06,2777,00000000,Yeshiva Machzikei Hadath,NY,11204,https://studentaid.gov/sites/default/files/CBDashboard0506.xls,unresolved,,possible_duplicate_of_existing_identified_row,"[{""kind"":""unassigned_annual_hd_candidate"",""ipeds_year"":2005,""unitid"":192624,""opeid8"":""01302600"",""instnm"":""Machzikei Hadath Rabbinical College"",""state"":""NY"",""zip_code"":""11204"",""url"":""https://nces.ed.gov/ipeds/datacenter/data/HD2005.zip"",""sha256"":""b6c9c0e4634f4404d0670c907e22964ea96932eb2cebbc2efb0759fe055ecbb7"",""member"":""hd2005.csv""}]","[""01302600""]",[192624],1,True,Codex evidence review,2026-09-23,"Source OPEID is the invalid placeholder 00000000, not a blank. All nine reported Campus-Based measures are numeric zero. No matching contemporaneous full-ID FSA record or uniquely verified annual HD identity supports recovery; zero source activity does not establish Title IV participation or inclusion in an IPEDS universe. The same workbook already includes Machzikei Hadath Rabbinical College 01302600,ZIP 11204. This zero-ID entry may be a duplicate or separate applicant; do not add an institution or merge it without evidence.",,,,,,,,,,,
campus_based_2005_2783,campus_based,2005-2006,CBDashboard0506.xls,796c09c9b105c0adf3fd19a86cfeb400324abb11cdedaf4d9cbd7080db346814,AY2005-06,2783,00000000,Yeshiva Zichron Aryeh,NY,11516,https://studentaid.gov/sites/default/files/CBDashboard0506.xls,unresolved,,zero_only_row_without_verified_contemporaneous_identity,,[],[],,True,Codex evidence review,2026-09-23,"Source OPEID is the invalid placeholder 00000000, not a blank. All nine reported Campus-Based measures are numeric zero. No matching contemporaneous full-ID FSA record or uniquely verified annual HD identity supports recovery; zero source activity does not establish Title IV participation or inclusion in an IPEDS universe.",,,,,,,,,,,
