family,award_year,award_year_start,source_filename,source_url,source_sha256,sheet_name,original_header,canonical_column,header_observed,nonempty_source_cells,source_symbol_tokens
campus_based,2001-2002,2001,CBDashboard0102.xls,https://studentaid.gov/sites/default/files/CBDashboard0102.xls,314876f003f6c5bb42fc5cfefd3783fbb2713f0ae069f8f45114e56f1f11cc86,AY2001-02,OPE ID,opeid8,True,4040,[]
campus_based,2001-2002,2001,CBDashboard0102.xls,https://studentaid.gov/sites/default/files/CBDashboard0102.xls,314876f003f6c5bb42fc5cfefd3783fbb2713f0ae069f8f45114e56f1f11cc86,AY2001-02,School,school,True,4040,[]
campus_based,2001-2002,2001,CBDashboard0102.xls,https://studentaid.gov/sites/default/files/CBDashboard0102.xls,314876f003f6c5bb42fc5cfefd3783fbb2713f0ae069f8f45114e56f1f11cc86,AY2001-02,State,state,True,4040,[]
campus_based,2001-2002,2001,CBDashboard0102.xls,https://studentaid.gov/sites/default/files/CBDashboard0102.xls,314876f003f6c5bb42fc5cfefd3783fbb2713f0ae069f8f45114e56f1f11cc86,AY2001-02,Zip Code,zip_code,True,4040,[]
campus_based,2001-2002,2001,CBDashboard0102.xls,https://studentaid.gov/sites/default/files/CBDashboard0102.xls,314876f003f6c5bb42fc5cfefd3783fbb2713f0ae069f8f45114e56f1f11cc86,AY2001-02,School Type,school_type,True,4040,[]
campus_based,2001-2002,2001,CBDashboard0102.xls,https://studentaid.gov/sites/default/files/CBDashboard0102.xls,314876f003f6c5bb42fc5cfefd3783fbb2713f0ae069f8f45114e56f1f11cc86,AY2001-02,FEDERAL WORK-STUDY | Recipients,fws_recipients,True,4040,[]
campus_based,2001-2002,2001,CBDashboard0102.xls,https://studentaid.gov/sites/default/files/CBDashboard0102.xls,314876f003f6c5bb42fc5cfefd3783fbb2713f0ae069f8f45114e56f1f11cc86,AY2001-02,FEDERAL WORK-STUDY | $ Federal Award,fws_federal_award,True,4039,[]
campus_based,2001-2002,2001,CBDashboard0102.xls,https://studentaid.gov/sites/default/files/CBDashboard0102.xls,314876f003f6c5bb42fc5cfefd3783fbb2713f0ae069f8f45114e56f1f11cc86,AY2001-02,FEDERAL WORK-STUDY | Disbursements,fws_disbursements,True,4040,[]
campus_based,2001-2002,2001,CBDashboard0102.xls,https://studentaid.gov/sites/default/files/CBDashboard0102.xls,314876f003f6c5bb42fc5cfefd3783fbb2713f0ae069f8f45114e56f1f11cc86,AY2001-02,PERKINS LOAN | Recipients,perkins_recipients,True,0,[]
campus_based,2001-2002,2001,CBDashboard0102.xls,https://studentaid.gov/sites/default/files/CBDashboard0102.xls,314876f003f6c5bb42fc5cfefd3783fbb2713f0ae069f8f45114e56f1f11cc86,AY2001-02,PERKINS LOAN | Recipients_1,perkins_recipients,True,4040,[]
campus_based,2001-2002,2001,CBDashboard0102.xls,https://studentaid.gov/sites/default/files/CBDashboard0102.xls,314876f003f6c5bb42fc5cfefd3783fbb2713f0ae069f8f45114e56f1f11cc86,AY2001-02,PERKINS LOAN | $ Federal Award,perkins_federal_award,True,4040,[]
campus_based,2001-2002,2001,CBDashboard0102.xls,https://studentaid.gov/sites/default/files/CBDashboard0102.xls,314876f003f6c5bb42fc5cfefd3783fbb2713f0ae069f8f45114e56f1f11cc86,AY2001-02,PERKINS LOAN | Disbursements,perkins_disbursements_amt,True,4040,[]
campus_based,2001-2002,2001,CBDashboard0102.xls,https://studentaid.gov/sites/default/files/CBDashboard0102.xls,314876f003f6c5bb42fc5cfefd3783fbb2713f0ae069f8f45114e56f1f11cc86,AY2001-02,FEDERAL SUPPLEMENTAL EDUCATIONAL OPPORTUNITY GRANTS | Recipients,fseog_recipients,True,4040,[]
campus_based,2001-2002,2001,CBDashboard0102.xls,https://studentaid.gov/sites/default/files/CBDashboard0102.xls,314876f003f6c5bb42fc5cfefd3783fbb2713f0ae069f8f45114e56f1f11cc86,AY2001-02,FEDERAL SUPPLEMENTAL EDUCATIONAL OPPORTUNITY GRANTS | $ Federal Award,fseog_federal_award,True,4040,[]
campus_based,2001-2002,2001,CBDashboard0102.xls,https://studentaid.gov/sites/default/files/CBDashboard0102.xls,314876f003f6c5bb42fc5cfefd3783fbb2713f0ae069f8f45114e56f1f11cc86,AY2001-02,FEDERAL SUPPLEMENTAL EDUCATIONAL OPPORTUNITY GRANTS | Disbursements,fseog_disbursements,True,4040,[]
campus_based,2002-2003,2002,CBDashboard0203.xls,https://studentaid.gov/sites/default/files/CBDashboard0203.xls,75b6440352062d875589116d5d66b8d0a89a173b04a3bcab02c343f36a4d6fe6,AY2002-03,OPE ID,opeid8,True,4037,[]
campus_based,2002-2003,2002,CBDashboard0203.xls,https://studentaid.gov/sites/default/files/CBDashboard0203.xls,75b6440352062d875589116d5d66b8d0a89a173b04a3bcab02c343f36a4d6fe6,AY2002-03,School,school,True,4037,[]
campus_based,2002-2003,2002,CBDashboard0203.xls,https://studentaid.gov/sites/default/files/CBDashboard0203.xls,75b6440352062d875589116d5d66b8d0a89a173b04a3bcab02c343f36a4d6fe6,AY2002-03,State,state,True,4037,[]
campus_based,2002-2003,2002,CBDashboard0203.xls,https://studentaid.gov/sites/default/files/CBDashboard0203.xls,75b6440352062d875589116d5d66b8d0a89a173b04a3bcab02c343f36a4d6fe6,AY2002-03,Zip Code,zip_code,True,4037,[]
campus_based,2002-2003,2002,CBDashboard0203.xls,https://studentaid.gov/sites/default/files/CBDashboard0203.xls,75b6440352062d875589116d5d66b8d0a89a173b04a3bcab02c343f36a4d6fe6,AY2002-03,School Type,school_type,True,4037,[]
campus_based,2002-2003,2002,CBDashboard0203.xls,https://studentaid.gov/sites/default/files/CBDashboard0203.xls,75b6440352062d875589116d5d66b8d0a89a173b04a3bcab02c343f36a4d6fe6,AY2002-03,FEDERAL WORK-STUDY | Recipients,fws_recipients,True,4037,[]
campus_based,2002-2003,2002,CBDashboard0203.xls,https://studentaid.gov/sites/default/files/CBDashboard0203.xls,75b6440352062d875589116d5d66b8d0a89a173b04a3bcab02c343f36a4d6fe6,AY2002-03,FEDERAL WORK-STUDY | $ Federal Award,fws_federal_award,True,4030,[]
campus_based,2002-2003,2002,CBDashboard0203.xls,https://studentaid.gov/sites/default/files/CBDashboard0203.xls,75b6440352062d875589116d5d66b8d0a89a173b04a3bcab02c343f36a4d6fe6,AY2002-03,FEDERAL WORK-STUDY | Disbursements,fws_disbursements,True,4037,[]
campus_based,2002-2003,2002,CBDashboard0203.xls,https://studentaid.gov/sites/default/files/CBDashboard0203.xls,75b6440352062d875589116d5d66b8d0a89a173b04a3bcab02c343f36a4d6fe6,AY2002-03,PERKINS LOAN | Recipients,perkins_recipients,True,4037,[]
campus_based,2002-2003,2002,CBDashboard0203.xls,https://studentaid.gov/sites/default/files/CBDashboard0203.xls,75b6440352062d875589116d5d66b8d0a89a173b04a3bcab02c343f36a4d6fe6,AY2002-03,PERKINS LOAN | $ Federal Award,perkins_federal_award,True,4037,[]
campus_based,2002-2003,2002,CBDashboard0203.xls,https://studentaid.gov/sites/default/files/CBDashboard0203.xls,75b6440352062d875589116d5d66b8d0a89a173b04a3bcab02c343f36a4d6fe6,AY2002-03,PERKINS LOAN | Disbursements,perkins_disbursements_amt,True,4037,[]
campus_based,2002-2003,2002,CBDashboard0203.xls,https://studentaid.gov/sites/default/files/CBDashboard0203.xls,75b6440352062d875589116d5d66b8d0a89a173b04a3bcab02c343f36a4d6fe6,AY2002-03,FEDERAL SUPPLEMENTAL EDUCATIONAL OPPORTUNITY GRANTS | Recipients,fseog_recipients,True,4037,[]
campus_based,2002-2003,2002,CBDashboard0203.xls,https://studentaid.gov/sites/default/files/CBDashboard0203.xls,75b6440352062d875589116d5d66b8d0a89a173b04a3bcab02c343f36a4d6fe6,AY2002-03,FEDERAL SUPPLEMENTAL EDUCATIONAL OPPORTUNITY GRANTS | $ Federal Award,fseog_federal_award,True,4032,[]
campus_based,2002-2003,2002,CBDashboard0203.xls,https://studentaid.gov/sites/default/files/CBDashboard0203.xls,75b6440352062d875589116d5d66b8d0a89a173b04a3bcab02c343f36a4d6fe6,AY2002-03,FEDERAL SUPPLEMENTAL EDUCATIONAL OPPORTUNITY GRANTS | Disbursements,fseog_disbursements,True,4037,[]
campus_based,2003-2004,2003,CBDashboard0304.xls,https://studentaid.gov/sites/default/files/CBDashboard0304.xls,8338d404f1308387d2f24ab77bd6e2e4509dd2574d4e1a4c421ab83c276947b1,AY2003-04,OPE ID,opeid8,True,4071,[]
campus_based,2003-2004,2003,CBDashboard0304.xls,https://studentaid.gov/sites/default/files/CBDashboard0304.xls,8338d404f1308387d2f24ab77bd6e2e4509dd2574d4e1a4c421ab83c276947b1,AY2003-04,School,school,True,4071,[]
campus_based,2003-2004,2003,CBDashboard0304.xls,https://studentaid.gov/sites/default/files/CBDashboard0304.xls,8338d404f1308387d2f24ab77bd6e2e4509dd2574d4e1a4c421ab83c276947b1,AY2003-04,State,state,True,4071,[]
campus_based,2003-2004,2003,CBDashboard0304.xls,https://studentaid.gov/sites/default/files/CBDashboard0304.xls,8338d404f1308387d2f24ab77bd6e2e4509dd2574d4e1a4c421ab83c276947b1,AY2003-04,Zip Code,zip_code,True,4071,[]
campus_based,2003-2004,2003,CBDashboard0304.xls,https://studentaid.gov/sites/default/files/CBDashboard0304.xls,8338d404f1308387d2f24ab77bd6e2e4509dd2574d4e1a4c421ab83c276947b1,AY2003-04,School Type,school_type,True,4071,[]
campus_based,2003-2004,2003,CBDashboard0304.xls,https://studentaid.gov/sites/default/files/CBDashboard0304.xls,8338d404f1308387d2f24ab77bd6e2e4509dd2574d4e1a4c421ab83c276947b1,AY2003-04,FEDERAL WORK-STUDY | Recipients,fws_recipients,True,4071,[]
campus_based,2003-2004,2003,CBDashboard0304.xls,https://studentaid.gov/sites/default/files/CBDashboard0304.xls,8338d404f1308387d2f24ab77bd6e2e4509dd2574d4e1a4c421ab83c276947b1,AY2003-04,FEDERAL WORK-STUDY | $ Federal Award,fws_federal_award,True,4071,[]
campus_based,2003-2004,2003,CBDashboard0304.xls,https://studentaid.gov/sites/default/files/CBDashboard0304.xls,8338d404f1308387d2f24ab77bd6e2e4509dd2574d4e1a4c421ab83c276947b1,AY2003-04,FEDERAL WORK-STUDY | Disbursements,fws_disbursements,True,4071,[]
campus_based,2003-2004,2003,CBDashboard0304.xls,https://studentaid.gov/sites/default/files/CBDashboard0304.xls,8338d404f1308387d2f24ab77bd6e2e4509dd2574d4e1a4c421ab83c276947b1,AY2003-04,PERKINS LOAN | Recipients,perkins_recipients,True,4071,[]
campus_based,2003-2004,2003,CBDashboard0304.xls,https://studentaid.gov/sites/default/files/CBDashboard0304.xls,8338d404f1308387d2f24ab77bd6e2e4509dd2574d4e1a4c421ab83c276947b1,AY2003-04,PERKINS LOAN | $ Federal Award,perkins_federal_award,True,4071,[]
campus_based,2003-2004,2003,CBDashboard0304.xls,https://studentaid.gov/sites/default/files/CBDashboard0304.xls,8338d404f1308387d2f24ab77bd6e2e4509dd2574d4e1a4c421ab83c276947b1,AY2003-04,PERKINS LOAN | Disbursements,perkins_disbursements_amt,True,4071,[]
campus_based,2003-2004,2003,CBDashboard0304.xls,https://studentaid.gov/sites/default/files/CBDashboard0304.xls,8338d404f1308387d2f24ab77bd6e2e4509dd2574d4e1a4c421ab83c276947b1,AY2003-04,FEDERAL SUPPLEMENTAL EDUCATIONAL OPPORTUNITY GRANTS | Recipients,fseog_recipients,True,4071,[]
campus_based,2003-2004,2003,CBDashboard0304.xls,https://studentaid.gov/sites/default/files/CBDashboard0304.xls,8338d404f1308387d2f24ab77bd6e2e4509dd2574d4e1a4c421ab83c276947b1,AY2003-04,FEDERAL SUPPLEMENTAL EDUCATIONAL OPPORTUNITY GRANTS | $ Federal Award,fseog_federal_award,True,4071,[]
campus_based,2003-2004,2003,CBDashboard0304.xls,https://studentaid.gov/sites/default/files/CBDashboard0304.xls,8338d404f1308387d2f24ab77bd6e2e4509dd2574d4e1a4c421ab83c276947b1,AY2003-04,FEDERAL SUPPLEMENTAL EDUCATIONAL OPPORTUNITY GRANTS | Disbursements,fseog_disbursements,True,4071,[]
campus_based,2004-2005,2004,CBDashboard0405.xls,https://studentaid.gov/sites/default/files/CBDashboard0405.xls,96d1d4b904662e9bbc1ca9d638ba56fe09177656f6ea370ae022465553f034eb,AY2004-05,OPE ID,opeid8,True,4077,[]
campus_based,2004-2005,2004,CBDashboard0405.xls,https://studentaid.gov/sites/default/files/CBDashboard0405.xls,96d1d4b904662e9bbc1ca9d638ba56fe09177656f6ea370ae022465553f034eb,AY2004-05,School,school,True,4077,[]
campus_based,2004-2005,2004,CBDashboard0405.xls,https://studentaid.gov/sites/default/files/CBDashboard0405.xls,96d1d4b904662e9bbc1ca9d638ba56fe09177656f6ea370ae022465553f034eb,AY2004-05,State,state,True,4077,[]
campus_based,2004-2005,2004,CBDashboard0405.xls,https://studentaid.gov/sites/default/files/CBDashboard0405.xls,96d1d4b904662e9bbc1ca9d638ba56fe09177656f6ea370ae022465553f034eb,AY2004-05,Zip Code,zip_code,True,4077,[]
campus_based,2004-2005,2004,CBDashboard0405.xls,https://studentaid.gov/sites/default/files/CBDashboard0405.xls,96d1d4b904662e9bbc1ca9d638ba56fe09177656f6ea370ae022465553f034eb,AY2004-05,School Type,school_type,True,4077,[]
campus_based,2004-2005,2004,CBDashboard0405.xls,https://studentaid.gov/sites/default/files/CBDashboard0405.xls,96d1d4b904662e9bbc1ca9d638ba56fe09177656f6ea370ae022465553f034eb,AY2004-05,FEDERAL WORK-STUDY | Recipients,fws_recipients,True,4077,[]
campus_based,2004-2005,2004,CBDashboard0405.xls,https://studentaid.gov/sites/default/files/CBDashboard0405.xls,96d1d4b904662e9bbc1ca9d638ba56fe09177656f6ea370ae022465553f034eb,AY2004-05,FEDERAL WORK-STUDY | $ Federal Award,fws_federal_award,True,4077,[]
campus_based,2004-2005,2004,CBDashboard0405.xls,https://studentaid.gov/sites/default/files/CBDashboard0405.xls,96d1d4b904662e9bbc1ca9d638ba56fe09177656f6ea370ae022465553f034eb,AY2004-05,FEDERAL WORK-STUDY | Disbursements,fws_disbursements,True,4077,[]
campus_based,2004-2005,2004,CBDashboard0405.xls,https://studentaid.gov/sites/default/files/CBDashboard0405.xls,96d1d4b904662e9bbc1ca9d638ba56fe09177656f6ea370ae022465553f034eb,AY2004-05,PERKINS LOAN | Recipients,perkins_recipients,True,4077,[]
campus_based,2004-2005,2004,CBDashboard0405.xls,https://studentaid.gov/sites/default/files/CBDashboard0405.xls,96d1d4b904662e9bbc1ca9d638ba56fe09177656f6ea370ae022465553f034eb,AY2004-05,PERKINS LOAN | $ Federal Award,perkins_federal_award,True,4077,[]
campus_based,2004-2005,2004,CBDashboard0405.xls,https://studentaid.gov/sites/default/files/CBDashboard0405.xls,96d1d4b904662e9bbc1ca9d638ba56fe09177656f6ea370ae022465553f034eb,AY2004-05,PERKINS LOAN | Disbursements,perkins_disbursements_amt,True,4077,[]
campus_based,2004-2005,2004,CBDashboard0405.xls,https://studentaid.gov/sites/default/files/CBDashboard0405.xls,96d1d4b904662e9bbc1ca9d638ba56fe09177656f6ea370ae022465553f034eb,AY2004-05,FEDERAL SUPPLEMENTAL EDUCATIONAL OPPORTUNITY GRANTS | Recipients,fseog_recipients,True,4077,[]
campus_based,2004-2005,2004,CBDashboard0405.xls,https://studentaid.gov/sites/default/files/CBDashboard0405.xls,96d1d4b904662e9bbc1ca9d638ba56fe09177656f6ea370ae022465553f034eb,AY2004-05,FEDERAL SUPPLEMENTAL EDUCATIONAL OPPORTUNITY GRANTS | $ Federal Award,fseog_federal_award,True,4077,[]
campus_based,2004-2005,2004,CBDashboard0405.xls,https://studentaid.gov/sites/default/files/CBDashboard0405.xls,96d1d4b904662e9bbc1ca9d638ba56fe09177656f6ea370ae022465553f034eb,AY2004-05,FEDERAL SUPPLEMENTAL EDUCATIONAL OPPORTUNITY GRANTS | Disbursements,fseog_disbursements,True,4077,[]
campus_based,2005-2006,2005,CBDashboard0506.xls,https://studentaid.gov/sites/default/files/CBDashboard0506.xls,796c09c9b105c0adf3fd19a86cfeb400324abb11cdedaf4d9cbd7080db346814,AY2005-06,OPE ID,opeid8,True,4071,[]
campus_based,2005-2006,2005,CBDashboard0506.xls,https://studentaid.gov/sites/default/files/CBDashboard0506.xls,796c09c9b105c0adf3fd19a86cfeb400324abb11cdedaf4d9cbd7080db346814,AY2005-06,School,school,True,4071,[]
campus_based,2005-2006,2005,CBDashboard0506.xls,https://studentaid.gov/sites/default/files/CBDashboard0506.xls,796c09c9b105c0adf3fd19a86cfeb400324abb11cdedaf4d9cbd7080db346814,AY2005-06,State,state,True,4071,[]
campus_based,2005-2006,2005,CBDashboard0506.xls,https://studentaid.gov/sites/default/files/CBDashboard0506.xls,796c09c9b105c0adf3fd19a86cfeb400324abb11cdedaf4d9cbd7080db346814,AY2005-06,Zip Code,zip_code,True,4071,[]
campus_based,2005-2006,2005,CBDashboard0506.xls,https://studentaid.gov/sites/default/files/CBDashboard0506.xls,796c09c9b105c0adf3fd19a86cfeb400324abb11cdedaf4d9cbd7080db346814,AY2005-06,School Type,school_type,True,4071,[]
campus_based,2005-2006,2005,CBDashboard0506.xls,https://studentaid.gov/sites/default/files/CBDashboard0506.xls,796c09c9b105c0adf3fd19a86cfeb400324abb11cdedaf4d9cbd7080db346814,AY2005-06,FEDERAL WORK-STUDY | Recipients,fws_recipients,True,4071,[]
campus_based,2005-2006,2005,CBDashboard0506.xls,https://studentaid.gov/sites/default/files/CBDashboard0506.xls,796c09c9b105c0adf3fd19a86cfeb400324abb11cdedaf4d9cbd7080db346814,AY2005-06,FEDERAL WORK-STUDY | $ Federal Award,fws_federal_award,True,4071,[]
campus_based,2005-2006,2005,CBDashboard0506.xls,https://studentaid.gov/sites/default/files/CBDashboard0506.xls,796c09c9b105c0adf3fd19a86cfeb400324abb11cdedaf4d9cbd7080db346814,AY2005-06,FEDERAL WORK-STUDY | Disbursements,fws_disbursements,True,4071,[]
campus_based,2005-2006,2005,CBDashboard0506.xls,https://studentaid.gov/sites/default/files/CBDashboard0506.xls,796c09c9b105c0adf3fd19a86cfeb400324abb11cdedaf4d9cbd7080db346814,AY2005-06,PERKINS LOAN | Recipients,perkins_recipients,True,4071,[]
campus_based,2005-2006,2005,CBDashboard0506.xls,https://studentaid.gov/sites/default/files/CBDashboard0506.xls,796c09c9b105c0adf3fd19a86cfeb400324abb11cdedaf4d9cbd7080db346814,AY2005-06,PERKINS LOAN | $ Federal Award,perkins_federal_award,True,4071,[]
campus_based,2005-2006,2005,CBDashboard0506.xls,https://studentaid.gov/sites/default/files/CBDashboard0506.xls,796c09c9b105c0adf3fd19a86cfeb400324abb11cdedaf4d9cbd7080db346814,AY2005-06,PERKINS LOAN | Disbursements,perkins_disbursements_amt,True,4071,[]
campus_based,2005-2006,2005,CBDashboard0506.xls,https://studentaid.gov/sites/default/files/CBDashboard0506.xls,796c09c9b105c0adf3fd19a86cfeb400324abb11cdedaf4d9cbd7080db346814,AY2005-06,FEDERAL SUPPLEMENTAL EDUCATIONAL OPPORTUNITY GRANTS | Recipients,fseog_recipients,True,4071,[]
campus_based,2005-2006,2005,CBDashboard0506.xls,https://studentaid.gov/sites/default/files/CBDashboard0506.xls,796c09c9b105c0adf3fd19a86cfeb400324abb11cdedaf4d9cbd7080db346814,AY2005-06,FEDERAL SUPPLEMENTAL EDUCATIONAL OPPORTUNITY GRANTS | $ Federal Award,fseog_federal_award,True,4071,[]
campus_based,2005-2006,2005,CBDashboard0506.xls,https://studentaid.gov/sites/default/files/CBDashboard0506.xls,796c09c9b105c0adf3fd19a86cfeb400324abb11cdedaf4d9cbd7080db346814,AY2005-06,FEDERAL SUPPLEMENTAL EDUCATIONAL OPPORTUNITY GRANTS | Disbursements,fseog_disbursements,True,4071,[]
campus_based,2006-2007,2006,CBDashboard0607.xls,https://studentaid.gov/sites/default/files/CBDashboard0607.xls,f580da2f5d46e920e9684e335c69aa6b8fbd7b063c9800ee31eb505a09613c62,AY2006-2007,OPE ID,opeid8,True,3942,[]
campus_based,2006-2007,2006,CBDashboard0607.xls,https://studentaid.gov/sites/default/files/CBDashboard0607.xls,f580da2f5d46e920e9684e335c69aa6b8fbd7b063c9800ee31eb505a09613c62,AY2006-2007,School,school,True,3942,[]
campus_based,2006-2007,2006,CBDashboard0607.xls,https://studentaid.gov/sites/default/files/CBDashboard0607.xls,f580da2f5d46e920e9684e335c69aa6b8fbd7b063c9800ee31eb505a09613c62,AY2006-2007,State,state,True,3942,[]
campus_based,2006-2007,2006,CBDashboard0607.xls,https://studentaid.gov/sites/default/files/CBDashboard0607.xls,f580da2f5d46e920e9684e335c69aa6b8fbd7b063c9800ee31eb505a09613c62,AY2006-2007,Zip Code,zip_code,True,3942,[]
campus_based,2006-2007,2006,CBDashboard0607.xls,https://studentaid.gov/sites/default/files/CBDashboard0607.xls,f580da2f5d46e920e9684e335c69aa6b8fbd7b063c9800ee31eb505a09613c62,AY2006-2007,School Type,school_type,True,3942,[]
campus_based,2006-2007,2006,CBDashboard0607.xls,https://studentaid.gov/sites/default/files/CBDashboard0607.xls,f580da2f5d46e920e9684e335c69aa6b8fbd7b063c9800ee31eb505a09613c62,AY2006-2007,FEDERAL WORK-STUDY | Recipients,fws_recipients,True,3942,[]
campus_based,2006-2007,2006,CBDashboard0607.xls,https://studentaid.gov/sites/default/files/CBDashboard0607.xls,f580da2f5d46e920e9684e335c69aa6b8fbd7b063c9800ee31eb505a09613c62,AY2006-2007,FEDERAL WORK-STUDY | $ Federal Award,fws_federal_award,True,3942,[]
campus_based,2006-2007,2006,CBDashboard0607.xls,https://studentaid.gov/sites/default/files/CBDashboard0607.xls,f580da2f5d46e920e9684e335c69aa6b8fbd7b063c9800ee31eb505a09613c62,AY2006-2007,FEDERAL WORK-STUDY | $ of Disbursements,fws_disbursements,True,3942,[]
campus_based,2006-2007,2006,CBDashboard0607.xls,https://studentaid.gov/sites/default/files/CBDashboard0607.xls,f580da2f5d46e920e9684e335c69aa6b8fbd7b063c9800ee31eb505a09613c62,AY2006-2007,PERKINS LOAN | Recipients,perkins_recipients,True,3942,[]
campus_based,2006-2007,2006,CBDashboard0607.xls,https://studentaid.gov/sites/default/files/CBDashboard0607.xls,f580da2f5d46e920e9684e335c69aa6b8fbd7b063c9800ee31eb505a09613c62,AY2006-2007,PERKINS LOAN | $ Federal Award,perkins_federal_award,True,3942,[]
campus_based,2006-2007,2006,CBDashboard0607.xls,https://studentaid.gov/sites/default/files/CBDashboard0607.xls,f580da2f5d46e920e9684e335c69aa6b8fbd7b063c9800ee31eb505a09613c62,AY2006-2007,PERKINS LOAN | $ of Disbursements,perkins_disbursements_amt,True,3942,[]
campus_based,2006-2007,2006,CBDashboard0607.xls,https://studentaid.gov/sites/default/files/CBDashboard0607.xls,f580da2f5d46e920e9684e335c69aa6b8fbd7b063c9800ee31eb505a09613c62,AY2006-2007,FEDERAL SUPPLEMENTAL EDUCATIONAL OPPORTUNITY GRANTS | Recipients,fseog_recipients,True,3942,[]
campus_based,2006-2007,2006,CBDashboard0607.xls,https://studentaid.gov/sites/default/files/CBDashboard0607.xls,f580da2f5d46e920e9684e335c69aa6b8fbd7b063c9800ee31eb505a09613c62,AY2006-2007,FEDERAL SUPPLEMENTAL EDUCATIONAL OPPORTUNITY GRANTS | $ Federal Award,fseog_federal_award,True,3942,[]
campus_based,2006-2007,2006,CBDashboard0607.xls,https://studentaid.gov/sites/default/files/CBDashboard0607.xls,f580da2f5d46e920e9684e335c69aa6b8fbd7b063c9800ee31eb505a09613c62,AY2006-2007,FEDERAL SUPPLEMENTAL EDUCATIONAL OPPORTUNITY GRANTS | $ of Disbursements,fseog_disbursements,True,3942,[]
campus_based,2007-2008,2007,CBDashboard0708.xls,https://studentaid.gov/sites/default/files/CBDashboard0708.xls,9d370d8877bcb0f9630d1f45d7527570bc9540ea50753c8e8997147ae57e87d0,AY2007-2008,OPE ID,opeid8,True,3963,[]
campus_based,2007-2008,2007,CBDashboard0708.xls,https://studentaid.gov/sites/default/files/CBDashboard0708.xls,9d370d8877bcb0f9630d1f45d7527570bc9540ea50753c8e8997147ae57e87d0,AY2007-2008,School,school,True,3963,[]
campus_based,2007-2008,2007,CBDashboard0708.xls,https://studentaid.gov/sites/default/files/CBDashboard0708.xls,9d370d8877bcb0f9630d1f45d7527570bc9540ea50753c8e8997147ae57e87d0,AY2007-2008,State,state,True,3963,[]
campus_based,2007-2008,2007,CBDashboard0708.xls,https://studentaid.gov/sites/default/files/CBDashboard0708.xls,9d370d8877bcb0f9630d1f45d7527570bc9540ea50753c8e8997147ae57e87d0,AY2007-2008,Zip Code,zip_code,True,3963,[]
campus_based,2007-2008,2007,CBDashboard0708.xls,https://studentaid.gov/sites/default/files/CBDashboard0708.xls,9d370d8877bcb0f9630d1f45d7527570bc9540ea50753c8e8997147ae57e87d0,AY2007-2008,School Type,school_type,True,3963,[]
campus_based,2007-2008,2007,CBDashboard0708.xls,https://studentaid.gov/sites/default/files/CBDashboard0708.xls,9d370d8877bcb0f9630d1f45d7527570bc9540ea50753c8e8997147ae57e87d0,AY2007-2008,FEDERAL WORK-STUDY | Recipients,fws_recipients,True,3963,[]
campus_based,2007-2008,2007,CBDashboard0708.xls,https://studentaid.gov/sites/default/files/CBDashboard0708.xls,9d370d8877bcb0f9630d1f45d7527570bc9540ea50753c8e8997147ae57e87d0,AY2007-2008,FEDERAL WORK-STUDY | $ Federal Award,fws_federal_award,True,3963,[]
campus_based,2007-2008,2007,CBDashboard0708.xls,https://studentaid.gov/sites/default/files/CBDashboard0708.xls,9d370d8877bcb0f9630d1f45d7527570bc9540ea50753c8e8997147ae57e87d0,AY2007-2008,FEDERAL WORK-STUDY | $ of Disbursements,fws_disbursements,True,3963,[]
campus_based,2007-2008,2007,CBDashboard0708.xls,https://studentaid.gov/sites/default/files/CBDashboard0708.xls,9d370d8877bcb0f9630d1f45d7527570bc9540ea50753c8e8997147ae57e87d0,AY2007-2008,PERKINS LOAN | Recipients,perkins_recipients,True,3963,[]
campus_based,2007-2008,2007,CBDashboard0708.xls,https://studentaid.gov/sites/default/files/CBDashboard0708.xls,9d370d8877bcb0f9630d1f45d7527570bc9540ea50753c8e8997147ae57e87d0,AY2007-2008,PERKINS LOAN | $ Federal Award,perkins_federal_award,True,3963,[]
campus_based,2007-2008,2007,CBDashboard0708.xls,https://studentaid.gov/sites/default/files/CBDashboard0708.xls,9d370d8877bcb0f9630d1f45d7527570bc9540ea50753c8e8997147ae57e87d0,AY2007-2008,PERKINS LOAN | $ of Disbursements,perkins_disbursements_amt,True,3963,[]
campus_based,2007-2008,2007,CBDashboard0708.xls,https://studentaid.gov/sites/default/files/CBDashboard0708.xls,9d370d8877bcb0f9630d1f45d7527570bc9540ea50753c8e8997147ae57e87d0,AY2007-2008,FEDERAL SUPPLEMENTAL EDUCATIONAL OPPORTUNITY GRANTS | Recipients,fseog_recipients,True,3963,[]
campus_based,2007-2008,2007,CBDashboard0708.xls,https://studentaid.gov/sites/default/files/CBDashboard0708.xls,9d370d8877bcb0f9630d1f45d7527570bc9540ea50753c8e8997147ae57e87d0,AY2007-2008,FEDERAL SUPPLEMENTAL EDUCATIONAL OPPORTUNITY GRANTS | $ Federal Award,fseog_federal_award,True,3963,[]
campus_based,2007-2008,2007,CBDashboard0708.xls,https://studentaid.gov/sites/default/files/CBDashboard0708.xls,9d370d8877bcb0f9630d1f45d7527570bc9540ea50753c8e8997147ae57e87d0,AY2007-2008,FEDERAL SUPPLEMENTAL EDUCATIONAL OPPORTUNITY GRANTS | $ of Disbursements,fseog_disbursements,True,3963,[]
campus_based,2008-2009,2008,CBDashboard0809.xls,https://studentaid.gov/sites/default/files/CBDashboard0809.xls,fc750b9edcc1e351ba51b43744a5f9d46338b938878143303a8b007991c27de6,AY 2008-2009,OPE ID,opeid8,True,3925,[]
campus_based,2008-2009,2008,CBDashboard0809.xls,https://studentaid.gov/sites/default/files/CBDashboard0809.xls,fc750b9edcc1e351ba51b43744a5f9d46338b938878143303a8b007991c27de6,AY 2008-2009,School,school,True,3925,[]
campus_based,2008-2009,2008,CBDashboard0809.xls,https://studentaid.gov/sites/default/files/CBDashboard0809.xls,fc750b9edcc1e351ba51b43744a5f9d46338b938878143303a8b007991c27de6,AY 2008-2009,State,state,True,3925,[]
campus_based,2008-2009,2008,CBDashboard0809.xls,https://studentaid.gov/sites/default/files/CBDashboard0809.xls,fc750b9edcc1e351ba51b43744a5f9d46338b938878143303a8b007991c27de6,AY 2008-2009,Zip Code,zip_code,True,3925,[]
campus_based,2008-2009,2008,CBDashboard0809.xls,https://studentaid.gov/sites/default/files/CBDashboard0809.xls,fc750b9edcc1e351ba51b43744a5f9d46338b938878143303a8b007991c27de6,AY 2008-2009,School Type,school_type,True,3925,[]
campus_based,2008-2009,2008,CBDashboard0809.xls,https://studentaid.gov/sites/default/files/CBDashboard0809.xls,fc750b9edcc1e351ba51b43744a5f9d46338b938878143303a8b007991c27de6,AY 2008-2009,FEDERAL WORK-STUDY | Recipients,fws_recipients,True,3925,[]
campus_based,2008-2009,2008,CBDashboard0809.xls,https://studentaid.gov/sites/default/files/CBDashboard0809.xls,fc750b9edcc1e351ba51b43744a5f9d46338b938878143303a8b007991c27de6,AY 2008-2009,FEDERAL WORK-STUDY | $ Federal Award,fws_federal_award,True,3925,[]
campus_based,2008-2009,2008,CBDashboard0809.xls,https://studentaid.gov/sites/default/files/CBDashboard0809.xls,fc750b9edcc1e351ba51b43744a5f9d46338b938878143303a8b007991c27de6,AY 2008-2009,FEDERAL WORK-STUDY | Disbursements,fws_disbursements,True,3925,[]
campus_based,2008-2009,2008,CBDashboard0809.xls,https://studentaid.gov/sites/default/files/CBDashboard0809.xls,fc750b9edcc1e351ba51b43744a5f9d46338b938878143303a8b007991c27de6,AY 2008-2009,FEDERAL WORK-STUDY | Recipients_1,fws_recipients,True,0,[]
campus_based,2008-2009,2008,CBDashboard0809.xls,https://studentaid.gov/sites/default/files/CBDashboard0809.xls,fc750b9edcc1e351ba51b43744a5f9d46338b938878143303a8b007991c27de6,AY 2008-2009,FEDERAL WORK-STUDY,,True,0,[]
campus_based,2008-2009,2008,CBDashboard0809.xls,https://studentaid.gov/sites/default/files/CBDashboard0809.xls,fc750b9edcc1e351ba51b43744a5f9d46338b938878143303a8b007991c27de6,AY 2008-2009,PERKINS LOAN | Recipients,perkins_recipients,True,3925,[]
campus_based,2008-2009,2008,CBDashboard0809.xls,https://studentaid.gov/sites/default/files/CBDashboard0809.xls,fc750b9edcc1e351ba51b43744a5f9d46338b938878143303a8b007991c27de6,AY 2008-2009,PERKINS LOAN | $ Federal Award,perkins_federal_award,True,3925,[]
campus_based,2008-2009,2008,CBDashboard0809.xls,https://studentaid.gov/sites/default/files/CBDashboard0809.xls,fc750b9edcc1e351ba51b43744a5f9d46338b938878143303a8b007991c27de6,AY 2008-2009,PERKINS LOAN | Disbursements,perkins_disbursements_amt,True,3925,[]
campus_based,2008-2009,2008,CBDashboard0809.xls,https://studentaid.gov/sites/default/files/CBDashboard0809.xls,fc750b9edcc1e351ba51b43744a5f9d46338b938878143303a8b007991c27de6,AY 2008-2009,FEDERAL SUPPLEMENTAL EDUCATIONAL OPPORTUNITY GRANTS | Recipients,fseog_recipients,True,3925,[]
campus_based,2008-2009,2008,CBDashboard0809.xls,https://studentaid.gov/sites/default/files/CBDashboard0809.xls,fc750b9edcc1e351ba51b43744a5f9d46338b938878143303a8b007991c27de6,AY 2008-2009,FEDERAL SUPPLEMENTAL EDUCATIONAL OPPORTUNITY GRANTS | $ Federal Award,fseog_federal_award,True,3925,[]
campus_based,2008-2009,2008,CBDashboard0809.xls,https://studentaid.gov/sites/default/files/CBDashboard0809.xls,fc750b9edcc1e351ba51b43744a5f9d46338b938878143303a8b007991c27de6,AY 2008-2009,FEDERAL SUPPLEMENTAL EDUCATIONAL OPPORTUNITY GRANTS | Disbursements,fseog_disbursements,True,3925,[]
campus_based,2009-2010,2009,CBDashboard0910.xls,https://studentaid.gov/sites/default/files/CBDashboard0910.xls,7a30e8308d81496488d439437444dd90a3e39a65a5241362fea08dcb2a332c61,AY2009-10,OPE ID,opeid8,True,3970,[]
campus_based,2009-2010,2009,CBDashboard0910.xls,https://studentaid.gov/sites/default/files/CBDashboard0910.xls,7a30e8308d81496488d439437444dd90a3e39a65a5241362fea08dcb2a332c61,AY2009-10,School,school,True,3970,[]
campus_based,2009-2010,2009,CBDashboard0910.xls,https://studentaid.gov/sites/default/files/CBDashboard0910.xls,7a30e8308d81496488d439437444dd90a3e39a65a5241362fea08dcb2a332c61,AY2009-10,State,state,True,3970,[]
campus_based,2009-2010,2009,CBDashboard0910.xls,https://studentaid.gov/sites/default/files/CBDashboard0910.xls,7a30e8308d81496488d439437444dd90a3e39a65a5241362fea08dcb2a332c61,AY2009-10,Zip Code,zip_code,True,3970,[]
campus_based,2009-2010,2009,CBDashboard0910.xls,https://studentaid.gov/sites/default/files/CBDashboard0910.xls,7a30e8308d81496488d439437444dd90a3e39a65a5241362fea08dcb2a332c61,AY2009-10,School Type,school_type,True,3970,[]
campus_based,2009-2010,2009,CBDashboard0910.xls,https://studentaid.gov/sites/default/files/CBDashboard0910.xls,7a30e8308d81496488d439437444dd90a3e39a65a5241362fea08dcb2a332c61,AY2009-10,FEDERAL WORK-STUDY | Recipients,fws_recipients,True,3915,[]
campus_based,2009-2010,2009,CBDashboard0910.xls,https://studentaid.gov/sites/default/files/CBDashboard0910.xls,7a30e8308d81496488d439437444dd90a3e39a65a5241362fea08dcb2a332c61,AY2009-10,FEDERAL WORK-STUDY | $ Federal Award,fws_federal_award,True,3970,[]
campus_based,2009-2010,2009,CBDashboard0910.xls,https://studentaid.gov/sites/default/files/CBDashboard0910.xls,7a30e8308d81496488d439437444dd90a3e39a65a5241362fea08dcb2a332c61,AY2009-10,FEDERAL WORK-STUDY | Disbursements,fws_disbursements,True,3915,[]
campus_based,2009-2010,2009,CBDashboard0910.xls,https://studentaid.gov/sites/default/files/CBDashboard0910.xls,7a30e8308d81496488d439437444dd90a3e39a65a5241362fea08dcb2a332c61,AY2009-10,FEDERAL WORK-STUDY | Recipients_1,fws_recipients,True,0,[]
campus_based,2009-2010,2009,CBDashboard0910.xls,https://studentaid.gov/sites/default/files/CBDashboard0910.xls,7a30e8308d81496488d439437444dd90a3e39a65a5241362fea08dcb2a332c61,AY2009-10,FEDERAL WORK-STUDY,,True,0,[]
campus_based,2009-2010,2009,CBDashboard0910.xls,https://studentaid.gov/sites/default/files/CBDashboard0910.xls,7a30e8308d81496488d439437444dd90a3e39a65a5241362fea08dcb2a332c61,AY2009-10,PERKINS LOAN | Recipients,perkins_recipients,True,3915,[]
campus_based,2009-2010,2009,CBDashboard0910.xls,https://studentaid.gov/sites/default/files/CBDashboard0910.xls,7a30e8308d81496488d439437444dd90a3e39a65a5241362fea08dcb2a332c61,AY2009-10,PERKINS LOAN | $ Federal Award,perkins_federal_award,True,3970,[]
campus_based,2009-2010,2009,CBDashboard0910.xls,https://studentaid.gov/sites/default/files/CBDashboard0910.xls,7a30e8308d81496488d439437444dd90a3e39a65a5241362fea08dcb2a332c61,AY2009-10,PERKINS LOAN | Disbursements,perkins_disbursements_amt,True,3915,[]
campus_based,2009-2010,2009,CBDashboard0910.xls,https://studentaid.gov/sites/default/files/CBDashboard0910.xls,7a30e8308d81496488d439437444dd90a3e39a65a5241362fea08dcb2a332c61,AY2009-10,FEDERAL SUPPLEMENTAL EDUCATIONAL OPPORTUNITY GRANTS | Recipients,fseog_recipients,True,3915,[]
campus_based,2009-2010,2009,CBDashboard0910.xls,https://studentaid.gov/sites/default/files/CBDashboard0910.xls,7a30e8308d81496488d439437444dd90a3e39a65a5241362fea08dcb2a332c61,AY2009-10,FEDERAL SUPPLEMENTAL EDUCATIONAL OPPORTUNITY GRANTS | $ Federal Award,fseog_federal_award,True,3970,[]
campus_based,2009-2010,2009,CBDashboard0910.xls,https://studentaid.gov/sites/default/files/CBDashboard0910.xls,7a30e8308d81496488d439437444dd90a3e39a65a5241362fea08dcb2a332c61,AY2009-10,FEDERAL SUPPLEMENTAL EDUCATIONAL OPPORTUNITY GRANTS | Disbursements,fseog_disbursements,True,3915,[]
campus_based,2010-2011,2010,2010-2011CBData.xls,https://studentaid.gov/sites/default/files/2010-2011CBData.xls,2816f64106ea40a3b635a3a0253b0776648fa9af81d17e41e755597fabe9160d,AY2010-11,OPE ID,opeid8,True,4086,[]
campus_based,2010-2011,2010,2010-2011CBData.xls,https://studentaid.gov/sites/default/files/2010-2011CBData.xls,2816f64106ea40a3b635a3a0253b0776648fa9af81d17e41e755597fabe9160d,AY2010-11,School,school,True,4086,[]
campus_based,2010-2011,2010,2010-2011CBData.xls,https://studentaid.gov/sites/default/files/2010-2011CBData.xls,2816f64106ea40a3b635a3a0253b0776648fa9af81d17e41e755597fabe9160d,AY2010-11,State,state,True,4086,[]
campus_based,2010-2011,2010,2010-2011CBData.xls,https://studentaid.gov/sites/default/files/2010-2011CBData.xls,2816f64106ea40a3b635a3a0253b0776648fa9af81d17e41e755597fabe9160d,AY2010-11,Zip Code,zip_code,True,4086,[]
campus_based,2010-2011,2010,2010-2011CBData.xls,https://studentaid.gov/sites/default/files/2010-2011CBData.xls,2816f64106ea40a3b635a3a0253b0776648fa9af81d17e41e755597fabe9160d,AY2010-11,School Type,school_type,True,4086,[]
campus_based,2010-2011,2010,2010-2011CBData.xls,https://studentaid.gov/sites/default/files/2010-2011CBData.xls,2816f64106ea40a3b635a3a0253b0776648fa9af81d17e41e755597fabe9160d,AY2010-11,FEDERAL WORK-STUDY | Recipients,fws_recipients,True,4086,[]
campus_based,2010-2011,2010,2010-2011CBData.xls,https://studentaid.gov/sites/default/files/2010-2011CBData.xls,2816f64106ea40a3b635a3a0253b0776648fa9af81d17e41e755597fabe9160d,AY2010-11,FEDERAL WORK-STUDY | $ Federal Award,fws_federal_award,True,4086,[]
campus_based,2010-2011,2010,2010-2011CBData.xls,https://studentaid.gov/sites/default/files/2010-2011CBData.xls,2816f64106ea40a3b635a3a0253b0776648fa9af81d17e41e755597fabe9160d,AY2010-11,FEDERAL WORK-STUDY | Disbursements,fws_disbursements,True,4086,[]
campus_based,2010-2011,2010,2010-2011CBData.xls,https://studentaid.gov/sites/default/files/2010-2011CBData.xls,2816f64106ea40a3b635a3a0253b0776648fa9af81d17e41e755597fabe9160d,AY2010-11,PERKINS LOAN | Recipients,perkins_recipients,True,4086,[]
campus_based,2010-2011,2010,2010-2011CBData.xls,https://studentaid.gov/sites/default/files/2010-2011CBData.xls,2816f64106ea40a3b635a3a0253b0776648fa9af81d17e41e755597fabe9160d,AY2010-11,PERKINS LOAN | $ Federal Award,perkins_federal_award,True,4086,[]
campus_based,2010-2011,2010,2010-2011CBData.xls,https://studentaid.gov/sites/default/files/2010-2011CBData.xls,2816f64106ea40a3b635a3a0253b0776648fa9af81d17e41e755597fabe9160d,AY2010-11,PERKINS LOAN | Disbursements,perkins_disbursements_amt,True,4086,[]
campus_based,2010-2011,2010,2010-2011CBData.xls,https://studentaid.gov/sites/default/files/2010-2011CBData.xls,2816f64106ea40a3b635a3a0253b0776648fa9af81d17e41e755597fabe9160d,AY2010-11,FEDERAL SUPPLEMENTAL EDUCATIONAL OPPORTUNITY GRANTS | Recipients,fseog_recipients,True,4086,[]
campus_based,2010-2011,2010,2010-2011CBData.xls,https://studentaid.gov/sites/default/files/2010-2011CBData.xls,2816f64106ea40a3b635a3a0253b0776648fa9af81d17e41e755597fabe9160d,AY2010-11,FEDERAL SUPPLEMENTAL EDUCATIONAL OPPORTUNITY GRANTS | $ Federal Award,fseog_federal_award,True,4086,[]
campus_based,2010-2011,2010,2010-2011CBData.xls,https://studentaid.gov/sites/default/files/2010-2011CBData.xls,2816f64106ea40a3b635a3a0253b0776648fa9af81d17e41e755597fabe9160d,AY2010-11,FEDERAL SUPPLEMENTAL EDUCATIONAL OPPORTUNITY GRANTS | Disbursements,fseog_disbursements,True,4086,[]
campus_based,2011-2012,2011,2011-2012CBData.xls,https://studentaid.gov/sites/default/files/2011-2012CBData.xls,92f94d755e8554e55c70099c32ed08311525c225fc3828642e83bfcaa63fb0fa,AY2011-12,OPE ID,opeid8,True,4061,[]
campus_based,2011-2012,2011,2011-2012CBData.xls,https://studentaid.gov/sites/default/files/2011-2012CBData.xls,92f94d755e8554e55c70099c32ed08311525c225fc3828642e83bfcaa63fb0fa,AY2011-12,School,school,True,4061,[]
campus_based,2011-2012,2011,2011-2012CBData.xls,https://studentaid.gov/sites/default/files/2011-2012CBData.xls,92f94d755e8554e55c70099c32ed08311525c225fc3828642e83bfcaa63fb0fa,AY2011-12,State,state,True,4061,[]
campus_based,2011-2012,2011,2011-2012CBData.xls,https://studentaid.gov/sites/default/files/2011-2012CBData.xls,92f94d755e8554e55c70099c32ed08311525c225fc3828642e83bfcaa63fb0fa,AY2011-12,Zip Code,zip_code,True,4061,[]
campus_based,2011-2012,2011,2011-2012CBData.xls,https://studentaid.gov/sites/default/files/2011-2012CBData.xls,92f94d755e8554e55c70099c32ed08311525c225fc3828642e83bfcaa63fb0fa,AY2011-12,School Type,school_type,True,4061,[]
campus_based,2011-2012,2011,2011-2012CBData.xls,https://studentaid.gov/sites/default/files/2011-2012CBData.xls,92f94d755e8554e55c70099c32ed08311525c225fc3828642e83bfcaa63fb0fa,AY2011-12,FEDERAL WORK-STUDY | Recipients,fws_recipients,True,4061,[]
campus_based,2011-2012,2011,2011-2012CBData.xls,https://studentaid.gov/sites/default/files/2011-2012CBData.xls,92f94d755e8554e55c70099c32ed08311525c225fc3828642e83bfcaa63fb0fa,AY2011-12,FEDERAL WORK-STUDY | $ Federal Award,fws_federal_award,True,4061,[]
campus_based,2011-2012,2011,2011-2012CBData.xls,https://studentaid.gov/sites/default/files/2011-2012CBData.xls,92f94d755e8554e55c70099c32ed08311525c225fc3828642e83bfcaa63fb0fa,AY2011-12,FEDERAL WORK-STUDY | Disbursements,fws_disbursements,True,4061,[]
campus_based,2011-2012,2011,2011-2012CBData.xls,https://studentaid.gov/sites/default/files/2011-2012CBData.xls,92f94d755e8554e55c70099c32ed08311525c225fc3828642e83bfcaa63fb0fa,AY2011-12,PERKINS LOAN | Recipients,perkins_recipients,True,4061,[]
campus_based,2011-2012,2011,2011-2012CBData.xls,https://studentaid.gov/sites/default/files/2011-2012CBData.xls,92f94d755e8554e55c70099c32ed08311525c225fc3828642e83bfcaa63fb0fa,AY2011-12,PERKINS LOAN | $ Federal Award,perkins_federal_award,True,4061,[]
campus_based,2011-2012,2011,2011-2012CBData.xls,https://studentaid.gov/sites/default/files/2011-2012CBData.xls,92f94d755e8554e55c70099c32ed08311525c225fc3828642e83bfcaa63fb0fa,AY2011-12,PERKINS LOAN | Disbursements,perkins_disbursements_amt,True,4061,[]
campus_based,2011-2012,2011,2011-2012CBData.xls,https://studentaid.gov/sites/default/files/2011-2012CBData.xls,92f94d755e8554e55c70099c32ed08311525c225fc3828642e83bfcaa63fb0fa,AY2011-12,FEDERAL SUPPLEMENTAL EDUCATIONAL OPPORTUNITY GRANTS | Recipients,fseog_recipients,True,4061,[]
campus_based,2011-2012,2011,2011-2012CBData.xls,https://studentaid.gov/sites/default/files/2011-2012CBData.xls,92f94d755e8554e55c70099c32ed08311525c225fc3828642e83bfcaa63fb0fa,AY2011-12,FEDERAL SUPPLEMENTAL EDUCATIONAL OPPORTUNITY GRANTS | $ Federal Award,fseog_federal_award,True,4061,[]
campus_based,2011-2012,2011,2011-2012CBData.xls,https://studentaid.gov/sites/default/files/2011-2012CBData.xls,92f94d755e8554e55c70099c32ed08311525c225fc3828642e83bfcaa63fb0fa,AY2011-12,FEDERAL SUPPLEMENTAL EDUCATIONAL OPPORTUNITY GRANTS | Disbursements,fseog_disbursements,True,4061,[]
campus_based,2012-2013,2012,2012-13CampusBasedFunding.xls,https://studentaid.gov/sites/default/files/2012-13CampusBasedFunding.xls,7055a1ca96e83c36808eb89b6174c2228c5da0450806aeeae9a7678b8a0c88de,2012-13,OPE ID,opeid8,True,4046,[]
campus_based,2012-2013,2012,2012-13CampusBasedFunding.xls,https://studentaid.gov/sites/default/files/2012-13CampusBasedFunding.xls,7055a1ca96e83c36808eb89b6174c2228c5da0450806aeeae9a7678b8a0c88de,2012-13,School,school,True,4046,[]
campus_based,2012-2013,2012,2012-13CampusBasedFunding.xls,https://studentaid.gov/sites/default/files/2012-13CampusBasedFunding.xls,7055a1ca96e83c36808eb89b6174c2228c5da0450806aeeae9a7678b8a0c88de,2012-13,State,state,True,4046,[]
campus_based,2012-2013,2012,2012-13CampusBasedFunding.xls,https://studentaid.gov/sites/default/files/2012-13CampusBasedFunding.xls,7055a1ca96e83c36808eb89b6174c2228c5da0450806aeeae9a7678b8a0c88de,2012-13,Zip Code,zip_code,True,4046,[]
campus_based,2012-2013,2012,2012-13CampusBasedFunding.xls,https://studentaid.gov/sites/default/files/2012-13CampusBasedFunding.xls,7055a1ca96e83c36808eb89b6174c2228c5da0450806aeeae9a7678b8a0c88de,2012-13,School Type,school_type,True,4046,[]
campus_based,2012-2013,2012,2012-13CampusBasedFunding.xls,https://studentaid.gov/sites/default/files/2012-13CampusBasedFunding.xls,7055a1ca96e83c36808eb89b6174c2228c5da0450806aeeae9a7678b8a0c88de,2012-13,FEDERAL WORK-STUDY | Recipients,fws_recipients,True,4046,[]
campus_based,2012-2013,2012,2012-13CampusBasedFunding.xls,https://studentaid.gov/sites/default/files/2012-13CampusBasedFunding.xls,7055a1ca96e83c36808eb89b6174c2228c5da0450806aeeae9a7678b8a0c88de,2012-13,FEDERAL WORK-STUDY | $ Federal Award,fws_federal_award,True,4046,[]
campus_based,2012-2013,2012,2012-13CampusBasedFunding.xls,https://studentaid.gov/sites/default/files/2012-13CampusBasedFunding.xls,7055a1ca96e83c36808eb89b6174c2228c5da0450806aeeae9a7678b8a0c88de,2012-13,FEDERAL WORK-STUDY | Disbursements,fws_disbursements,True,4046,[]
campus_based,2012-2013,2012,2012-13CampusBasedFunding.xls,https://studentaid.gov/sites/default/files/2012-13CampusBasedFunding.xls,7055a1ca96e83c36808eb89b6174c2228c5da0450806aeeae9a7678b8a0c88de,2012-13,PERKINS LOAN | Recipients,perkins_recipients,True,4046,[]
campus_based,2012-2013,2012,2012-13CampusBasedFunding.xls,https://studentaid.gov/sites/default/files/2012-13CampusBasedFunding.xls,7055a1ca96e83c36808eb89b6174c2228c5da0450806aeeae9a7678b8a0c88de,2012-13,PERKINS LOAN | $ Federal Award,perkins_federal_award,True,4046,[]
campus_based,2012-2013,2012,2012-13CampusBasedFunding.xls,https://studentaid.gov/sites/default/files/2012-13CampusBasedFunding.xls,7055a1ca96e83c36808eb89b6174c2228c5da0450806aeeae9a7678b8a0c88de,2012-13,PERKINS LOAN | Disbursements,perkins_disbursements_amt,True,4046,[]
campus_based,2012-2013,2012,2012-13CampusBasedFunding.xls,https://studentaid.gov/sites/default/files/2012-13CampusBasedFunding.xls,7055a1ca96e83c36808eb89b6174c2228c5da0450806aeeae9a7678b8a0c88de,2012-13,FEDERAL SUPPLEMENTAL EDUCATIONAL OPPORTUNITY GRANTS | Recipients,fseog_recipients,True,4046,[]
campus_based,2012-2013,2012,2012-13CampusBasedFunding.xls,https://studentaid.gov/sites/default/files/2012-13CampusBasedFunding.xls,7055a1ca96e83c36808eb89b6174c2228c5da0450806aeeae9a7678b8a0c88de,2012-13,FEDERAL SUPPLEMENTAL EDUCATIONAL OPPORTUNITY GRANTS | $ Federal Award,fseog_federal_award,True,4046,[]
campus_based,2012-2013,2012,2012-13CampusBasedFunding.xls,https://studentaid.gov/sites/default/files/2012-13CampusBasedFunding.xls,7055a1ca96e83c36808eb89b6174c2228c5da0450806aeeae9a7678b8a0c88de,2012-13,FEDERAL SUPPLEMENTAL EDUCATIONAL OPPORTUNITY GRANTS | Disbursements,fseog_disbursements,True,4046,[]
campus_based,2013-2014,2013,2013-14CampusBased.xls,https://studentaid.gov/sites/default/files/2013-14CampusBased.xls,dae92c13904d1011f6970c6dd387c8f5d7e954c920ac26ba9f0ca2466c53ef0f,AY2013-14,OPE ID,opeid8,True,4010,[]
campus_based,2013-2014,2013,2013-14CampusBased.xls,https://studentaid.gov/sites/default/files/2013-14CampusBased.xls,dae92c13904d1011f6970c6dd387c8f5d7e954c920ac26ba9f0ca2466c53ef0f,AY2013-14,School,school,True,4010,[]
campus_based,2013-2014,2013,2013-14CampusBased.xls,https://studentaid.gov/sites/default/files/2013-14CampusBased.xls,dae92c13904d1011f6970c6dd387c8f5d7e954c920ac26ba9f0ca2466c53ef0f,AY2013-14,State,state,True,4010,[]
campus_based,2013-2014,2013,2013-14CampusBased.xls,https://studentaid.gov/sites/default/files/2013-14CampusBased.xls,dae92c13904d1011f6970c6dd387c8f5d7e954c920ac26ba9f0ca2466c53ef0f,AY2013-14,Zip Code,zip_code,True,4010,[]
campus_based,2013-2014,2013,2013-14CampusBased.xls,https://studentaid.gov/sites/default/files/2013-14CampusBased.xls,dae92c13904d1011f6970c6dd387c8f5d7e954c920ac26ba9f0ca2466c53ef0f,AY2013-14,School Type,school_type,True,4010,[]
campus_based,2013-2014,2013,2013-14CampusBased.xls,https://studentaid.gov/sites/default/files/2013-14CampusBased.xls,dae92c13904d1011f6970c6dd387c8f5d7e954c920ac26ba9f0ca2466c53ef0f,AY2013-14,FEDERAL WORK-STUDY | Recipients,fws_recipients,True,4010,[]
campus_based,2013-2014,2013,2013-14CampusBased.xls,https://studentaid.gov/sites/default/files/2013-14CampusBased.xls,dae92c13904d1011f6970c6dd387c8f5d7e954c920ac26ba9f0ca2466c53ef0f,AY2013-14,FEDERAL WORK-STUDY | $ Federal Award,fws_federal_award,True,3326,[]
campus_based,2013-2014,2013,2013-14CampusBased.xls,https://studentaid.gov/sites/default/files/2013-14CampusBased.xls,dae92c13904d1011f6970c6dd387c8f5d7e954c920ac26ba9f0ca2466c53ef0f,AY2013-14,FEDERAL WORK-STUDY | Disbursements,fws_disbursements,True,4010,[]
campus_based,2013-2014,2013,2013-14CampusBased.xls,https://studentaid.gov/sites/default/files/2013-14CampusBased.xls,dae92c13904d1011f6970c6dd387c8f5d7e954c920ac26ba9f0ca2466c53ef0f,AY2013-14,PERKINS LOAN | Recipients,perkins_recipients,True,4010,[]
campus_based,2013-2014,2013,2013-14CampusBased.xls,https://studentaid.gov/sites/default/files/2013-14CampusBased.xls,dae92c13904d1011f6970c6dd387c8f5d7e954c920ac26ba9f0ca2466c53ef0f,AY2013-14,PERKINS LOAN | $ Federal Award,perkins_federal_award,True,4010,[]
campus_based,2013-2014,2013,2013-14CampusBased.xls,https://studentaid.gov/sites/default/files/2013-14CampusBased.xls,dae92c13904d1011f6970c6dd387c8f5d7e954c920ac26ba9f0ca2466c53ef0f,AY2013-14,PERKINS LOAN | Disbursements,perkins_disbursements_amt,True,4010,[]
campus_based,2013-2014,2013,2013-14CampusBased.xls,https://studentaid.gov/sites/default/files/2013-14CampusBased.xls,dae92c13904d1011f6970c6dd387c8f5d7e954c920ac26ba9f0ca2466c53ef0f,AY2013-14,FEDERAL SUPPLEMENTAL EDUCATIONAL OPPORTUNITY GRANTS | Recipients,fseog_recipients,True,4010,[]
campus_based,2013-2014,2013,2013-14CampusBased.xls,https://studentaid.gov/sites/default/files/2013-14CampusBased.xls,dae92c13904d1011f6970c6dd387c8f5d7e954c920ac26ba9f0ca2466c53ef0f,AY2013-14,FEDERAL SUPPLEMENTAL EDUCATIONAL OPPORTUNITY GRANTS | $ Federal Award,fseog_federal_award,True,3747,[]
campus_based,2013-2014,2013,2013-14CampusBased.xls,https://studentaid.gov/sites/default/files/2013-14CampusBased.xls,dae92c13904d1011f6970c6dd387c8f5d7e954c920ac26ba9f0ca2466c53ef0f,AY2013-14,FEDERAL SUPPLEMENTAL EDUCATIONAL OPPORTUNITY GRANTS | Disbursements,fseog_disbursements,True,4010,[]
campus_based,2014-2015,2014,2014-15CampusBased.xls,https://studentaid.gov/sites/default/files/2014-15CampusBased.xls,3003bb108a5b484a0db06b7ef509595a87d6b9ce3dc7f73090756bf7e95c34f5,AY2014-15,OPE ID,opeid8,True,4013,[]
campus_based,2014-2015,2014,2014-15CampusBased.xls,https://studentaid.gov/sites/default/files/2014-15CampusBased.xls,3003bb108a5b484a0db06b7ef509595a87d6b9ce3dc7f73090756bf7e95c34f5,AY2014-15,School,school,True,4013,[]
campus_based,2014-2015,2014,2014-15CampusBased.xls,https://studentaid.gov/sites/default/files/2014-15CampusBased.xls,3003bb108a5b484a0db06b7ef509595a87d6b9ce3dc7f73090756bf7e95c34f5,AY2014-15,State,state,True,4013,[]
campus_based,2014-2015,2014,2014-15CampusBased.xls,https://studentaid.gov/sites/default/files/2014-15CampusBased.xls,3003bb108a5b484a0db06b7ef509595a87d6b9ce3dc7f73090756bf7e95c34f5,AY2014-15,Zip Code,zip_code,True,4013,[]
campus_based,2014-2015,2014,2014-15CampusBased.xls,https://studentaid.gov/sites/default/files/2014-15CampusBased.xls,3003bb108a5b484a0db06b7ef509595a87d6b9ce3dc7f73090756bf7e95c34f5,AY2014-15,School Type,school_type,True,4013,[]
campus_based,2014-2015,2014,2014-15CampusBased.xls,https://studentaid.gov/sites/default/files/2014-15CampusBased.xls,3003bb108a5b484a0db06b7ef509595a87d6b9ce3dc7f73090756bf7e95c34f5,AY2014-15,FEDERAL WORK-STUDY | Recipients,fws_recipients,True,4013,[]
campus_based,2014-2015,2014,2014-15CampusBased.xls,https://studentaid.gov/sites/default/files/2014-15CampusBased.xls,3003bb108a5b484a0db06b7ef509595a87d6b9ce3dc7f73090756bf7e95c34f5,AY2014-15,FEDERAL WORK-STUDY | $ Federal Award,fws_federal_award,True,4013,[]
campus_based,2014-2015,2014,2014-15CampusBased.xls,https://studentaid.gov/sites/default/files/2014-15CampusBased.xls,3003bb108a5b484a0db06b7ef509595a87d6b9ce3dc7f73090756bf7e95c34f5,AY2014-15,FEDERAL WORK-STUDY | Disbursements,fws_disbursements,True,4013,[]
campus_based,2014-2015,2014,2014-15CampusBased.xls,https://studentaid.gov/sites/default/files/2014-15CampusBased.xls,3003bb108a5b484a0db06b7ef509595a87d6b9ce3dc7f73090756bf7e95c34f5,AY2014-15,PERKINS LOAN | Recipients,perkins_recipients,True,4013,[]
campus_based,2014-2015,2014,2014-15CampusBased.xls,https://studentaid.gov/sites/default/files/2014-15CampusBased.xls,3003bb108a5b484a0db06b7ef509595a87d6b9ce3dc7f73090756bf7e95c34f5,AY2014-15,PERKINS LOAN | $ Federal Award,perkins_federal_award,True,4013,[]
campus_based,2014-2015,2014,2014-15CampusBased.xls,https://studentaid.gov/sites/default/files/2014-15CampusBased.xls,3003bb108a5b484a0db06b7ef509595a87d6b9ce3dc7f73090756bf7e95c34f5,AY2014-15,PERKINS LOAN | Disbursements,perkins_disbursements_amt,True,4013,[]
campus_based,2014-2015,2014,2014-15CampusBased.xls,https://studentaid.gov/sites/default/files/2014-15CampusBased.xls,3003bb108a5b484a0db06b7ef509595a87d6b9ce3dc7f73090756bf7e95c34f5,AY2014-15,FEDERAL SUPPLEMENTAL EDUCATIONAL OPPORTUNITY GRANTS | Recipients,fseog_recipients,True,4013,[]
campus_based,2014-2015,2014,2014-15CampusBased.xls,https://studentaid.gov/sites/default/files/2014-15CampusBased.xls,3003bb108a5b484a0db06b7ef509595a87d6b9ce3dc7f73090756bf7e95c34f5,AY2014-15,FEDERAL SUPPLEMENTAL EDUCATIONAL OPPORTUNITY GRANTS | $ Federal Award,fseog_federal_award,True,4013,[]
campus_based,2014-2015,2014,2014-15CampusBased.xls,https://studentaid.gov/sites/default/files/2014-15CampusBased.xls,3003bb108a5b484a0db06b7ef509595a87d6b9ce3dc7f73090756bf7e95c34f5,AY2014-15,FEDERAL SUPPLEMENTAL EDUCATIONAL OPPORTUNITY GRANTS | Disbursements,fseog_disbursements,True,4013,[]
campus_based,2015-2016,2015,2015-16CampusBased.xls,https://studentaid.gov/sites/default/files/fsawg/datacenter/library/2015-16CampusBased.xls,322a79e82e44382831fe99bef5484af317333ca508d2b8dd6199f1e2f4a4d15a,2015-2016 CB Data,OPE ID,opeid8,True,3947,[]
campus_based,2015-2016,2015,2015-16CampusBased.xls,https://studentaid.gov/sites/default/files/fsawg/datacenter/library/2015-16CampusBased.xls,322a79e82e44382831fe99bef5484af317333ca508d2b8dd6199f1e2f4a4d15a,2015-2016 CB Data,School,school,True,3947,[]
campus_based,2015-2016,2015,2015-16CampusBased.xls,https://studentaid.gov/sites/default/files/fsawg/datacenter/library/2015-16CampusBased.xls,322a79e82e44382831fe99bef5484af317333ca508d2b8dd6199f1e2f4a4d15a,2015-2016 CB Data,State,state,True,3947,[]
campus_based,2015-2016,2015,2015-16CampusBased.xls,https://studentaid.gov/sites/default/files/fsawg/datacenter/library/2015-16CampusBased.xls,322a79e82e44382831fe99bef5484af317333ca508d2b8dd6199f1e2f4a4d15a,2015-2016 CB Data,Zip Code,zip_code,True,3947,[]
campus_based,2015-2016,2015,2015-16CampusBased.xls,https://studentaid.gov/sites/default/files/fsawg/datacenter/library/2015-16CampusBased.xls,322a79e82e44382831fe99bef5484af317333ca508d2b8dd6199f1e2f4a4d15a,2015-2016 CB Data,School Type,school_type,True,3947,[]
campus_based,2015-2016,2015,2015-16CampusBased.xls,https://studentaid.gov/sites/default/files/fsawg/datacenter/library/2015-16CampusBased.xls,322a79e82e44382831fe99bef5484af317333ca508d2b8dd6199f1e2f4a4d15a,2015-2016 CB Data,FEDERAL WORK-STUDY | Recipients,fws_recipients,True,3947,[]
campus_based,2015-2016,2015,2015-16CampusBased.xls,https://studentaid.gov/sites/default/files/fsawg/datacenter/library/2015-16CampusBased.xls,322a79e82e44382831fe99bef5484af317333ca508d2b8dd6199f1e2f4a4d15a,2015-2016 CB Data,FEDERAL WORK-STUDY | $ Federal Award,fws_federal_award,True,3947,[]
campus_based,2015-2016,2015,2015-16CampusBased.xls,https://studentaid.gov/sites/default/files/fsawg/datacenter/library/2015-16CampusBased.xls,322a79e82e44382831fe99bef5484af317333ca508d2b8dd6199f1e2f4a4d15a,2015-2016 CB Data,FEDERAL WORK-STUDY | Disbursements,fws_disbursements,True,3947,[]
campus_based,2015-2016,2015,2015-16CampusBased.xls,https://studentaid.gov/sites/default/files/fsawg/datacenter/library/2015-16CampusBased.xls,322a79e82e44382831fe99bef5484af317333ca508d2b8dd6199f1e2f4a4d15a,2015-2016 CB Data,PERKINS LOAN | Recipients,perkins_recipients,True,3947,[]
campus_based,2015-2016,2015,2015-16CampusBased.xls,https://studentaid.gov/sites/default/files/fsawg/datacenter/library/2015-16CampusBased.xls,322a79e82e44382831fe99bef5484af317333ca508d2b8dd6199f1e2f4a4d15a,2015-2016 CB Data,PERKINS LOAN | $ Federal Award,perkins_federal_award,True,3947,[]
campus_based,2015-2016,2015,2015-16CampusBased.xls,https://studentaid.gov/sites/default/files/fsawg/datacenter/library/2015-16CampusBased.xls,322a79e82e44382831fe99bef5484af317333ca508d2b8dd6199f1e2f4a4d15a,2015-2016 CB Data,PERKINS LOAN | Disbursements,perkins_disbursements_amt,True,3947,[]
campus_based,2015-2016,2015,2015-16CampusBased.xls,https://studentaid.gov/sites/default/files/fsawg/datacenter/library/2015-16CampusBased.xls,322a79e82e44382831fe99bef5484af317333ca508d2b8dd6199f1e2f4a4d15a,2015-2016 CB Data,FEDERAL SUPPLEMENTAL EDUCATIONAL OPPORTUNITY GRANTS | Recipients,fseog_recipients,True,3947,[]
campus_based,2015-2016,2015,2015-16CampusBased.xls,https://studentaid.gov/sites/default/files/fsawg/datacenter/library/2015-16CampusBased.xls,322a79e82e44382831fe99bef5484af317333ca508d2b8dd6199f1e2f4a4d15a,2015-2016 CB Data,FEDERAL SUPPLEMENTAL EDUCATIONAL OPPORTUNITY GRANTS | $ Federal Award,fseog_federal_award,True,3947,[]
campus_based,2015-2016,2015,2015-16CampusBased.xls,https://studentaid.gov/sites/default/files/fsawg/datacenter/library/2015-16CampusBased.xls,322a79e82e44382831fe99bef5484af317333ca508d2b8dd6199f1e2f4a4d15a,2015-2016 CB Data,FEDERAL SUPPLEMENTAL EDUCATIONAL OPPORTUNITY GRANTS | Disbursements,fseog_disbursements,True,3947,[]
campus_based,2016-2017,2016,2016-17CampusBased.xls,https://studentaid.gov/sites/default/files/fsawg/datacenter/library/2016-17CampusBased.xls,9f2ebffe0cb5512671071c4b1bc8772ea246e74f8b0a990245123cec2d7f8f30,2016-17 CB Data,OPE ID,opeid8,True,3868,[]
campus_based,2016-2017,2016,2016-17CampusBased.xls,https://studentaid.gov/sites/default/files/fsawg/datacenter/library/2016-17CampusBased.xls,9f2ebffe0cb5512671071c4b1bc8772ea246e74f8b0a990245123cec2d7f8f30,2016-17 CB Data,School,school,True,3868,[]
campus_based,2016-2017,2016,2016-17CampusBased.xls,https://studentaid.gov/sites/default/files/fsawg/datacenter/library/2016-17CampusBased.xls,9f2ebffe0cb5512671071c4b1bc8772ea246e74f8b0a990245123cec2d7f8f30,2016-17 CB Data,State,state,True,3868,[]
campus_based,2016-2017,2016,2016-17CampusBased.xls,https://studentaid.gov/sites/default/files/fsawg/datacenter/library/2016-17CampusBased.xls,9f2ebffe0cb5512671071c4b1bc8772ea246e74f8b0a990245123cec2d7f8f30,2016-17 CB Data,Zip Code,zip_code,True,3868,[]
campus_based,2016-2017,2016,2016-17CampusBased.xls,https://studentaid.gov/sites/default/files/fsawg/datacenter/library/2016-17CampusBased.xls,9f2ebffe0cb5512671071c4b1bc8772ea246e74f8b0a990245123cec2d7f8f30,2016-17 CB Data,School Type,school_type,True,3868,[]
campus_based,2016-2017,2016,2016-17CampusBased.xls,https://studentaid.gov/sites/default/files/fsawg/datacenter/library/2016-17CampusBased.xls,9f2ebffe0cb5512671071c4b1bc8772ea246e74f8b0a990245123cec2d7f8f30,2016-17 CB Data,PERKINS LOAN | Recipients,perkins_recipients,True,3868,[]
campus_based,2016-2017,2016,2016-17CampusBased.xls,https://studentaid.gov/sites/default/files/fsawg/datacenter/library/2016-17CampusBased.xls,9f2ebffe0cb5512671071c4b1bc8772ea246e74f8b0a990245123cec2d7f8f30,2016-17 CB Data,PERKINS LOAN | Disbursements,perkins_disbursements_amt,True,3868,[]
campus_based,2016-2017,2016,2016-17CampusBased.xls,https://studentaid.gov/sites/default/files/fsawg/datacenter/library/2016-17CampusBased.xls,9f2ebffe0cb5512671071c4b1bc8772ea246e74f8b0a990245123cec2d7f8f30,2016-17 CB Data,FEDERAL SUPPLEMENTAL EDUCATIONAL OPPORTUNITY GRANTS (FSEOG) | $ Federal Award,fseog_federal_award,True,3868,[]
campus_based,2016-2017,2016,2016-17CampusBased.xls,https://studentaid.gov/sites/default/files/fsawg/datacenter/library/2016-17CampusBased.xls,9f2ebffe0cb5512671071c4b1bc8772ea246e74f8b0a990245123cec2d7f8f30,2016-17 CB Data,FEDERAL SUPPLEMENTAL EDUCATIONAL OPPORTUNITY GRANTS (FSEOG) | Recipients3,fseog_recipients,True,3868,[]
campus_based,2016-2017,2016,2016-17CampusBased.xls,https://studentaid.gov/sites/default/files/fsawg/datacenter/library/2016-17CampusBased.xls,9f2ebffe0cb5512671071c4b1bc8772ea246e74f8b0a990245123cec2d7f8f30,2016-17 CB Data,FEDERAL SUPPLEMENTAL EDUCATIONAL OPPORTUNITY GRANTS (FSEOG) | Disbursements3,fseog_disbursements,True,3868,[]
campus_based,2016-2017,2016,2016-17CampusBased.xls,https://studentaid.gov/sites/default/files/fsawg/datacenter/library/2016-17CampusBased.xls,9f2ebffe0cb5512671071c4b1bc8772ea246e74f8b0a990245123cec2d7f8f30,2016-17 CB Data,FEDERAL WORK-STUDY (FWS) | $ Federal Award2,fws_federal_award,True,3868,[]
campus_based,2016-2017,2016,2016-17CampusBased.xls,https://studentaid.gov/sites/default/files/fsawg/datacenter/library/2016-17CampusBased.xls,9f2ebffe0cb5512671071c4b1bc8772ea246e74f8b0a990245123cec2d7f8f30,2016-17 CB Data,FEDERAL WORK-STUDY (FWS) | Recipients2,fws_recipients,True,3868,[]
campus_based,2016-2017,2016,2016-17CampusBased.xls,https://studentaid.gov/sites/default/files/fsawg/datacenter/library/2016-17CampusBased.xls,9f2ebffe0cb5512671071c4b1bc8772ea246e74f8b0a990245123cec2d7f8f30,2016-17 CB Data,FEDERAL WORK-STUDY (FWS) | Disbursements2,fws_disbursements,True,3868,[]
campus_based,2017-2018,2017,ay17-18-campus-based.xls,https://studentaid.gov/sites/default/files/ay17-18-campus-based.xls,eb44124f5e59f07c9bf701b5a06a1600a902b041fcc698ba46526630874f06b4,2017-18 CB Data,OPE ID,opeid8,True,3678,[]
campus_based,2017-2018,2017,ay17-18-campus-based.xls,https://studentaid.gov/sites/default/files/ay17-18-campus-based.xls,eb44124f5e59f07c9bf701b5a06a1600a902b041fcc698ba46526630874f06b4,2017-18 CB Data,School,school,True,3678,[]
campus_based,2017-2018,2017,ay17-18-campus-based.xls,https://studentaid.gov/sites/default/files/ay17-18-campus-based.xls,eb44124f5e59f07c9bf701b5a06a1600a902b041fcc698ba46526630874f06b4,2017-18 CB Data,State,state,True,3678,[]
campus_based,2017-2018,2017,ay17-18-campus-based.xls,https://studentaid.gov/sites/default/files/ay17-18-campus-based.xls,eb44124f5e59f07c9bf701b5a06a1600a902b041fcc698ba46526630874f06b4,2017-18 CB Data,School Type,school_type,True,3678,[]
campus_based,2017-2018,2017,ay17-18-campus-based.xls,https://studentaid.gov/sites/default/files/ay17-18-campus-based.xls,eb44124f5e59f07c9bf701b5a06a1600a902b041fcc698ba46526630874f06b4,2017-18 CB Data,PERKINS LOAN | Recipients,perkins_recipients,True,3678,[]
campus_based,2017-2018,2017,ay17-18-campus-based.xls,https://studentaid.gov/sites/default/files/ay17-18-campus-based.xls,eb44124f5e59f07c9bf701b5a06a1600a902b041fcc698ba46526630874f06b4,2017-18 CB Data,PERKINS LOAN | Disbursements,perkins_disbursements_amt,True,3678,[]
campus_based,2017-2018,2017,ay17-18-campus-based.xls,https://studentaid.gov/sites/default/files/ay17-18-campus-based.xls,eb44124f5e59f07c9bf701b5a06a1600a902b041fcc698ba46526630874f06b4,2017-18 CB Data,FEDERAL SUPPLEMENTAL EDUCATIONAL OPPORTUNITY GRANTS (FSEOG) | FSEOG $ Federal Award,fseog_federal_award,True,3678,[]
campus_based,2017-2018,2017,ay17-18-campus-based.xls,https://studentaid.gov/sites/default/files/ay17-18-campus-based.xls,eb44124f5e59f07c9bf701b5a06a1600a902b041fcc698ba46526630874f06b4,2017-18 CB Data,FEDERAL SUPPLEMENTAL EDUCATIONAL OPPORTUNITY GRANTS (FSEOG) | Recipients3,fseog_recipients,True,3678,[]
campus_based,2017-2018,2017,ay17-18-campus-based.xls,https://studentaid.gov/sites/default/files/ay17-18-campus-based.xls,eb44124f5e59f07c9bf701b5a06a1600a902b041fcc698ba46526630874f06b4,2017-18 CB Data,FEDERAL SUPPLEMENTAL EDUCATIONAL OPPORTUNITY GRANTS (FSEOG) | FSEOG Disbursements,fseog_disbursements,True,3678,[]
campus_based,2017-2018,2017,ay17-18-campus-based.xls,https://studentaid.gov/sites/default/files/ay17-18-campus-based.xls,eb44124f5e59f07c9bf701b5a06a1600a902b041fcc698ba46526630874f06b4,2017-18 CB Data,FEDERAL WORK-STUDY (FWS) | FWS $ Federal Award,fws_federal_award,True,3678,[]
campus_based,2017-2018,2017,ay17-18-campus-based.xls,https://studentaid.gov/sites/default/files/ay17-18-campus-based.xls,eb44124f5e59f07c9bf701b5a06a1600a902b041fcc698ba46526630874f06b4,2017-18 CB Data,FEDERAL WORK-STUDY (FWS) | Recipients2,fws_recipients,True,3678,[]
campus_based,2017-2018,2017,ay17-18-campus-based.xls,https://studentaid.gov/sites/default/files/ay17-18-campus-based.xls,eb44124f5e59f07c9bf701b5a06a1600a902b041fcc698ba46526630874f06b4,2017-18 CB Data,FEDERAL WORK-STUDY (FWS) | FWS Disbursements,fws_disbursements,True,3678,[]
campus_based,2018-2019,2018,ay18-19-campus-based.xls,https://studentaid.gov/sites/default/files/fsawg/datacenter/library/ay18-19-campus-based.xls,52240a846cf560b24653a12a843e4708aeb240e9c0d5be2f3d10e2acabbd9619,2018-2019 CB Data,OPE ID,opeid8,True,3707,[]
campus_based,2018-2019,2018,ay18-19-campus-based.xls,https://studentaid.gov/sites/default/files/fsawg/datacenter/library/ay18-19-campus-based.xls,52240a846cf560b24653a12a843e4708aeb240e9c0d5be2f3d10e2acabbd9619,2018-2019 CB Data,School,school,True,3707,[]
campus_based,2018-2019,2018,ay18-19-campus-based.xls,https://studentaid.gov/sites/default/files/fsawg/datacenter/library/ay18-19-campus-based.xls,52240a846cf560b24653a12a843e4708aeb240e9c0d5be2f3d10e2acabbd9619,2018-2019 CB Data,State,state,True,3707,[]
campus_based,2018-2019,2018,ay18-19-campus-based.xls,https://studentaid.gov/sites/default/files/fsawg/datacenter/library/ay18-19-campus-based.xls,52240a846cf560b24653a12a843e4708aeb240e9c0d5be2f3d10e2acabbd9619,2018-2019 CB Data,Zip Code,zip_code,True,3707,[]
campus_based,2018-2019,2018,ay18-19-campus-based.xls,https://studentaid.gov/sites/default/files/fsawg/datacenter/library/ay18-19-campus-based.xls,52240a846cf560b24653a12a843e4708aeb240e9c0d5be2f3d10e2acabbd9619,2018-2019 CB Data,School Type,school_type,True,3707,[]
campus_based,2018-2019,2018,ay18-19-campus-based.xls,https://studentaid.gov/sites/default/files/fsawg/datacenter/library/ay18-19-campus-based.xls,52240a846cf560b24653a12a843e4708aeb240e9c0d5be2f3d10e2acabbd9619,2018-2019 CB Data,Perkins Loan Recipents,perkins_recipients,True,3707,[]
campus_based,2018-2019,2018,ay18-19-campus-based.xls,https://studentaid.gov/sites/default/files/fsawg/datacenter/library/ay18-19-campus-based.xls,52240a846cf560b24653a12a843e4708aeb240e9c0d5be2f3d10e2acabbd9619,2018-2019 CB Data,Perkins Loan Disbursements,perkins_disbursements_amt,True,3707,"[""-""]"
campus_based,2018-2019,2018,ay18-19-campus-based.xls,https://studentaid.gov/sites/default/files/fsawg/datacenter/library/ay18-19-campus-based.xls,52240a846cf560b24653a12a843e4708aeb240e9c0d5be2f3d10e2acabbd9619,2018-2019 CB Data,FSEOG $ Federal Award,fseog_federal_award,True,3707,"[""-""]"
campus_based,2018-2019,2018,ay18-19-campus-based.xls,https://studentaid.gov/sites/default/files/fsawg/datacenter/library/ay18-19-campus-based.xls,52240a846cf560b24653a12a843e4708aeb240e9c0d5be2f3d10e2acabbd9619,2018-2019 CB Data,FSEOG Recipients,fseog_recipients,True,3707,[]
campus_based,2018-2019,2018,ay18-19-campus-based.xls,https://studentaid.gov/sites/default/files/fsawg/datacenter/library/ay18-19-campus-based.xls,52240a846cf560b24653a12a843e4708aeb240e9c0d5be2f3d10e2acabbd9619,2018-2019 CB Data,FSEOG Disbursements,fseog_disbursements,True,3707,"[""-""]"
campus_based,2018-2019,2018,ay18-19-campus-based.xls,https://studentaid.gov/sites/default/files/fsawg/datacenter/library/ay18-19-campus-based.xls,52240a846cf560b24653a12a843e4708aeb240e9c0d5be2f3d10e2acabbd9619,2018-2019 CB Data,FWS $ Federal Award,fws_federal_award,True,3707,"[""-""]"
campus_based,2018-2019,2018,ay18-19-campus-based.xls,https://studentaid.gov/sites/default/files/fsawg/datacenter/library/ay18-19-campus-based.xls,52240a846cf560b24653a12a843e4708aeb240e9c0d5be2f3d10e2acabbd9619,2018-2019 CB Data,FWS Recipents,fws_recipients,True,3697,[]
campus_based,2018-2019,2018,ay18-19-campus-based.xls,https://studentaid.gov/sites/default/files/fsawg/datacenter/library/ay18-19-campus-based.xls,52240a846cf560b24653a12a843e4708aeb240e9c0d5be2f3d10e2acabbd9619,2018-2019 CB Data,FWS Disbursements,fws_disbursements,True,3707,"[""-""]"
campus_based,2019-2020,2019,ay19-20-campus-based.xls,https://studentaid.gov/sites/default/files/fsawg/datacenter/library/ay19-20-campus-based.xls,a92fb2a2825ba6f09aaeabe78840f6a1c065d5134750277410554d1f5c7ef372,2019-2020,OPE ID,opeid8,True,3608,[]
campus_based,2019-2020,2019,ay19-20-campus-based.xls,https://studentaid.gov/sites/default/files/fsawg/datacenter/library/ay19-20-campus-based.xls,a92fb2a2825ba6f09aaeabe78840f6a1c065d5134750277410554d1f5c7ef372,2019-2020,School,school,True,3607,[]
campus_based,2019-2020,2019,ay19-20-campus-based.xls,https://studentaid.gov/sites/default/files/fsawg/datacenter/library/ay19-20-campus-based.xls,a92fb2a2825ba6f09aaeabe78840f6a1c065d5134750277410554d1f5c7ef372,2019-2020,State,state,True,3607,[]
campus_based,2019-2020,2019,ay19-20-campus-based.xls,https://studentaid.gov/sites/default/files/fsawg/datacenter/library/ay19-20-campus-based.xls,a92fb2a2825ba6f09aaeabe78840f6a1c065d5134750277410554d1f5c7ef372,2019-2020,Zip Code,zip_code,True,3607,[]
campus_based,2019-2020,2019,ay19-20-campus-based.xls,https://studentaid.gov/sites/default/files/fsawg/datacenter/library/ay19-20-campus-based.xls,a92fb2a2825ba6f09aaeabe78840f6a1c065d5134750277410554d1f5c7ef372,2019-2020,School Type,school_type,True,3607,[]
campus_based,2019-2020,2019,ay19-20-campus-based.xls,https://studentaid.gov/sites/default/files/fsawg/datacenter/library/ay19-20-campus-based.xls,a92fb2a2825ba6f09aaeabe78840f6a1c065d5134750277410554d1f5c7ef372,2019-2020,FEDERAL SUPPLEMENTAL EDUCATIONAL OPPORTUNITY GRANTS | FSEOG $ Federal Award,fseog_federal_award,True,3569,[]
campus_based,2019-2020,2019,ay19-20-campus-based.xls,https://studentaid.gov/sites/default/files/fsawg/datacenter/library/ay19-20-campus-based.xls,a92fb2a2825ba6f09aaeabe78840f6a1c065d5134750277410554d1f5c7ef372,2019-2020,FEDERAL SUPPLEMENTAL EDUCATIONAL OPPORTUNITY GRANTS | FSEOG Recipients,fseog_recipients,True,3600,[]
campus_based,2019-2020,2019,ay19-20-campus-based.xls,https://studentaid.gov/sites/default/files/fsawg/datacenter/library/ay19-20-campus-based.xls,a92fb2a2825ba6f09aaeabe78840f6a1c065d5134750277410554d1f5c7ef372,2019-2020,FEDERAL SUPPLEMENTAL EDUCATIONAL OPPORTUNITY GRANTS | FSEOG Disbursements,fseog_disbursements,True,3600,[]
campus_based,2019-2020,2019,ay19-20-campus-based.xls,https://studentaid.gov/sites/default/files/fsawg/datacenter/library/ay19-20-campus-based.xls,a92fb2a2825ba6f09aaeabe78840f6a1c065d5134750277410554d1f5c7ef372,2019-2020,FEDERAL WORK STUDY (FWS) | FWS $ Federal Award,fws_federal_award,True,3434,[]
campus_based,2019-2020,2019,ay19-20-campus-based.xls,https://studentaid.gov/sites/default/files/fsawg/datacenter/library/ay19-20-campus-based.xls,a92fb2a2825ba6f09aaeabe78840f6a1c065d5134750277410554d1f5c7ef372,2019-2020,FEDERAL WORK STUDY (FWS) | FWS Recipents,fws_recipients,True,3600,[]
campus_based,2019-2020,2019,ay19-20-campus-based.xls,https://studentaid.gov/sites/default/files/fsawg/datacenter/library/ay19-20-campus-based.xls,a92fb2a2825ba6f09aaeabe78840f6a1c065d5134750277410554d1f5c7ef372,2019-2020,FEDERAL WORK STUDY (FWS) | FWS Disbursements,fws_disbursements,True,3600,[]
campus_based,2020-2021,2020,ay20-21-campus-based.xls,https://studentaid.gov/sites/default/files/fsawg/datacenter/library/ay20-21-campus-based.xls,ac02b21720c413aea4256efaf28f9bdd5202989793bd411565ebf63f71784174,2020-2021,OPE ID,opeid8,True,3590,[]
campus_based,2020-2021,2020,ay20-21-campus-based.xls,https://studentaid.gov/sites/default/files/fsawg/datacenter/library/ay20-21-campus-based.xls,ac02b21720c413aea4256efaf28f9bdd5202989793bd411565ebf63f71784174,2020-2021,School,school,True,3589,[]
campus_based,2020-2021,2020,ay20-21-campus-based.xls,https://studentaid.gov/sites/default/files/fsawg/datacenter/library/ay20-21-campus-based.xls,ac02b21720c413aea4256efaf28f9bdd5202989793bd411565ebf63f71784174,2020-2021,State,state,True,3589,[]
campus_based,2020-2021,2020,ay20-21-campus-based.xls,https://studentaid.gov/sites/default/files/fsawg/datacenter/library/ay20-21-campus-based.xls,ac02b21720c413aea4256efaf28f9bdd5202989793bd411565ebf63f71784174,2020-2021,Zip Code,zip_code,True,3589,[]
campus_based,2020-2021,2020,ay20-21-campus-based.xls,https://studentaid.gov/sites/default/files/fsawg/datacenter/library/ay20-21-campus-based.xls,ac02b21720c413aea4256efaf28f9bdd5202989793bd411565ebf63f71784174,2020-2021,School Type,school_type,True,3589,[]
campus_based,2020-2021,2020,ay20-21-campus-based.xls,https://studentaid.gov/sites/default/files/fsawg/datacenter/library/ay20-21-campus-based.xls,ac02b21720c413aea4256efaf28f9bdd5202989793bd411565ebf63f71784174,2020-2021,FEDERAL SUPPLEMENTAL EDUCATIONAL OPPORTUNITY GRANTS | FSEOG $ Federal Award,fseog_federal_award,True,3589,"[""-""]"
campus_based,2020-2021,2020,ay20-21-campus-based.xls,https://studentaid.gov/sites/default/files/fsawg/datacenter/library/ay20-21-campus-based.xls,ac02b21720c413aea4256efaf28f9bdd5202989793bd411565ebf63f71784174,2020-2021,FEDERAL SUPPLEMENTAL EDUCATIONAL OPPORTUNITY GRANTS | FSEOG Recipients,fseog_recipients,True,3589,[]
campus_based,2020-2021,2020,ay20-21-campus-based.xls,https://studentaid.gov/sites/default/files/fsawg/datacenter/library/ay20-21-campus-based.xls,ac02b21720c413aea4256efaf28f9bdd5202989793bd411565ebf63f71784174,2020-2021,FEDERAL SUPPLEMENTAL EDUCATIONAL OPPORTUNITY GRANTS | FSEOG Disbursements,fseog_disbursements,True,3589,"[""-""]"
campus_based,2020-2021,2020,ay20-21-campus-based.xls,https://studentaid.gov/sites/default/files/fsawg/datacenter/library/ay20-21-campus-based.xls,ac02b21720c413aea4256efaf28f9bdd5202989793bd411565ebf63f71784174,2020-2021,FEDERAL WORK STUDY (FWS) | FWS $ Federal Award,fws_federal_award,True,3589,"[""-""]"
campus_based,2020-2021,2020,ay20-21-campus-based.xls,https://studentaid.gov/sites/default/files/fsawg/datacenter/library/ay20-21-campus-based.xls,ac02b21720c413aea4256efaf28f9bdd5202989793bd411565ebf63f71784174,2020-2021,FEDERAL WORK STUDY (FWS) | FWS Recipents,fws_recipients,True,3583,[]
campus_based,2020-2021,2020,ay20-21-campus-based.xls,https://studentaid.gov/sites/default/files/fsawg/datacenter/library/ay20-21-campus-based.xls,ac02b21720c413aea4256efaf28f9bdd5202989793bd411565ebf63f71784174,2020-2021,FEDERAL WORK STUDY (FWS) | FWS Disbursements,fws_disbursements,True,3589,"[""-""]"
campus_based,2021-2022,2021,ay21-22-campus-based.xls,https://studentaid.gov/sites/default/files/fsawg/datacenter/library/ay21-22-campus-based.xls,ca749d7212dfc95a0cb1dfb70cc8adde22cb199f9d869aa4b6a7a537baf0c7d1,AY21-22,OPE ID,opeid8,True,3581,[]
campus_based,2021-2022,2021,ay21-22-campus-based.xls,https://studentaid.gov/sites/default/files/fsawg/datacenter/library/ay21-22-campus-based.xls,ca749d7212dfc95a0cb1dfb70cc8adde22cb199f9d869aa4b6a7a537baf0c7d1,AY21-22,School,school,True,3580,[]
campus_based,2021-2022,2021,ay21-22-campus-based.xls,https://studentaid.gov/sites/default/files/fsawg/datacenter/library/ay21-22-campus-based.xls,ca749d7212dfc95a0cb1dfb70cc8adde22cb199f9d869aa4b6a7a537baf0c7d1,AY21-22,State,state,True,3580,[]
campus_based,2021-2022,2021,ay21-22-campus-based.xls,https://studentaid.gov/sites/default/files/fsawg/datacenter/library/ay21-22-campus-based.xls,ca749d7212dfc95a0cb1dfb70cc8adde22cb199f9d869aa4b6a7a537baf0c7d1,AY21-22,Zip Code,zip_code,True,3580,[]
campus_based,2021-2022,2021,ay21-22-campus-based.xls,https://studentaid.gov/sites/default/files/fsawg/datacenter/library/ay21-22-campus-based.xls,ca749d7212dfc95a0cb1dfb70cc8adde22cb199f9d869aa4b6a7a537baf0c7d1,AY21-22,School Type,school_type,True,3580,[]
campus_based,2021-2022,2021,ay21-22-campus-based.xls,https://studentaid.gov/sites/default/files/fsawg/datacenter/library/ay21-22-campus-based.xls,ca749d7212dfc95a0cb1dfb70cc8adde22cb199f9d869aa4b6a7a537baf0c7d1,AY21-22,FSEOG $ Federal Award,fseog_federal_award,True,3580,[]
campus_based,2021-2022,2021,ay21-22-campus-based.xls,https://studentaid.gov/sites/default/files/fsawg/datacenter/library/ay21-22-campus-based.xls,ca749d7212dfc95a0cb1dfb70cc8adde22cb199f9d869aa4b6a7a537baf0c7d1,AY21-22,FSEOG Recipients,fseog_recipients,True,3580,"[""<10""]"
campus_based,2021-2022,2021,ay21-22-campus-based.xls,https://studentaid.gov/sites/default/files/fsawg/datacenter/library/ay21-22-campus-based.xls,ca749d7212dfc95a0cb1dfb70cc8adde22cb199f9d869aa4b6a7a537baf0c7d1,AY21-22,FSEOG Disbursements,fseog_disbursements,True,3580,"[""Privacy Redacted""]"
campus_based,2021-2022,2021,ay21-22-campus-based.xls,https://studentaid.gov/sites/default/files/fsawg/datacenter/library/ay21-22-campus-based.xls,ca749d7212dfc95a0cb1dfb70cc8adde22cb199f9d869aa4b6a7a537baf0c7d1,AY21-22,FWS $ Federal Award,fws_federal_award,True,3580,[]
campus_based,2021-2022,2021,ay21-22-campus-based.xls,https://studentaid.gov/sites/default/files/fsawg/datacenter/library/ay21-22-campus-based.xls,ca749d7212dfc95a0cb1dfb70cc8adde22cb199f9d869aa4b6a7a537baf0c7d1,AY21-22,FWS Recipients,fws_recipients,True,3580,"[""<10""]"
campus_based,2021-2022,2021,ay21-22-campus-based.xls,https://studentaid.gov/sites/default/files/fsawg/datacenter/library/ay21-22-campus-based.xls,ca749d7212dfc95a0cb1dfb70cc8adde22cb199f9d869aa4b6a7a537baf0c7d1,AY21-22,FWS Disbursements,fws_disbursements,True,3580,"[""Privacy Redacted""]"
campus_based,2022-2023,2022,ay22-23-campus-based.xls,https://studentaid.gov/sites/default/files/fsawg/datacenter/library/ay22-23-campus-based.xls,de812c83b409f9df8e254f39eb668e952dd198d103bcfd318ed38f7d97f462c6,AY22-23,OPE ID,opeid8,True,3552,[]
campus_based,2022-2023,2022,ay22-23-campus-based.xls,https://studentaid.gov/sites/default/files/fsawg/datacenter/library/ay22-23-campus-based.xls,de812c83b409f9df8e254f39eb668e952dd198d103bcfd318ed38f7d97f462c6,AY22-23,School,school,True,3551,[]
campus_based,2022-2023,2022,ay22-23-campus-based.xls,https://studentaid.gov/sites/default/files/fsawg/datacenter/library/ay22-23-campus-based.xls,de812c83b409f9df8e254f39eb668e952dd198d103bcfd318ed38f7d97f462c6,AY22-23,State,state,True,3551,[]
campus_based,2022-2023,2022,ay22-23-campus-based.xls,https://studentaid.gov/sites/default/files/fsawg/datacenter/library/ay22-23-campus-based.xls,de812c83b409f9df8e254f39eb668e952dd198d103bcfd318ed38f7d97f462c6,AY22-23,Zip Code,zip_code,True,3551,[]
campus_based,2022-2023,2022,ay22-23-campus-based.xls,https://studentaid.gov/sites/default/files/fsawg/datacenter/library/ay22-23-campus-based.xls,de812c83b409f9df8e254f39eb668e952dd198d103bcfd318ed38f7d97f462c6,AY22-23,School Type,school_type,True,3551,[]
campus_based,2022-2023,2022,ay22-23-campus-based.xls,https://studentaid.gov/sites/default/files/fsawg/datacenter/library/ay22-23-campus-based.xls,de812c83b409f9df8e254f39eb668e952dd198d103bcfd318ed38f7d97f462c6,AY22-23,FSEOG $ Federal Award,fseog_federal_award,True,3551,[]
campus_based,2022-2023,2022,ay22-23-campus-based.xls,https://studentaid.gov/sites/default/files/fsawg/datacenter/library/ay22-23-campus-based.xls,de812c83b409f9df8e254f39eb668e952dd198d103bcfd318ed38f7d97f462c6,AY22-23,FSEOG Recipients,fseog_recipients,True,3551,"[""<10""]"
campus_based,2022-2023,2022,ay22-23-campus-based.xls,https://studentaid.gov/sites/default/files/fsawg/datacenter/library/ay22-23-campus-based.xls,de812c83b409f9df8e254f39eb668e952dd198d103bcfd318ed38f7d97f462c6,AY22-23,FSEOG Disbursements,fseog_disbursements,True,3551,"[""Privacy Redacted""]"
campus_based,2022-2023,2022,ay22-23-campus-based.xls,https://studentaid.gov/sites/default/files/fsawg/datacenter/library/ay22-23-campus-based.xls,de812c83b409f9df8e254f39eb668e952dd198d103bcfd318ed38f7d97f462c6,AY22-23,FWS $ Federal Award,fws_federal_award,True,3551,[]
campus_based,2022-2023,2022,ay22-23-campus-based.xls,https://studentaid.gov/sites/default/files/fsawg/datacenter/library/ay22-23-campus-based.xls,de812c83b409f9df8e254f39eb668e952dd198d103bcfd318ed38f7d97f462c6,AY22-23,FWS Recipients,fws_recipients,True,3551,"[""<10""]"
campus_based,2022-2023,2022,ay22-23-campus-based.xls,https://studentaid.gov/sites/default/files/fsawg/datacenter/library/ay22-23-campus-based.xls,de812c83b409f9df8e254f39eb668e952dd198d103bcfd318ed38f7d97f462c6,AY22-23,FWS Disbursements,fws_disbursements,True,3551,"[""Privacy Redacted""]"
campus_based,2023-2024,2023,ay23-24-campus-based.xls,https://studentaid.gov/sites/default/files/fsawg/datacenter/library/ay23-24-campus-based.xls,1d7a921fd29e306f0945a5dd61b9cb64bdc3671db6d16364d92cb530e923ba72,AY23-24,OPE ID,opeid8,True,3220,[]
campus_based,2023-2024,2023,ay23-24-campus-based.xls,https://studentaid.gov/sites/default/files/fsawg/datacenter/library/ay23-24-campus-based.xls,1d7a921fd29e306f0945a5dd61b9cb64bdc3671db6d16364d92cb530e923ba72,AY23-24,School,school,True,3220,[]
campus_based,2023-2024,2023,ay23-24-campus-based.xls,https://studentaid.gov/sites/default/files/fsawg/datacenter/library/ay23-24-campus-based.xls,1d7a921fd29e306f0945a5dd61b9cb64bdc3671db6d16364d92cb530e923ba72,AY23-24,State,state,True,3220,[]
campus_based,2023-2024,2023,ay23-24-campus-based.xls,https://studentaid.gov/sites/default/files/fsawg/datacenter/library/ay23-24-campus-based.xls,1d7a921fd29e306f0945a5dd61b9cb64bdc3671db6d16364d92cb530e923ba72,AY23-24,Zip Code,zip_code,True,3220,[]
campus_based,2023-2024,2023,ay23-24-campus-based.xls,https://studentaid.gov/sites/default/files/fsawg/datacenter/library/ay23-24-campus-based.xls,1d7a921fd29e306f0945a5dd61b9cb64bdc3671db6d16364d92cb530e923ba72,AY23-24,School Type,school_type,True,3220,[]
campus_based,2023-2024,2023,ay23-24-campus-based.xls,https://studentaid.gov/sites/default/files/fsawg/datacenter/library/ay23-24-campus-based.xls,1d7a921fd29e306f0945a5dd61b9cb64bdc3671db6d16364d92cb530e923ba72,AY23-24,FSEOG $ Federal Award,fseog_federal_award,True,3220,"[""-""]"
campus_based,2023-2024,2023,ay23-24-campus-based.xls,https://studentaid.gov/sites/default/files/fsawg/datacenter/library/ay23-24-campus-based.xls,1d7a921fd29e306f0945a5dd61b9cb64bdc3671db6d16364d92cb530e923ba72,AY23-24,FSEOG Recipients,fseog_recipients,True,3220,"[""<10""]"
campus_based,2023-2024,2023,ay23-24-campus-based.xls,https://studentaid.gov/sites/default/files/fsawg/datacenter/library/ay23-24-campus-based.xls,1d7a921fd29e306f0945a5dd61b9cb64bdc3671db6d16364d92cb530e923ba72,AY23-24,FSEOG Disbursements,fseog_disbursements,True,3220,"[""-"", ""Privacy Redaction""]"
campus_based,2023-2024,2023,ay23-24-campus-based.xls,https://studentaid.gov/sites/default/files/fsawg/datacenter/library/ay23-24-campus-based.xls,1d7a921fd29e306f0945a5dd61b9cb64bdc3671db6d16364d92cb530e923ba72,AY23-24,FWS $ Federal Award,fws_federal_award,True,3220,"[""-""]"
campus_based,2023-2024,2023,ay23-24-campus-based.xls,https://studentaid.gov/sites/default/files/fsawg/datacenter/library/ay23-24-campus-based.xls,1d7a921fd29e306f0945a5dd61b9cb64bdc3671db6d16364d92cb530e923ba72,AY23-24,FWS Recipients,fws_recipients,True,3195,"[""<10""]"
campus_based,2023-2024,2023,ay23-24-campus-based.xls,https://studentaid.gov/sites/default/files/fsawg/datacenter/library/ay23-24-campus-based.xls,1d7a921fd29e306f0945a5dd61b9cb64bdc3671db6d16364d92cb530e923ba72,AY23-24,FWS Disbursements,fws_disbursements,True,3220,"[""-"", ""Privacy Redacted""]"
grants,1999-2000,1999,AY1999-00Pell.xls,https://studentaid.gov/sites/default/files/AY1999-00Pell.xls,2ef610addfec02c0446d719f3ea6a034dd5cf3cdc77d990c767f7430840075b7,AY 1999-2000,OPE ID,opeid8,True,5219,[]
grants,1999-2000,1999,AY1999-00Pell.xls,https://studentaid.gov/sites/default/files/AY1999-00Pell.xls,2ef610addfec02c0446d719f3ea6a034dd5cf3cdc77d990c767f7430840075b7,AY 1999-2000,School,school,True,5228,[]
grants,1999-2000,1999,AY1999-00Pell.xls,https://studentaid.gov/sites/default/files/AY1999-00Pell.xls,2ef610addfec02c0446d719f3ea6a034dd5cf3cdc77d990c767f7430840075b7,AY 1999-2000,State,state,True,5228,[]
grants,1999-2000,1999,AY1999-00Pell.xls,https://studentaid.gov/sites/default/files/AY1999-00Pell.xls,2ef610addfec02c0446d719f3ea6a034dd5cf3cdc77d990c767f7430840075b7,AY 1999-2000,School Type,school_type,True,5228,[]
grants,1999-2000,1999,AY1999-00Pell.xls,https://studentaid.gov/sites/default/files/AY1999-00Pell.xls,2ef610addfec02c0446d719f3ea6a034dd5cf3cdc77d990c767f7430840075b7,AY 1999-2000,FEDERAL PELL GRANT PROGRAM | Recipients,pell_recipients,True,5229,[]
grants,1999-2000,1999,AY1999-00Pell.xls,https://studentaid.gov/sites/default/files/AY1999-00Pell.xls,2ef610addfec02c0446d719f3ea6a034dd5cf3cdc77d990c767f7430840075b7,AY 1999-2000,FEDERAL PELL GRANT PROGRAM | Total Disbursed,pell_disbursements,True,5229,[]
grants,2000-2001,2000,AY2000-01Pell.xls,https://studentaid.gov/sites/default/files/AY2000-01Pell.xls,992f55a4be031c35e40ab06826ef37e94b61ed6535e8a1177c22cda6f23aa95d,AY 2000-2001,OPE ID,opeid8,True,5199,[]
grants,2000-2001,2000,AY2000-01Pell.xls,https://studentaid.gov/sites/default/files/AY2000-01Pell.xls,992f55a4be031c35e40ab06826ef37e94b61ed6535e8a1177c22cda6f23aa95d,AY 2000-2001,School,school,True,5208,[]
grants,2000-2001,2000,AY2000-01Pell.xls,https://studentaid.gov/sites/default/files/AY2000-01Pell.xls,992f55a4be031c35e40ab06826ef37e94b61ed6535e8a1177c22cda6f23aa95d,AY 2000-2001,State,state,True,5208,[]
grants,2000-2001,2000,AY2000-01Pell.xls,https://studentaid.gov/sites/default/files/AY2000-01Pell.xls,992f55a4be031c35e40ab06826ef37e94b61ed6535e8a1177c22cda6f23aa95d,AY 2000-2001,School Type,school_type,True,5208,[]
grants,2000-2001,2000,AY2000-01Pell.xls,https://studentaid.gov/sites/default/files/AY2000-01Pell.xls,992f55a4be031c35e40ab06826ef37e94b61ed6535e8a1177c22cda6f23aa95d,AY 2000-2001,FEDERAL PELL GRANT PROGRAM | Recipients,pell_recipients,True,5209,[]
grants,2000-2001,2000,AY2000-01Pell.xls,https://studentaid.gov/sites/default/files/AY2000-01Pell.xls,992f55a4be031c35e40ab06826ef37e94b61ed6535e8a1177c22cda6f23aa95d,AY 2000-2001,FEDERAL PELL GRANT PROGRAM | Total Disbursed,pell_disbursements,True,5209,[]
grants,2001-2002,2001,AY2001-02Pell.xls,https://studentaid.gov/sites/default/files/AY2001-02Pell.xls,8090a9bde7c33319f4eef90a75d26a5e6ffe4768218c4e5eb0954d2222b259d1,AY 2001-2002,OPE ID,opeid8,True,5180,[]
grants,2001-2002,2001,AY2001-02Pell.xls,https://studentaid.gov/sites/default/files/AY2001-02Pell.xls,8090a9bde7c33319f4eef90a75d26a5e6ffe4768218c4e5eb0954d2222b259d1,AY 2001-2002,School,school,True,5189,[]
grants,2001-2002,2001,AY2001-02Pell.xls,https://studentaid.gov/sites/default/files/AY2001-02Pell.xls,8090a9bde7c33319f4eef90a75d26a5e6ffe4768218c4e5eb0954d2222b259d1,AY 2001-2002,State,state,True,5189,[]
grants,2001-2002,2001,AY2001-02Pell.xls,https://studentaid.gov/sites/default/files/AY2001-02Pell.xls,8090a9bde7c33319f4eef90a75d26a5e6ffe4768218c4e5eb0954d2222b259d1,AY 2001-2002,School Type,school_type,True,5189,[]
grants,2001-2002,2001,AY2001-02Pell.xls,https://studentaid.gov/sites/default/files/AY2001-02Pell.xls,8090a9bde7c33319f4eef90a75d26a5e6ffe4768218c4e5eb0954d2222b259d1,AY 2001-2002,FEDERAL PELL GRANT PROGRAM | Recipients,pell_recipients,True,5190,[]
grants,2001-2002,2001,AY2001-02Pell.xls,https://studentaid.gov/sites/default/files/AY2001-02Pell.xls,8090a9bde7c33319f4eef90a75d26a5e6ffe4768218c4e5eb0954d2222b259d1,AY 2001-2002,FEDERAL PELL GRANT PROGRAM | Total Disbursed,pell_disbursements,True,5190,[]
grants,2002-2003,2002,AY2002-03Pell.xls,https://studentaid.gov/sites/default/files/AY2002-03Pell.xls,25a15d91f18a10725d1f79f019071c045827f8ae018346ca6ab17ba689ed72e6,AY 2002-2003,OPE ID,opeid8,True,5169,[]
grants,2002-2003,2002,AY2002-03Pell.xls,https://studentaid.gov/sites/default/files/AY2002-03Pell.xls,25a15d91f18a10725d1f79f019071c045827f8ae018346ca6ab17ba689ed72e6,AY 2002-2003,School,school,True,5178,[]
grants,2002-2003,2002,AY2002-03Pell.xls,https://studentaid.gov/sites/default/files/AY2002-03Pell.xls,25a15d91f18a10725d1f79f019071c045827f8ae018346ca6ab17ba689ed72e6,AY 2002-2003,State,state,True,5178,[]
grants,2002-2003,2002,AY2002-03Pell.xls,https://studentaid.gov/sites/default/files/AY2002-03Pell.xls,25a15d91f18a10725d1f79f019071c045827f8ae018346ca6ab17ba689ed72e6,AY 2002-2003,School Type,school_type,True,5178,[]
grants,2002-2003,2002,AY2002-03Pell.xls,https://studentaid.gov/sites/default/files/AY2002-03Pell.xls,25a15d91f18a10725d1f79f019071c045827f8ae018346ca6ab17ba689ed72e6,AY 2002-2003,FEDERAL PELL GRANT PROGRAM | Recipients,pell_recipients,True,5179,[]
grants,2002-2003,2002,AY2002-03Pell.xls,https://studentaid.gov/sites/default/files/AY2002-03Pell.xls,25a15d91f18a10725d1f79f019071c045827f8ae018346ca6ab17ba689ed72e6,AY 2002-2003,FEDERAL PELL GRANT PROGRAM | Total Disbursed,pell_disbursements,True,5179,[]
grants,2003-2004,2003,AY2003-04Pell.xls,https://studentaid.gov/sites/default/files/AY2003-04Pell.xls,7c771bba4ebff62fab8431a956ca0335bdd280e0dde68c2bb76ad84857bbd761,AY 2003-2004,OPE ID,opeid8,True,5197,[]
grants,2003-2004,2003,AY2003-04Pell.xls,https://studentaid.gov/sites/default/files/AY2003-04Pell.xls,7c771bba4ebff62fab8431a956ca0335bdd280e0dde68c2bb76ad84857bbd761,AY 2003-2004,School,school,True,5204,[]
grants,2003-2004,2003,AY2003-04Pell.xls,https://studentaid.gov/sites/default/files/AY2003-04Pell.xls,7c771bba4ebff62fab8431a956ca0335bdd280e0dde68c2bb76ad84857bbd761,AY 2003-2004,State,state,True,5204,[]
grants,2003-2004,2003,AY2003-04Pell.xls,https://studentaid.gov/sites/default/files/AY2003-04Pell.xls,7c771bba4ebff62fab8431a956ca0335bdd280e0dde68c2bb76ad84857bbd761,AY 2003-2004,School Type,school_type,True,5204,[]
grants,2003-2004,2003,AY2003-04Pell.xls,https://studentaid.gov/sites/default/files/AY2003-04Pell.xls,7c771bba4ebff62fab8431a956ca0335bdd280e0dde68c2bb76ad84857bbd761,AY 2003-2004,FEDERAL PELL GRANT PROGRAM | Recipients,pell_recipients,True,5205,[]
grants,2003-2004,2003,AY2003-04Pell.xls,https://studentaid.gov/sites/default/files/AY2003-04Pell.xls,7c771bba4ebff62fab8431a956ca0335bdd280e0dde68c2bb76ad84857bbd761,AY 2003-2004,FEDERAL PELL GRANT PROGRAM | Total Disbursed,pell_disbursements,True,5205,[]
grants,2004-2005,2004,AY2004-05Pell.xls,https://studentaid.gov/sites/default/files/AY2004-05Pell.xls,e54f21da822728f04ce0c22977ddf9b2fa7400e540d6686edf035a9947cfbba4,AY 2004-2005,OPE ID,opeid8,True,5206,[]
grants,2004-2005,2004,AY2004-05Pell.xls,https://studentaid.gov/sites/default/files/AY2004-05Pell.xls,e54f21da822728f04ce0c22977ddf9b2fa7400e540d6686edf035a9947cfbba4,AY 2004-2005,School,school,True,5211,[]
grants,2004-2005,2004,AY2004-05Pell.xls,https://studentaid.gov/sites/default/files/AY2004-05Pell.xls,e54f21da822728f04ce0c22977ddf9b2fa7400e540d6686edf035a9947cfbba4,AY 2004-2005,State,state,True,5211,[]
grants,2004-2005,2004,AY2004-05Pell.xls,https://studentaid.gov/sites/default/files/AY2004-05Pell.xls,e54f21da822728f04ce0c22977ddf9b2fa7400e540d6686edf035a9947cfbba4,AY 2004-2005,School Type,school_type,True,5211,[]
grants,2004-2005,2004,AY2004-05Pell.xls,https://studentaid.gov/sites/default/files/AY2004-05Pell.xls,e54f21da822728f04ce0c22977ddf9b2fa7400e540d6686edf035a9947cfbba4,AY 2004-2005,FEDERAL PELL GRANT PROGRAM | Recipients,pell_recipients,True,5212,[]
grants,2004-2005,2004,AY2004-05Pell.xls,https://studentaid.gov/sites/default/files/AY2004-05Pell.xls,e54f21da822728f04ce0c22977ddf9b2fa7400e540d6686edf035a9947cfbba4,AY 2004-2005,FEDERAL PELL GRANT PROGRAM | Total Disbursed,pell_disbursements,True,5212,[]
grants,2005-2006,2005,AY2005-06Pell.xls,https://studentaid.gov/sites/default/files/AY2005-06Pell.xls,08d8a02e455934e8b5d88bce051aedbf7fa152423d933b3df8601ceffb093e36,AY 2005-2006,OPE ID,opeid8,True,5248,[]
grants,2005-2006,2005,AY2005-06Pell.xls,https://studentaid.gov/sites/default/files/AY2005-06Pell.xls,08d8a02e455934e8b5d88bce051aedbf7fa152423d933b3df8601ceffb093e36,AY 2005-2006,School,school,True,5249,[]
grants,2005-2006,2005,AY2005-06Pell.xls,https://studentaid.gov/sites/default/files/AY2005-06Pell.xls,08d8a02e455934e8b5d88bce051aedbf7fa152423d933b3df8601ceffb093e36,AY 2005-2006,State,state,True,5249,[]
grants,2005-2006,2005,AY2005-06Pell.xls,https://studentaid.gov/sites/default/files/AY2005-06Pell.xls,08d8a02e455934e8b5d88bce051aedbf7fa152423d933b3df8601ceffb093e36,AY 2005-2006,School Type,school_type,True,5249,[]
grants,2005-2006,2005,AY2005-06Pell.xls,https://studentaid.gov/sites/default/files/AY2005-06Pell.xls,08d8a02e455934e8b5d88bce051aedbf7fa152423d933b3df8601ceffb093e36,AY 2005-2006,FEDERAL PELL GRANT PROGRAM | Recipients,pell_recipients,True,5250,[]
grants,2005-2006,2005,AY2005-06Pell.xls,https://studentaid.gov/sites/default/files/AY2005-06Pell.xls,08d8a02e455934e8b5d88bce051aedbf7fa152423d933b3df8601ceffb093e36,AY 2005-2006,FEDERAL PELL GRANT PROGRAM | Total Disbursed,pell_disbursements,True,5250,[]
grants,2006-2007,2006,Q40607AY.xls,https://studentaid.gov/sites/default/files/Q40607AY.xls,763a8b9372688165bad08a464d722a9a2fc7532d00be4c10bff7876ca439632b,Q4 0607 YTD,OPE ID,opeid8,True,5503,[]
grants,2006-2007,2006,Q40607AY.xls,https://studentaid.gov/sites/default/files/Q40607AY.xls,763a8b9372688165bad08a464d722a9a2fc7532d00be4c10bff7876ca439632b,Q4 0607 YTD,School,school,True,5503,[]
grants,2006-2007,2006,Q40607AY.xls,https://studentaid.gov/sites/default/files/Q40607AY.xls,763a8b9372688165bad08a464d722a9a2fc7532d00be4c10bff7876ca439632b,Q4 0607 YTD,State,state,True,5503,[]
grants,2006-2007,2006,Q40607AY.xls,https://studentaid.gov/sites/default/files/Q40607AY.xls,763a8b9372688165bad08a464d722a9a2fc7532d00be4c10bff7876ca439632b,Q4 0607 YTD,Zip Code,zip_code,True,5503,[]
grants,2006-2007,2006,Q40607AY.xls,https://studentaid.gov/sites/default/files/Q40607AY.xls,763a8b9372688165bad08a464d722a9a2fc7532d00be4c10bff7876ca439632b,Q4 0607 YTD,School Type,school_type,True,5503,[]
grants,2006-2007,2006,Q40607AY.xls,https://studentaid.gov/sites/default/files/Q40607AY.xls,763a8b9372688165bad08a464d722a9a2fc7532d00be4c10bff7876ca439632b,Q4 0607 YTD,FEDERAL PELL GRANT PROGRAM | YTD Recipients,pell_recipients,True,5504,"[""-""]"
grants,2006-2007,2006,Q40607AY.xls,https://studentaid.gov/sites/default/files/Q40607AY.xls,763a8b9372688165bad08a464d722a9a2fc7532d00be4c10bff7876ca439632b,Q4 0607 YTD,FEDERAL PELL GRANT PROGRAM | YTD Disbursements,pell_disbursements,True,5504,"[""-""]"
grants,2006-2007,2006,Q40607AY.xls,https://studentaid.gov/sites/default/files/Q40607AY.xls,763a8b9372688165bad08a464d722a9a2fc7532d00be4c10bff7876ca439632b,Q4 0607 YTD,ACADEMIC COMPETITIVENESS | YTD Recipients,acg_recipients,True,5504,"[""-""]"
grants,2006-2007,2006,Q40607AY.xls,https://studentaid.gov/sites/default/files/Q40607AY.xls,763a8b9372688165bad08a464d722a9a2fc7532d00be4c10bff7876ca439632b,Q4 0607 YTD,ACADEMIC COMPETITIVENESS | YTD Disbursements,acg_disbursements,True,5504,"[""-""]"
grants,2006-2007,2006,Q40607AY.xls,https://studentaid.gov/sites/default/files/Q40607AY.xls,763a8b9372688165bad08a464d722a9a2fc7532d00be4c10bff7876ca439632b,Q4 0607 YTD,NATIONAL SMART PROGRAM | YTD Recipients,smart_recipients,True,5504,"[""-""]"
grants,2006-2007,2006,Q40607AY.xls,https://studentaid.gov/sites/default/files/Q40607AY.xls,763a8b9372688165bad08a464d722a9a2fc7532d00be4c10bff7876ca439632b,Q4 0607 YTD,NATIONAL SMART PROGRAM | YTD Disbursements,smart_disbursements,True,5504,"[""-""]"
grants,2007-2008,2007,Q40708AY.xls,https://studentaid.gov/sites/default/files/Q40708AY.xls,d1f3308a784cfa71ae7c3ecdfd26e0edb2f7dcf87e4f4655b4447b44234dcbad,Q4 0708 YTD,OPE ID,opeid8,True,5505,[]
grants,2007-2008,2007,Q40708AY.xls,https://studentaid.gov/sites/default/files/Q40708AY.xls,d1f3308a784cfa71ae7c3ecdfd26e0edb2f7dcf87e4f4655b4447b44234dcbad,Q4 0708 YTD,School,school,True,5505,[]
grants,2007-2008,2007,Q40708AY.xls,https://studentaid.gov/sites/default/files/Q40708AY.xls,d1f3308a784cfa71ae7c3ecdfd26e0edb2f7dcf87e4f4655b4447b44234dcbad,Q4 0708 YTD,State,state,True,5505,[]
grants,2007-2008,2007,Q40708AY.xls,https://studentaid.gov/sites/default/files/Q40708AY.xls,d1f3308a784cfa71ae7c3ecdfd26e0edb2f7dcf87e4f4655b4447b44234dcbad,Q4 0708 YTD,Zip Code,zip_code,True,5505,[]
grants,2007-2008,2007,Q40708AY.xls,https://studentaid.gov/sites/default/files/Q40708AY.xls,d1f3308a784cfa71ae7c3ecdfd26e0edb2f7dcf87e4f4655b4447b44234dcbad,Q4 0708 YTD,School Type,school_type,True,5505,[]
grants,2007-2008,2007,Q40708AY.xls,https://studentaid.gov/sites/default/files/Q40708AY.xls,d1f3308a784cfa71ae7c3ecdfd26e0edb2f7dcf87e4f4655b4447b44234dcbad,Q4 0708 YTD,FEDERAL PELL GRANT PROGRAM | YTD Recipients,pell_recipients,True,5506,"[""-""]"
grants,2007-2008,2007,Q40708AY.xls,https://studentaid.gov/sites/default/files/Q40708AY.xls,d1f3308a784cfa71ae7c3ecdfd26e0edb2f7dcf87e4f4655b4447b44234dcbad,Q4 0708 YTD,FEDERAL PELL GRANT PROGRAM | YTD Disbursements,pell_disbursements,True,5506,"[""-""]"
grants,2007-2008,2007,Q40708AY.xls,https://studentaid.gov/sites/default/files/Q40708AY.xls,d1f3308a784cfa71ae7c3ecdfd26e0edb2f7dcf87e4f4655b4447b44234dcbad,Q4 0708 YTD,ACADEMIC COMPETITIVENESS | YTD Recipients,acg_recipients,True,5506,"[""-""]"
grants,2007-2008,2007,Q40708AY.xls,https://studentaid.gov/sites/default/files/Q40708AY.xls,d1f3308a784cfa71ae7c3ecdfd26e0edb2f7dcf87e4f4655b4447b44234dcbad,Q4 0708 YTD,ACADEMIC COMPETITIVENESS | YTD Disbursements,acg_disbursements,True,5506,"[""-""]"
grants,2007-2008,2007,Q40708AY.xls,https://studentaid.gov/sites/default/files/Q40708AY.xls,d1f3308a784cfa71ae7c3ecdfd26e0edb2f7dcf87e4f4655b4447b44234dcbad,Q4 0708 YTD,NATIONAL SMART PROGRAM | YTD Recipients,smart_recipients,True,5506,"[""-""]"
grants,2007-2008,2007,Q40708AY.xls,https://studentaid.gov/sites/default/files/Q40708AY.xls,d1f3308a784cfa71ae7c3ecdfd26e0edb2f7dcf87e4f4655b4447b44234dcbad,Q4 0708 YTD,NATIONAL SMART PROGRAM | YTD Disbursements,smart_disbursements,True,5506,"[""-""]"
grants,2008-2009,2008,Q40809AY.xls,https://studentaid.gov/sites/default/files/Q40809AY.xls,add9d82284bc92fff7ed5d55c9307185888e8d67549f71fe04ad9467d51257cc,Q4 0809 YTD,OPE ID,opeid8,True,5539,[]
grants,2008-2009,2008,Q40809AY.xls,https://studentaid.gov/sites/default/files/Q40809AY.xls,add9d82284bc92fff7ed5d55c9307185888e8d67549f71fe04ad9467d51257cc,Q4 0809 YTD,School,school,True,5539,[]
grants,2008-2009,2008,Q40809AY.xls,https://studentaid.gov/sites/default/files/Q40809AY.xls,add9d82284bc92fff7ed5d55c9307185888e8d67549f71fe04ad9467d51257cc,Q4 0809 YTD,State,state,True,5539,[]
grants,2008-2009,2008,Q40809AY.xls,https://studentaid.gov/sites/default/files/Q40809AY.xls,add9d82284bc92fff7ed5d55c9307185888e8d67549f71fe04ad9467d51257cc,Q4 0809 YTD,Zip Code,zip_code,True,5539,[]
grants,2008-2009,2008,Q40809AY.xls,https://studentaid.gov/sites/default/files/Q40809AY.xls,add9d82284bc92fff7ed5d55c9307185888e8d67549f71fe04ad9467d51257cc,Q4 0809 YTD,School Type,school_type,True,5539,[]
grants,2008-2009,2008,Q40809AY.xls,https://studentaid.gov/sites/default/files/Q40809AY.xls,add9d82284bc92fff7ed5d55c9307185888e8d67549f71fe04ad9467d51257cc,Q4 0809 YTD,FEDERAL PELL GRANT PROGRAM | YTD Recipients,pell_recipients,True,5540,"[""-""]"
grants,2008-2009,2008,Q40809AY.xls,https://studentaid.gov/sites/default/files/Q40809AY.xls,add9d82284bc92fff7ed5d55c9307185888e8d67549f71fe04ad9467d51257cc,Q4 0809 YTD,FEDERAL PELL GRANT PROGRAM | YTD Disbursements,pell_disbursements,True,5540,"[""-""]"
grants,2008-2009,2008,Q40809AY.xls,https://studentaid.gov/sites/default/files/Q40809AY.xls,add9d82284bc92fff7ed5d55c9307185888e8d67549f71fe04ad9467d51257cc,Q4 0809 YTD,ACADEMIC COMPETITIVENESS GRANT PROGRAM | YTD Recipients,acg_recipients,True,5540,"[""-""]"
grants,2008-2009,2008,Q40809AY.xls,https://studentaid.gov/sites/default/files/Q40809AY.xls,add9d82284bc92fff7ed5d55c9307185888e8d67549f71fe04ad9467d51257cc,Q4 0809 YTD,ACADEMIC COMPETITIVENESS GRANT PROGRAM | YTD Disbursements,acg_disbursements,True,5540,"[""-""]"
grants,2008-2009,2008,Q40809AY.xls,https://studentaid.gov/sites/default/files/Q40809AY.xls,add9d82284bc92fff7ed5d55c9307185888e8d67549f71fe04ad9467d51257cc,Q4 0809 YTD,NATIONAL SMART GRANT PROGRAM | YTD Recipients,smart_recipients,True,5540,"[""-""]"
grants,2008-2009,2008,Q40809AY.xls,https://studentaid.gov/sites/default/files/Q40809AY.xls,add9d82284bc92fff7ed5d55c9307185888e8d67549f71fe04ad9467d51257cc,Q4 0809 YTD,NATIONAL SMART GRANT PROGRAM | YTD Disbursements,smart_disbursements,True,5540,"[""-""]"
grants,2008-2009,2008,Q40809AY.xls,https://studentaid.gov/sites/default/files/Q40809AY.xls,add9d82284bc92fff7ed5d55c9307185888e8d67549f71fe04ad9467d51257cc,Q4 0809 YTD,TEACH GRANT PROGRAM | YTD Recipients,teach_recipients,True,5540,"[""-""]"
grants,2008-2009,2008,Q40809AY.xls,https://studentaid.gov/sites/default/files/Q40809AY.xls,add9d82284bc92fff7ed5d55c9307185888e8d67549f71fe04ad9467d51257cc,Q4 0809 YTD,TEACH GRANT PROGRAM | YTD Disbursements,teach_disbursements,True,5540,"[""-""]"
grants,2009-2010,2009,Q40910AY.xls,https://studentaid.gov/sites/default/files/Q40910AY.xls,10e1e46d9e789ab7c4b5494ab2f367389ffbde019577ae156b9b01053fd20142,Q4 0910 YTD,OPE ID,opeid8,True,5616,[]
grants,2009-2010,2009,Q40910AY.xls,https://studentaid.gov/sites/default/files/Q40910AY.xls,10e1e46d9e789ab7c4b5494ab2f367389ffbde019577ae156b9b01053fd20142,Q4 0910 YTD,School,school,True,5616,[]
grants,2009-2010,2009,Q40910AY.xls,https://studentaid.gov/sites/default/files/Q40910AY.xls,10e1e46d9e789ab7c4b5494ab2f367389ffbde019577ae156b9b01053fd20142,Q4 0910 YTD,State,state,True,5616,[]
grants,2009-2010,2009,Q40910AY.xls,https://studentaid.gov/sites/default/files/Q40910AY.xls,10e1e46d9e789ab7c4b5494ab2f367389ffbde019577ae156b9b01053fd20142,Q4 0910 YTD,Zip Code,zip_code,True,5616,[]
grants,2009-2010,2009,Q40910AY.xls,https://studentaid.gov/sites/default/files/Q40910AY.xls,10e1e46d9e789ab7c4b5494ab2f367389ffbde019577ae156b9b01053fd20142,Q4 0910 YTD,School Type,school_type,True,5616,[]
grants,2009-2010,2009,Q40910AY.xls,https://studentaid.gov/sites/default/files/Q40910AY.xls,10e1e46d9e789ab7c4b5494ab2f367389ffbde019577ae156b9b01053fd20142,Q4 0910 YTD,FEDERAL PELL GRANT PROGRAM | YTD Recipients,pell_recipients,True,5617,"[""-""]"
grants,2009-2010,2009,Q40910AY.xls,https://studentaid.gov/sites/default/files/Q40910AY.xls,10e1e46d9e789ab7c4b5494ab2f367389ffbde019577ae156b9b01053fd20142,Q4 0910 YTD,FEDERAL PELL GRANT PROGRAM | YTD Disbursements,pell_disbursements,True,5617,"[""-""]"
grants,2009-2010,2009,Q40910AY.xls,https://studentaid.gov/sites/default/files/Q40910AY.xls,10e1e46d9e789ab7c4b5494ab2f367389ffbde019577ae156b9b01053fd20142,Q4 0910 YTD,ACADEMIC COMPETITIVENESS | YTD Recipients,acg_recipients,True,5617,"[""-""]"
grants,2009-2010,2009,Q40910AY.xls,https://studentaid.gov/sites/default/files/Q40910AY.xls,10e1e46d9e789ab7c4b5494ab2f367389ffbde019577ae156b9b01053fd20142,Q4 0910 YTD,ACADEMIC COMPETITIVENESS | YTD Disbursements,acg_disbursements,True,5617,"[""-""]"
grants,2009-2010,2009,Q40910AY.xls,https://studentaid.gov/sites/default/files/Q40910AY.xls,10e1e46d9e789ab7c4b5494ab2f367389ffbde019577ae156b9b01053fd20142,Q4 0910 YTD,NATIONAL SMART PROGRAM | YTD Recipients,smart_recipients,True,5617,"[""-""]"
grants,2009-2010,2009,Q40910AY.xls,https://studentaid.gov/sites/default/files/Q40910AY.xls,10e1e46d9e789ab7c4b5494ab2f367389ffbde019577ae156b9b01053fd20142,Q4 0910 YTD,NATIONAL SMART PROGRAM | YTD Disbursements,smart_disbursements,True,5617,"[""-""]"
grants,2009-2010,2009,Q40910AY.xls,https://studentaid.gov/sites/default/files/Q40910AY.xls,10e1e46d9e789ab7c4b5494ab2f367389ffbde019577ae156b9b01053fd20142,Q4 0910 YTD,TEACH PROGRAM | YTD Recipients,teach_recipients,True,5617,"[""-""]"
grants,2009-2010,2009,Q40910AY.xls,https://studentaid.gov/sites/default/files/Q40910AY.xls,10e1e46d9e789ab7c4b5494ab2f367389ffbde019577ae156b9b01053fd20142,Q4 0910 YTD,TEACH PROGRAM | YTD Disbursements,teach_disbursements,True,5617,"[""-""]"
grants,2010-2011,2010,Q41011AY.xls,https://studentaid.gov/sites/default/files/Q41011AY.xls,c0800cfe46b930d51df4faad8d93ece79b541c0275f6bc4f1c7eb22f0c5384ee,Q4 1011 YTD,OPE ID,opeid8,True,5529,[]
grants,2010-2011,2010,Q41011AY.xls,https://studentaid.gov/sites/default/files/Q41011AY.xls,c0800cfe46b930d51df4faad8d93ece79b541c0275f6bc4f1c7eb22f0c5384ee,Q4 1011 YTD,School,school,True,5529,[]
grants,2010-2011,2010,Q41011AY.xls,https://studentaid.gov/sites/default/files/Q41011AY.xls,c0800cfe46b930d51df4faad8d93ece79b541c0275f6bc4f1c7eb22f0c5384ee,Q4 1011 YTD,State,state,True,5529,[]
grants,2010-2011,2010,Q41011AY.xls,https://studentaid.gov/sites/default/files/Q41011AY.xls,c0800cfe46b930d51df4faad8d93ece79b541c0275f6bc4f1c7eb22f0c5384ee,Q4 1011 YTD,Zip Code,zip_code,True,5529,[]
grants,2010-2011,2010,Q41011AY.xls,https://studentaid.gov/sites/default/files/Q41011AY.xls,c0800cfe46b930d51df4faad8d93ece79b541c0275f6bc4f1c7eb22f0c5384ee,Q4 1011 YTD,School Type,school_type,True,5529,[]
grants,2010-2011,2010,Q41011AY.xls,https://studentaid.gov/sites/default/files/Q41011AY.xls,c0800cfe46b930d51df4faad8d93ece79b541c0275f6bc4f1c7eb22f0c5384ee,Q4 1011 YTD,FEDERAL PELL GRANT PROGRAM | YTD Recipients,pell_recipients,True,5530,[]
grants,2010-2011,2010,Q41011AY.xls,https://studentaid.gov/sites/default/files/Q41011AY.xls,c0800cfe46b930d51df4faad8d93ece79b541c0275f6bc4f1c7eb22f0c5384ee,Q4 1011 YTD,FEDERAL PELL GRANT PROGRAM | YTD Disbursements,pell_disbursements,True,5530,[]
grants,2010-2011,2010,Q41011AY.xls,https://studentaid.gov/sites/default/files/Q41011AY.xls,c0800cfe46b930d51df4faad8d93ece79b541c0275f6bc4f1c7eb22f0c5384ee,Q4 1011 YTD,ACADEMIC COMPETITIVENESS | YTD Recipients,acg_recipients,True,5530,[]
grants,2010-2011,2010,Q41011AY.xls,https://studentaid.gov/sites/default/files/Q41011AY.xls,c0800cfe46b930d51df4faad8d93ece79b541c0275f6bc4f1c7eb22f0c5384ee,Q4 1011 YTD,ACADEMIC COMPETITIVENESS | YTD Disbursements,acg_disbursements,True,5530,[]
grants,2010-2011,2010,Q41011AY.xls,https://studentaid.gov/sites/default/files/Q41011AY.xls,c0800cfe46b930d51df4faad8d93ece79b541c0275f6bc4f1c7eb22f0c5384ee,Q4 1011 YTD,NATIONAL SMART PROGRAM | YTD Recipients,smart_recipients,True,5530,[]
grants,2010-2011,2010,Q41011AY.xls,https://studentaid.gov/sites/default/files/Q41011AY.xls,c0800cfe46b930d51df4faad8d93ece79b541c0275f6bc4f1c7eb22f0c5384ee,Q4 1011 YTD,NATIONAL SMART PROGRAM | YTD Disbursements,smart_disbursements,True,5530,[]
grants,2010-2011,2010,Q41011AY.xls,https://studentaid.gov/sites/default/files/Q41011AY.xls,c0800cfe46b930d51df4faad8d93ece79b541c0275f6bc4f1c7eb22f0c5384ee,Q4 1011 YTD,TEACH PROGRAM | YTD Recipients,teach_recipients,True,5530,[]
grants,2010-2011,2010,Q41011AY.xls,https://studentaid.gov/sites/default/files/Q41011AY.xls,c0800cfe46b930d51df4faad8d93ece79b541c0275f6bc4f1c7eb22f0c5384ee,Q4 1011 YTD,TEACH PROGRAM | YTD Disbursements,teach_disbursements,True,5530,[]
grants,2010-2011,2010,Q41011AY.xls,https://studentaid.gov/sites/default/files/Q41011AY.xls,c0800cfe46b930d51df4faad8d93ece79b541c0275f6bc4f1c7eb22f0c5384ee,Q4 1011 YTD,IRAQ AFGHANISTAN SERVICE GRANT PROGRAM | YTD Recipients,iasg_recipients,True,5530,[]
grants,2010-2011,2010,Q41011AY.xls,https://studentaid.gov/sites/default/files/Q41011AY.xls,c0800cfe46b930d51df4faad8d93ece79b541c0275f6bc4f1c7eb22f0c5384ee,Q4 1011 YTD,IRAQ AFGHANISTAN SERVICE GRANT PROGRAM | YTD Disbursements,iasg_disbursements,True,5530,[]
grants,2011-2012,2011,Q41112AY.xls,https://studentaid.gov/sites/default/files/Q41112AY.xls,0e1a622297bce109cdc2c737ff19b146b0747dcca4281f5982130489796f8ea4,Q4 1112 YTD,OPE ID,opeid8,True,5487,[]
grants,2011-2012,2011,Q41112AY.xls,https://studentaid.gov/sites/default/files/Q41112AY.xls,0e1a622297bce109cdc2c737ff19b146b0747dcca4281f5982130489796f8ea4,Q4 1112 YTD,School,school,True,5487,[]
grants,2011-2012,2011,Q41112AY.xls,https://studentaid.gov/sites/default/files/Q41112AY.xls,0e1a622297bce109cdc2c737ff19b146b0747dcca4281f5982130489796f8ea4,Q4 1112 YTD,State,state,True,5487,[]
grants,2011-2012,2011,Q41112AY.xls,https://studentaid.gov/sites/default/files/Q41112AY.xls,0e1a622297bce109cdc2c737ff19b146b0747dcca4281f5982130489796f8ea4,Q4 1112 YTD,Zip Code,zip_code,True,5487,[]
grants,2011-2012,2011,Q41112AY.xls,https://studentaid.gov/sites/default/files/Q41112AY.xls,0e1a622297bce109cdc2c737ff19b146b0747dcca4281f5982130489796f8ea4,Q4 1112 YTD,School Type,school_type,True,5487,[]
grants,2011-2012,2011,Q41112AY.xls,https://studentaid.gov/sites/default/files/Q41112AY.xls,0e1a622297bce109cdc2c737ff19b146b0747dcca4281f5982130489796f8ea4,Q4 1112 YTD,FEDERAL PELL GRANT PROGRAM | YTD Recipients,pell_recipients,True,5487,[]
grants,2011-2012,2011,Q41112AY.xls,https://studentaid.gov/sites/default/files/Q41112AY.xls,0e1a622297bce109cdc2c737ff19b146b0747dcca4281f5982130489796f8ea4,Q4 1112 YTD,FEDERAL PELL GRANT PROGRAM | YTD Disbursements,pell_disbursements,True,5487,[]
grants,2011-2012,2011,Q41112AY.xls,https://studentaid.gov/sites/default/files/Q41112AY.xls,0e1a622297bce109cdc2c737ff19b146b0747dcca4281f5982130489796f8ea4,Q4 1112 YTD,TEACH PROGRAM | YTD Recipients,teach_recipients,True,5487,[]
grants,2011-2012,2011,Q41112AY.xls,https://studentaid.gov/sites/default/files/Q41112AY.xls,0e1a622297bce109cdc2c737ff19b146b0747dcca4281f5982130489796f8ea4,Q4 1112 YTD,TEACH PROGRAM | YTD Disbursements,teach_disbursements,True,5487,[]
grants,2011-2012,2011,Q41112AY.xls,https://studentaid.gov/sites/default/files/Q41112AY.xls,0e1a622297bce109cdc2c737ff19b146b0747dcca4281f5982130489796f8ea4,Q4 1112 YTD,IRAQ AFGHANISTAN SERVICE GRANT PROGRAM | YTD Recipients,iasg_recipients,True,5487,[]
grants,2011-2012,2011,Q41112AY.xls,https://studentaid.gov/sites/default/files/Q41112AY.xls,0e1a622297bce109cdc2c737ff19b146b0747dcca4281f5982130489796f8ea4,Q4 1112 YTD,IRAQ AFGHANISTAN SERVICE GRANT PROGRAM | YTD Disbursements,iasg_disbursements,True,5487,[]
grants,2012-2013,2012,Q41213AY.xls,https://studentaid.gov/sites/default/files/Q41213AY.xls,9205437d179e0285605a50947ede541a18ccf1736edc1d44ebab1e86335c02c3,Q4 1213 YTD,OPE ID,opeid8,True,5475,[]
grants,2012-2013,2012,Q41213AY.xls,https://studentaid.gov/sites/default/files/Q41213AY.xls,9205437d179e0285605a50947ede541a18ccf1736edc1d44ebab1e86335c02c3,Q4 1213 YTD,School,school,True,5475,[]
grants,2012-2013,2012,Q41213AY.xls,https://studentaid.gov/sites/default/files/Q41213AY.xls,9205437d179e0285605a50947ede541a18ccf1736edc1d44ebab1e86335c02c3,Q4 1213 YTD,State,state,True,5475,[]
grants,2012-2013,2012,Q41213AY.xls,https://studentaid.gov/sites/default/files/Q41213AY.xls,9205437d179e0285605a50947ede541a18ccf1736edc1d44ebab1e86335c02c3,Q4 1213 YTD,Zip Code,zip_code,True,5475,[]
grants,2012-2013,2012,Q41213AY.xls,https://studentaid.gov/sites/default/files/Q41213AY.xls,9205437d179e0285605a50947ede541a18ccf1736edc1d44ebab1e86335c02c3,Q4 1213 YTD,School Type,school_type,True,5475,[]
grants,2012-2013,2012,Q41213AY.xls,https://studentaid.gov/sites/default/files/Q41213AY.xls,9205437d179e0285605a50947ede541a18ccf1736edc1d44ebab1e86335c02c3,Q4 1213 YTD,FEDERAL PELL GRANT PROGRAM | YTD Recipients,pell_recipients,True,5475,[]
grants,2012-2013,2012,Q41213AY.xls,https://studentaid.gov/sites/default/files/Q41213AY.xls,9205437d179e0285605a50947ede541a18ccf1736edc1d44ebab1e86335c02c3,Q4 1213 YTD,FEDERAL PELL GRANT PROGRAM | YTD Disbursements,pell_disbursements,True,5475,[]
grants,2012-2013,2012,Q41213AY.xls,https://studentaid.gov/sites/default/files/Q41213AY.xls,9205437d179e0285605a50947ede541a18ccf1736edc1d44ebab1e86335c02c3,Q4 1213 YTD,TEACH PROGRAM | YTD Recipients,teach_recipients,True,5475,[]
grants,2012-2013,2012,Q41213AY.xls,https://studentaid.gov/sites/default/files/Q41213AY.xls,9205437d179e0285605a50947ede541a18ccf1736edc1d44ebab1e86335c02c3,Q4 1213 YTD,TEACH PROGRAM | YTD Disbursements,teach_disbursements,True,5475,[]
grants,2012-2013,2012,Q41213AY.xls,https://studentaid.gov/sites/default/files/Q41213AY.xls,9205437d179e0285605a50947ede541a18ccf1736edc1d44ebab1e86335c02c3,Q4 1213 YTD,IRAQ AFGHANISTAN SERVICE GRANT PROGRAM | YTD Recipients,iasg_recipients,True,5475,[]
grants,2012-2013,2012,Q41213AY.xls,https://studentaid.gov/sites/default/files/Q41213AY.xls,9205437d179e0285605a50947ede541a18ccf1736edc1d44ebab1e86335c02c3,Q4 1213 YTD,IRAQ AFGHANISTAN SERVICE GRANT PROGRAM | YTD Disbursements,iasg_disbursements,True,5475,[]
grants,2013-2014,2013,Q41314AY.xls,https://studentaid.gov/sites/default/files/fsawg/datacenter/library/Q41314AY.xls,646b140f9a9b7709c1ea534a1abcf75b376a0bd6c4f9a8fd30a824b1a85a247a,Award Year Summary,OPE ID,opeid8,True,5481,[]
grants,2013-2014,2013,Q41314AY.xls,https://studentaid.gov/sites/default/files/fsawg/datacenter/library/Q41314AY.xls,646b140f9a9b7709c1ea534a1abcf75b376a0bd6c4f9a8fd30a824b1a85a247a,Award Year Summary,School,school,True,5481,[]
grants,2013-2014,2013,Q41314AY.xls,https://studentaid.gov/sites/default/files/fsawg/datacenter/library/Q41314AY.xls,646b140f9a9b7709c1ea534a1abcf75b376a0bd6c4f9a8fd30a824b1a85a247a,Award Year Summary,State,state,True,5481,[]
grants,2013-2014,2013,Q41314AY.xls,https://studentaid.gov/sites/default/files/fsawg/datacenter/library/Q41314AY.xls,646b140f9a9b7709c1ea534a1abcf75b376a0bd6c4f9a8fd30a824b1a85a247a,Award Year Summary,Zip Code,zip_code,True,5481,[]
grants,2013-2014,2013,Q41314AY.xls,https://studentaid.gov/sites/default/files/fsawg/datacenter/library/Q41314AY.xls,646b140f9a9b7709c1ea534a1abcf75b376a0bd6c4f9a8fd30a824b1a85a247a,Award Year Summary,School Type,school_type,True,5481,[]
grants,2013-2014,2013,Q41314AY.xls,https://studentaid.gov/sites/default/files/fsawg/datacenter/library/Q41314AY.xls,646b140f9a9b7709c1ea534a1abcf75b376a0bd6c4f9a8fd30a824b1a85a247a,Award Year Summary,FEDERAL PELL GRANT PROGRAM | YTD Recipients,pell_recipients,True,5481,[]
grants,2013-2014,2013,Q41314AY.xls,https://studentaid.gov/sites/default/files/fsawg/datacenter/library/Q41314AY.xls,646b140f9a9b7709c1ea534a1abcf75b376a0bd6c4f9a8fd30a824b1a85a247a,Award Year Summary,FEDERAL PELL GRANT PROGRAM | YTD Disbursements,pell_disbursements,True,5481,[]
grants,2013-2014,2013,Q41314AY.xls,https://studentaid.gov/sites/default/files/fsawg/datacenter/library/Q41314AY.xls,646b140f9a9b7709c1ea534a1abcf75b376a0bd6c4f9a8fd30a824b1a85a247a,Award Year Summary,TEACH PROGRAM | YTD Recipients,teach_recipients,True,5481,[]
grants,2013-2014,2013,Q41314AY.xls,https://studentaid.gov/sites/default/files/fsawg/datacenter/library/Q41314AY.xls,646b140f9a9b7709c1ea534a1abcf75b376a0bd6c4f9a8fd30a824b1a85a247a,Award Year Summary,TEACH PROGRAM | YTD Disbursements,teach_disbursements,True,5481,[]
grants,2013-2014,2013,Q41314AY.xls,https://studentaid.gov/sites/default/files/fsawg/datacenter/library/Q41314AY.xls,646b140f9a9b7709c1ea534a1abcf75b376a0bd6c4f9a8fd30a824b1a85a247a,Award Year Summary,IRAQ AFGHANISTAN SERVICE GRANT PROGRAM | YTD Recipients,iasg_recipients,True,5481,[]
grants,2013-2014,2013,Q41314AY.xls,https://studentaid.gov/sites/default/files/fsawg/datacenter/library/Q41314AY.xls,646b140f9a9b7709c1ea534a1abcf75b376a0bd6c4f9a8fd30a824b1a85a247a,Award Year Summary,IRAQ AFGHANISTAN SERVICE GRANT PROGRAM | YTD Disbursements,iasg_disbursements,True,5481,[]
grants,2014-2015,2014,Q41415AY.xls,https://studentaid.gov/sites/default/files/fsawg/datacenter/library/Q41415AY.xls,1790899f33be1cea0ec5afc9e8c48f05d541049ef353997b45001dea8be941c2,Award Year Summary,OPE ID,opeid8,True,5449,[]
grants,2014-2015,2014,Q41415AY.xls,https://studentaid.gov/sites/default/files/fsawg/datacenter/library/Q41415AY.xls,1790899f33be1cea0ec5afc9e8c48f05d541049ef353997b45001dea8be941c2,Award Year Summary,School,school,True,5449,[]
grants,2014-2015,2014,Q41415AY.xls,https://studentaid.gov/sites/default/files/fsawg/datacenter/library/Q41415AY.xls,1790899f33be1cea0ec5afc9e8c48f05d541049ef353997b45001dea8be941c2,Award Year Summary,State,state,True,5449,[]
grants,2014-2015,2014,Q41415AY.xls,https://studentaid.gov/sites/default/files/fsawg/datacenter/library/Q41415AY.xls,1790899f33be1cea0ec5afc9e8c48f05d541049ef353997b45001dea8be941c2,Award Year Summary,Zip Code,zip_code,True,5449,[]
grants,2014-2015,2014,Q41415AY.xls,https://studentaid.gov/sites/default/files/fsawg/datacenter/library/Q41415AY.xls,1790899f33be1cea0ec5afc9e8c48f05d541049ef353997b45001dea8be941c2,Award Year Summary,School Type,school_type,True,5449,[]
grants,2014-2015,2014,Q41415AY.xls,https://studentaid.gov/sites/default/files/fsawg/datacenter/library/Q41415AY.xls,1790899f33be1cea0ec5afc9e8c48f05d541049ef353997b45001dea8be941c2,Award Year Summary,FEDERAL PELL GRANT PROGRAM | YTD Recipients,pell_recipients,True,5449,[]
grants,2014-2015,2014,Q41415AY.xls,https://studentaid.gov/sites/default/files/fsawg/datacenter/library/Q41415AY.xls,1790899f33be1cea0ec5afc9e8c48f05d541049ef353997b45001dea8be941c2,Award Year Summary,FEDERAL PELL GRANT PROGRAM | YTD Disbursements,pell_disbursements,True,5449,[]
grants,2014-2015,2014,Q41415AY.xls,https://studentaid.gov/sites/default/files/fsawg/datacenter/library/Q41415AY.xls,1790899f33be1cea0ec5afc9e8c48f05d541049ef353997b45001dea8be941c2,Award Year Summary,TEACH PROGRAM | YTD Recipients,teach_recipients,True,5449,[]
grants,2014-2015,2014,Q41415AY.xls,https://studentaid.gov/sites/default/files/fsawg/datacenter/library/Q41415AY.xls,1790899f33be1cea0ec5afc9e8c48f05d541049ef353997b45001dea8be941c2,Award Year Summary,TEACH PROGRAM | YTD Disbursements,teach_disbursements,True,5449,[]
grants,2014-2015,2014,Q41415AY.xls,https://studentaid.gov/sites/default/files/fsawg/datacenter/library/Q41415AY.xls,1790899f33be1cea0ec5afc9e8c48f05d541049ef353997b45001dea8be941c2,Award Year Summary,IRAQ AFGHANISTAN SERVICE GRANT PROGRAM | YTD Recipients,iasg_recipients,True,5449,[]
grants,2014-2015,2014,Q41415AY.xls,https://studentaid.gov/sites/default/files/fsawg/datacenter/library/Q41415AY.xls,1790899f33be1cea0ec5afc9e8c48f05d541049ef353997b45001dea8be941c2,Award Year Summary,IRAQ AFGHANISTAN SERVICE GRANT PROGRAM | YTD Disbursements,iasg_disbursements,True,5449,[]
grants,2015-2016,2015,Q41516AY.xls,https://studentaid.gov/sites/default/files/fsawg/datacenter/library/Q41516AY.xls,b6d83f500784611d10ca299613f8d5a858061c9f824da8a1de0bc37236e8c3cb,Award Year Summary,OPE ID,opeid8,True,5397,[]
grants,2015-2016,2015,Q41516AY.xls,https://studentaid.gov/sites/default/files/fsawg/datacenter/library/Q41516AY.xls,b6d83f500784611d10ca299613f8d5a858061c9f824da8a1de0bc37236e8c3cb,Award Year Summary,School,school,True,5397,[]
grants,2015-2016,2015,Q41516AY.xls,https://studentaid.gov/sites/default/files/fsawg/datacenter/library/Q41516AY.xls,b6d83f500784611d10ca299613f8d5a858061c9f824da8a1de0bc37236e8c3cb,Award Year Summary,State,state,True,5396,[]
grants,2015-2016,2015,Q41516AY.xls,https://studentaid.gov/sites/default/files/fsawg/datacenter/library/Q41516AY.xls,b6d83f500784611d10ca299613f8d5a858061c9f824da8a1de0bc37236e8c3cb,Award Year Summary,Zip Code,zip_code,True,5397,[]
grants,2015-2016,2015,Q41516AY.xls,https://studentaid.gov/sites/default/files/fsawg/datacenter/library/Q41516AY.xls,b6d83f500784611d10ca299613f8d5a858061c9f824da8a1de0bc37236e8c3cb,Award Year Summary,School Type,school_type,True,5397,[]
grants,2015-2016,2015,Q41516AY.xls,https://studentaid.gov/sites/default/files/fsawg/datacenter/library/Q41516AY.xls,b6d83f500784611d10ca299613f8d5a858061c9f824da8a1de0bc37236e8c3cb,Award Year Summary,FEDERAL PELL GRANT PROGRAM | YTD Recipients,pell_recipients,True,5397,[]
grants,2015-2016,2015,Q41516AY.xls,https://studentaid.gov/sites/default/files/fsawg/datacenter/library/Q41516AY.xls,b6d83f500784611d10ca299613f8d5a858061c9f824da8a1de0bc37236e8c3cb,Award Year Summary,FEDERAL PELL GRANT PROGRAM | YTD Disbursements,pell_disbursements,True,5397,[]
grants,2015-2016,2015,Q41516AY.xls,https://studentaid.gov/sites/default/files/fsawg/datacenter/library/Q41516AY.xls,b6d83f500784611d10ca299613f8d5a858061c9f824da8a1de0bc37236e8c3cb,Award Year Summary,TEACH PROGRAM | YTD Recipients,teach_recipients,True,5397,[]
grants,2015-2016,2015,Q41516AY.xls,https://studentaid.gov/sites/default/files/fsawg/datacenter/library/Q41516AY.xls,b6d83f500784611d10ca299613f8d5a858061c9f824da8a1de0bc37236e8c3cb,Award Year Summary,TEACH PROGRAM | YTD Disbursements,teach_disbursements,True,5397,[]
grants,2015-2016,2015,Q41516AY.xls,https://studentaid.gov/sites/default/files/fsawg/datacenter/library/Q41516AY.xls,b6d83f500784611d10ca299613f8d5a858061c9f824da8a1de0bc37236e8c3cb,Award Year Summary,IRAQ AFGHANISTAN SERVICE GRANT PROGRAM | YTD Recipients,iasg_recipients,True,5397,[]
grants,2015-2016,2015,Q41516AY.xls,https://studentaid.gov/sites/default/files/fsawg/datacenter/library/Q41516AY.xls,b6d83f500784611d10ca299613f8d5a858061c9f824da8a1de0bc37236e8c3cb,Award Year Summary,IRAQ AFGHANISTAN SERVICE GRANT PROGRAM | YTD Disbursements,iasg_disbursements,True,5397,[]
grants,2016-2017,2016,Q41617AY.xls,https://studentaid.gov/sites/default/files/fsawg/datacenter/library/Q41617AY.xls,be6e9308aed6c929ab9beb17fffa44346bf09144a062d3a6e54fadbc1dd06519,Award Year Summary,OPE ID,opeid8,True,5310,[]
grants,2016-2017,2016,Q41617AY.xls,https://studentaid.gov/sites/default/files/fsawg/datacenter/library/Q41617AY.xls,be6e9308aed6c929ab9beb17fffa44346bf09144a062d3a6e54fadbc1dd06519,Award Year Summary,School,school,True,5310,[]
grants,2016-2017,2016,Q41617AY.xls,https://studentaid.gov/sites/default/files/fsawg/datacenter/library/Q41617AY.xls,be6e9308aed6c929ab9beb17fffa44346bf09144a062d3a6e54fadbc1dd06519,Award Year Summary,State,state,True,5310,[]
grants,2016-2017,2016,Q41617AY.xls,https://studentaid.gov/sites/default/files/fsawg/datacenter/library/Q41617AY.xls,be6e9308aed6c929ab9beb17fffa44346bf09144a062d3a6e54fadbc1dd06519,Award Year Summary,Zip Code,zip_code,True,5310,[]
grants,2016-2017,2016,Q41617AY.xls,https://studentaid.gov/sites/default/files/fsawg/datacenter/library/Q41617AY.xls,be6e9308aed6c929ab9beb17fffa44346bf09144a062d3a6e54fadbc1dd06519,Award Year Summary,School Type,school_type,True,5310,[]
grants,2016-2017,2016,Q41617AY.xls,https://studentaid.gov/sites/default/files/fsawg/datacenter/library/Q41617AY.xls,be6e9308aed6c929ab9beb17fffa44346bf09144a062d3a6e54fadbc1dd06519,Award Year Summary,FEDERAL PELL GRANT PROGRAM | YTD Recipients,pell_recipients,True,5310,[]
grants,2016-2017,2016,Q41617AY.xls,https://studentaid.gov/sites/default/files/fsawg/datacenter/library/Q41617AY.xls,be6e9308aed6c929ab9beb17fffa44346bf09144a062d3a6e54fadbc1dd06519,Award Year Summary,FEDERAL PELL GRANT PROGRAM | YTD Disbursements,pell_disbursements,True,5310,[]
grants,2016-2017,2016,Q41617AY.xls,https://studentaid.gov/sites/default/files/fsawg/datacenter/library/Q41617AY.xls,be6e9308aed6c929ab9beb17fffa44346bf09144a062d3a6e54fadbc1dd06519,Award Year Summary,TEACH PROGRAM | YTD Recipients,teach_recipients,True,5310,[]
grants,2016-2017,2016,Q41617AY.xls,https://studentaid.gov/sites/default/files/fsawg/datacenter/library/Q41617AY.xls,be6e9308aed6c929ab9beb17fffa44346bf09144a062d3a6e54fadbc1dd06519,Award Year Summary,TEACH PROGRAM | YTD Disbursements,teach_disbursements,True,5310,[]
grants,2016-2017,2016,Q41617AY.xls,https://studentaid.gov/sites/default/files/fsawg/datacenter/library/Q41617AY.xls,be6e9308aed6c929ab9beb17fffa44346bf09144a062d3a6e54fadbc1dd06519,Award Year Summary,IRAQ AFGHANISTAN SERVICE GRANT PROGRAM | YTD Recipients,iasg_recipients,True,5310,[]
grants,2016-2017,2016,Q41617AY.xls,https://studentaid.gov/sites/default/files/fsawg/datacenter/library/Q41617AY.xls,be6e9308aed6c929ab9beb17fffa44346bf09144a062d3a6e54fadbc1dd06519,Award Year Summary,IRAQ AFGHANISTAN SERVICE GRANT PROGRAM | YTD Disbursements,iasg_disbursements,True,5310,[]
grants,2017-2018,2017,Q41718AY.xls,https://studentaid.gov/sites/default/files/fsawg/datacenter/library/Q41718AY.xls,964400019995da062405a90491e593330151c9a1321acea065bc815ee1698b4c,Award Year Summary,OPE ID,opeid8,True,5212,[]
grants,2017-2018,2017,Q41718AY.xls,https://studentaid.gov/sites/default/files/fsawg/datacenter/library/Q41718AY.xls,964400019995da062405a90491e593330151c9a1321acea065bc815ee1698b4c,Award Year Summary,School,school,True,5212,[]
grants,2017-2018,2017,Q41718AY.xls,https://studentaid.gov/sites/default/files/fsawg/datacenter/library/Q41718AY.xls,964400019995da062405a90491e593330151c9a1321acea065bc815ee1698b4c,Award Year Summary,State,state,True,5212,[]
grants,2017-2018,2017,Q41718AY.xls,https://studentaid.gov/sites/default/files/fsawg/datacenter/library/Q41718AY.xls,964400019995da062405a90491e593330151c9a1321acea065bc815ee1698b4c,Award Year Summary,Zip Code,zip_code,True,5212,[]
grants,2017-2018,2017,Q41718AY.xls,https://studentaid.gov/sites/default/files/fsawg/datacenter/library/Q41718AY.xls,964400019995da062405a90491e593330151c9a1321acea065bc815ee1698b4c,Award Year Summary,School Type,school_type,True,5212,[]
grants,2017-2018,2017,Q41718AY.xls,https://studentaid.gov/sites/default/files/fsawg/datacenter/library/Q41718AY.xls,964400019995da062405a90491e593330151c9a1321acea065bc815ee1698b4c,Award Year Summary,FEDERAL PELL GRANT PROGRAM | YTD Recipients,pell_recipients,True,5212,"[""-""]"
grants,2017-2018,2017,Q41718AY.xls,https://studentaid.gov/sites/default/files/fsawg/datacenter/library/Q41718AY.xls,964400019995da062405a90491e593330151c9a1321acea065bc815ee1698b4c,Award Year Summary,FEDERAL PELL GRANT PROGRAM | YTD Disbursements,pell_disbursements,True,5212,"[""-""]"
grants,2017-2018,2017,Q41718AY.xls,https://studentaid.gov/sites/default/files/fsawg/datacenter/library/Q41718AY.xls,964400019995da062405a90491e593330151c9a1321acea065bc815ee1698b4c,Award Year Summary,TEACH PROGRAM | YTD Recipients,teach_recipients,True,5212,"[""-""]"
grants,2017-2018,2017,Q41718AY.xls,https://studentaid.gov/sites/default/files/fsawg/datacenter/library/Q41718AY.xls,964400019995da062405a90491e593330151c9a1321acea065bc815ee1698b4c,Award Year Summary,TEACH PROGRAM | YTD Disbursements,teach_disbursements,True,5212,"[""-""]"
grants,2017-2018,2017,Q41718AY.xls,https://studentaid.gov/sites/default/files/fsawg/datacenter/library/Q41718AY.xls,964400019995da062405a90491e593330151c9a1321acea065bc815ee1698b4c,Award Year Summary,IRAQ AFGHANISTAN SERVICE GRANT PROGRAM | YTD Recipients,iasg_recipients,True,5212,"[""-""]"
grants,2017-2018,2017,Q41718AY.xls,https://studentaid.gov/sites/default/files/fsawg/datacenter/library/Q41718AY.xls,964400019995da062405a90491e593330151c9a1321acea065bc815ee1698b4c,Award Year Summary,IRAQ AFGHANISTAN SERVICE GRANT PROGRAM | YTD Disbursements,iasg_disbursements,True,5212,"[""-""]"
grants,2018-2019,2018,grants-ay18-19-q4.xls,https://studentaid.gov/sites/default/files/fsawg/datacenter/library/grants-ay18-19-q4.xls,255e166569d1fa33c2d2a3c72a11e1ebfe681cefefd96dcc2e7341ebce31b995,Award Year Summary,OPE ID,opeid8,True,5118,[]
grants,2018-2019,2018,grants-ay18-19-q4.xls,https://studentaid.gov/sites/default/files/fsawg/datacenter/library/grants-ay18-19-q4.xls,255e166569d1fa33c2d2a3c72a11e1ebfe681cefefd96dcc2e7341ebce31b995,Award Year Summary,School,school,True,5118,[]
grants,2018-2019,2018,grants-ay18-19-q4.xls,https://studentaid.gov/sites/default/files/fsawg/datacenter/library/grants-ay18-19-q4.xls,255e166569d1fa33c2d2a3c72a11e1ebfe681cefefd96dcc2e7341ebce31b995,Award Year Summary,State,state,True,5118,[]
grants,2018-2019,2018,grants-ay18-19-q4.xls,https://studentaid.gov/sites/default/files/fsawg/datacenter/library/grants-ay18-19-q4.xls,255e166569d1fa33c2d2a3c72a11e1ebfe681cefefd96dcc2e7341ebce31b995,Award Year Summary,Zip Code,zip_code,True,5118,[]
grants,2018-2019,2018,grants-ay18-19-q4.xls,https://studentaid.gov/sites/default/files/fsawg/datacenter/library/grants-ay18-19-q4.xls,255e166569d1fa33c2d2a3c72a11e1ebfe681cefefd96dcc2e7341ebce31b995,Award Year Summary,School Type,school_type,True,5118,[]
grants,2018-2019,2018,grants-ay18-19-q4.xls,https://studentaid.gov/sites/default/files/fsawg/datacenter/library/grants-ay18-19-q4.xls,255e166569d1fa33c2d2a3c72a11e1ebfe681cefefd96dcc2e7341ebce31b995,Award Year Summary,FEDERAL PELL GRANT PROGRAM | YTD Recipients,pell_recipients,True,5118,"[""-""]"
grants,2018-2019,2018,grants-ay18-19-q4.xls,https://studentaid.gov/sites/default/files/fsawg/datacenter/library/grants-ay18-19-q4.xls,255e166569d1fa33c2d2a3c72a11e1ebfe681cefefd96dcc2e7341ebce31b995,Award Year Summary,FEDERAL PELL GRANT PROGRAM | YTD Disbursements,pell_disbursements,True,5118,"[""-""]"
grants,2018-2019,2018,grants-ay18-19-q4.xls,https://studentaid.gov/sites/default/files/fsawg/datacenter/library/grants-ay18-19-q4.xls,255e166569d1fa33c2d2a3c72a11e1ebfe681cefefd96dcc2e7341ebce31b995,Award Year Summary,TEACH PROGRAM | YTD Recipients,teach_recipients,True,5118,"[""-""]"
grants,2018-2019,2018,grants-ay18-19-q4.xls,https://studentaid.gov/sites/default/files/fsawg/datacenter/library/grants-ay18-19-q4.xls,255e166569d1fa33c2d2a3c72a11e1ebfe681cefefd96dcc2e7341ebce31b995,Award Year Summary,TEACH PROGRAM | YTD Disbursements,teach_disbursements,True,5118,"[""-""]"
grants,2018-2019,2018,grants-ay18-19-q4.xls,https://studentaid.gov/sites/default/files/fsawg/datacenter/library/grants-ay18-19-q4.xls,255e166569d1fa33c2d2a3c72a11e1ebfe681cefefd96dcc2e7341ebce31b995,Award Year Summary,IRAQ AFGHANISTAN SERVICE GRANT PROGRAM | YTD Recipients,iasg_recipients,True,5118,"[""-""]"
grants,2018-2019,2018,grants-ay18-19-q4.xls,https://studentaid.gov/sites/default/files/fsawg/datacenter/library/grants-ay18-19-q4.xls,255e166569d1fa33c2d2a3c72a11e1ebfe681cefefd96dcc2e7341ebce31b995,Award Year Summary,IRAQ AFGHANISTAN SERVICE GRANT PROGRAM | YTD Disbursements,iasg_disbursements,True,5118,"[""-""]"
grants,2019-2020,2019,grants-ay19-20-q4.xls,https://studentaid.gov/sites/default/files/fsawg/datacenter/library/grants-ay19-20-q4.xls,ec541dc44eb6886405f9a4a1db4f1f451d76564ab0882286dbf963cd1a9ef54d,Award Year Summary,OPE ID,opeid8,True,5029,[]
grants,2019-2020,2019,grants-ay19-20-q4.xls,https://studentaid.gov/sites/default/files/fsawg/datacenter/library/grants-ay19-20-q4.xls,ec541dc44eb6886405f9a4a1db4f1f451d76564ab0882286dbf963cd1a9ef54d,Award Year Summary,School,school,True,5029,[]
grants,2019-2020,2019,grants-ay19-20-q4.xls,https://studentaid.gov/sites/default/files/fsawg/datacenter/library/grants-ay19-20-q4.xls,ec541dc44eb6886405f9a4a1db4f1f451d76564ab0882286dbf963cd1a9ef54d,Award Year Summary,State,state,True,5029,[]
grants,2019-2020,2019,grants-ay19-20-q4.xls,https://studentaid.gov/sites/default/files/fsawg/datacenter/library/grants-ay19-20-q4.xls,ec541dc44eb6886405f9a4a1db4f1f451d76564ab0882286dbf963cd1a9ef54d,Award Year Summary,Zip Code,zip_code,True,5029,[]
grants,2019-2020,2019,grants-ay19-20-q4.xls,https://studentaid.gov/sites/default/files/fsawg/datacenter/library/grants-ay19-20-q4.xls,ec541dc44eb6886405f9a4a1db4f1f451d76564ab0882286dbf963cd1a9ef54d,Award Year Summary,School Type,school_type,True,5029,[]
grants,2019-2020,2019,grants-ay19-20-q4.xls,https://studentaid.gov/sites/default/files/fsawg/datacenter/library/grants-ay19-20-q4.xls,ec541dc44eb6886405f9a4a1db4f1f451d76564ab0882286dbf963cd1a9ef54d,Award Year Summary,FEDERAL PELL GRANT PROGRAM | YTD Recipients,pell_recipients,True,5029,"[""-""]"
grants,2019-2020,2019,grants-ay19-20-q4.xls,https://studentaid.gov/sites/default/files/fsawg/datacenter/library/grants-ay19-20-q4.xls,ec541dc44eb6886405f9a4a1db4f1f451d76564ab0882286dbf963cd1a9ef54d,Award Year Summary,FEDERAL PELL GRANT PROGRAM | YTD Disbursements,pell_disbursements,True,5029,"[""-""]"
grants,2019-2020,2019,grants-ay19-20-q4.xls,https://studentaid.gov/sites/default/files/fsawg/datacenter/library/grants-ay19-20-q4.xls,ec541dc44eb6886405f9a4a1db4f1f451d76564ab0882286dbf963cd1a9ef54d,Award Year Summary,TEACH PROGRAM | YTD Recipients,teach_recipients,True,5029,"[""-""]"
grants,2019-2020,2019,grants-ay19-20-q4.xls,https://studentaid.gov/sites/default/files/fsawg/datacenter/library/grants-ay19-20-q4.xls,ec541dc44eb6886405f9a4a1db4f1f451d76564ab0882286dbf963cd1a9ef54d,Award Year Summary,TEACH PROGRAM | YTD Disbursements,teach_disbursements,True,5029,"[""-""]"
grants,2019-2020,2019,grants-ay19-20-q4.xls,https://studentaid.gov/sites/default/files/fsawg/datacenter/library/grants-ay19-20-q4.xls,ec541dc44eb6886405f9a4a1db4f1f451d76564ab0882286dbf963cd1a9ef54d,Award Year Summary,IRAQ AFGHANISTAN SERVICE GRANT PROGRAM | YTD Recipients,iasg_recipients,True,5029,"[""-""]"
grants,2019-2020,2019,grants-ay19-20-q4.xls,https://studentaid.gov/sites/default/files/fsawg/datacenter/library/grants-ay19-20-q4.xls,ec541dc44eb6886405f9a4a1db4f1f451d76564ab0882286dbf963cd1a9ef54d,Award Year Summary,IRAQ AFGHANISTAN SERVICE GRANT PROGRAM | YTD Disbursements,iasg_disbursements,True,5029,"[""-""]"
grants,2020-2021,2020,grants-ay20-21-q4.xls,https://studentaid.gov/sites/default/files/fsawg/datacenter/library/grants-ay20-21-q4.xls,c1a5fcb299f9283922ad3584ac19f9f8020502ee6c1b35662cae4beb1776408d,Award Year Summary,OPE ID,opeid8,True,4952,[]
grants,2020-2021,2020,grants-ay20-21-q4.xls,https://studentaid.gov/sites/default/files/fsawg/datacenter/library/grants-ay20-21-q4.xls,c1a5fcb299f9283922ad3584ac19f9f8020502ee6c1b35662cae4beb1776408d,Award Year Summary,School,school,True,4952,[]
grants,2020-2021,2020,grants-ay20-21-q4.xls,https://studentaid.gov/sites/default/files/fsawg/datacenter/library/grants-ay20-21-q4.xls,c1a5fcb299f9283922ad3584ac19f9f8020502ee6c1b35662cae4beb1776408d,Award Year Summary,State,state,True,4952,[]
grants,2020-2021,2020,grants-ay20-21-q4.xls,https://studentaid.gov/sites/default/files/fsawg/datacenter/library/grants-ay20-21-q4.xls,c1a5fcb299f9283922ad3584ac19f9f8020502ee6c1b35662cae4beb1776408d,Award Year Summary,Zip Code,zip_code,True,4952,[]
grants,2020-2021,2020,grants-ay20-21-q4.xls,https://studentaid.gov/sites/default/files/fsawg/datacenter/library/grants-ay20-21-q4.xls,c1a5fcb299f9283922ad3584ac19f9f8020502ee6c1b35662cae4beb1776408d,Award Year Summary,School Type,school_type,True,4952,[]
grants,2020-2021,2020,grants-ay20-21-q4.xls,https://studentaid.gov/sites/default/files/fsawg/datacenter/library/grants-ay20-21-q4.xls,c1a5fcb299f9283922ad3584ac19f9f8020502ee6c1b35662cae4beb1776408d,Award Year Summary,FEDERAL PELL GRANT PROGRAM | YTD Recipients,pell_recipients,True,4952,"[""-""]"
grants,2020-2021,2020,grants-ay20-21-q4.xls,https://studentaid.gov/sites/default/files/fsawg/datacenter/library/grants-ay20-21-q4.xls,c1a5fcb299f9283922ad3584ac19f9f8020502ee6c1b35662cae4beb1776408d,Award Year Summary,FEDERAL PELL GRANT PROGRAM | YTD Disbursements,pell_disbursements,True,4952,"[""-""]"
grants,2020-2021,2020,grants-ay20-21-q4.xls,https://studentaid.gov/sites/default/files/fsawg/datacenter/library/grants-ay20-21-q4.xls,c1a5fcb299f9283922ad3584ac19f9f8020502ee6c1b35662cae4beb1776408d,Award Year Summary,TEACH PROGRAM | YTD Recipients,teach_recipients,True,4952,"[""-""]"
grants,2020-2021,2020,grants-ay20-21-q4.xls,https://studentaid.gov/sites/default/files/fsawg/datacenter/library/grants-ay20-21-q4.xls,c1a5fcb299f9283922ad3584ac19f9f8020502ee6c1b35662cae4beb1776408d,Award Year Summary,TEACH PROGRAM | YTD Disbursements,teach_disbursements,True,4952,"[""-""]"
grants,2020-2021,2020,grants-ay20-21-q4.xls,https://studentaid.gov/sites/default/files/fsawg/datacenter/library/grants-ay20-21-q4.xls,c1a5fcb299f9283922ad3584ac19f9f8020502ee6c1b35662cae4beb1776408d,Award Year Summary,IRAQ AFGHANISTAN SERVICE GRANT PROGRAM | YTD Recipients,iasg_recipients,True,4952,"[""-""]"
grants,2020-2021,2020,grants-ay20-21-q4.xls,https://studentaid.gov/sites/default/files/fsawg/datacenter/library/grants-ay20-21-q4.xls,c1a5fcb299f9283922ad3584ac19f9f8020502ee6c1b35662cae4beb1776408d,Award Year Summary,IRAQ AFGHANISTAN SERVICE GRANT PROGRAM | YTD Disbursements,iasg_disbursements,True,4952,"[""-""]"
grants,2021-2022,2021,grants-ay21-22-q4.xls,https://studentaid.gov/sites/default/files/fsawg/datacenter/library/grants-ay21-22-q4.xls,95622801adebe7a46820943873e2555fdd28a3ce4301944149307bb89f13cbcc,Award Year Summary,OPE ID,opeid8,True,4883,[]
grants,2021-2022,2021,grants-ay21-22-q4.xls,https://studentaid.gov/sites/default/files/fsawg/datacenter/library/grants-ay21-22-q4.xls,95622801adebe7a46820943873e2555fdd28a3ce4301944149307bb89f13cbcc,Award Year Summary,School,school,True,4883,[]
grants,2021-2022,2021,grants-ay21-22-q4.xls,https://studentaid.gov/sites/default/files/fsawg/datacenter/library/grants-ay21-22-q4.xls,95622801adebe7a46820943873e2555fdd28a3ce4301944149307bb89f13cbcc,Award Year Summary,State,state,True,4883,[]
grants,2021-2022,2021,grants-ay21-22-q4.xls,https://studentaid.gov/sites/default/files/fsawg/datacenter/library/grants-ay21-22-q4.xls,95622801adebe7a46820943873e2555fdd28a3ce4301944149307bb89f13cbcc,Award Year Summary,Zip Code,zip_code,True,4883,[]
grants,2021-2022,2021,grants-ay21-22-q4.xls,https://studentaid.gov/sites/default/files/fsawg/datacenter/library/grants-ay21-22-q4.xls,95622801adebe7a46820943873e2555fdd28a3ce4301944149307bb89f13cbcc,Award Year Summary,School Type,school_type,True,4883,[]
grants,2021-2022,2021,grants-ay21-22-q4.xls,https://studentaid.gov/sites/default/files/fsawg/datacenter/library/grants-ay21-22-q4.xls,95622801adebe7a46820943873e2555fdd28a3ce4301944149307bb89f13cbcc,Award Year Summary,FEDERAL PELL GRANT PROGRAM | YTD Recipients,pell_recipients,True,4883,"[""-""]"
grants,2021-2022,2021,grants-ay21-22-q4.xls,https://studentaid.gov/sites/default/files/fsawg/datacenter/library/grants-ay21-22-q4.xls,95622801adebe7a46820943873e2555fdd28a3ce4301944149307bb89f13cbcc,Award Year Summary,FEDERAL PELL GRANT PROGRAM | YTD Disbursements,pell_disbursements,True,4883,"[""-""]"
grants,2021-2022,2021,grants-ay21-22-q4.xls,https://studentaid.gov/sites/default/files/fsawg/datacenter/library/grants-ay21-22-q4.xls,95622801adebe7a46820943873e2555fdd28a3ce4301944149307bb89f13cbcc,Award Year Summary,TEACH PROGRAM | YTD Recipients,teach_recipients,True,4883,"[""-""]"
grants,2021-2022,2021,grants-ay21-22-q4.xls,https://studentaid.gov/sites/default/files/fsawg/datacenter/library/grants-ay21-22-q4.xls,95622801adebe7a46820943873e2555fdd28a3ce4301944149307bb89f13cbcc,Award Year Summary,TEACH PROGRAM | YTD Disbursements,teach_disbursements,True,4883,"[""-""]"
grants,2021-2022,2021,grants-ay21-22-q4.xls,https://studentaid.gov/sites/default/files/fsawg/datacenter/library/grants-ay21-22-q4.xls,95622801adebe7a46820943873e2555fdd28a3ce4301944149307bb89f13cbcc,Award Year Summary,IRAQ AFGHANISTAN SERVICE GRANT PROGRAM | YTD Recipients,iasg_recipients,True,4883,"[""-""]"
grants,2021-2022,2021,grants-ay21-22-q4.xls,https://studentaid.gov/sites/default/files/fsawg/datacenter/library/grants-ay21-22-q4.xls,95622801adebe7a46820943873e2555fdd28a3ce4301944149307bb89f13cbcc,Award Year Summary,IRAQ AFGHANISTAN SERVICE GRANT PROGRAM | YTD Disbursements,iasg_disbursements,True,4883,"[""-""]"
grants,2022-2023,2022,grants-ay22-23-q4.xls,https://studentaid.gov/sites/default/files/fsawg/datacenter/library/grants-ay22-23-q4.xls,b1ccc3d328dd28f7a66132aaf0b4b922b4c7f5d9be3e5bc85c67a03b2b01cd76,Award Year Summary,OPE ID,opeid8,True,4843,[]
grants,2022-2023,2022,grants-ay22-23-q4.xls,https://studentaid.gov/sites/default/files/fsawg/datacenter/library/grants-ay22-23-q4.xls,b1ccc3d328dd28f7a66132aaf0b4b922b4c7f5d9be3e5bc85c67a03b2b01cd76,Award Year Summary,School,school,True,4843,[]
grants,2022-2023,2022,grants-ay22-23-q4.xls,https://studentaid.gov/sites/default/files/fsawg/datacenter/library/grants-ay22-23-q4.xls,b1ccc3d328dd28f7a66132aaf0b4b922b4c7f5d9be3e5bc85c67a03b2b01cd76,Award Year Summary,State,state,True,4843,[]
grants,2022-2023,2022,grants-ay22-23-q4.xls,https://studentaid.gov/sites/default/files/fsawg/datacenter/library/grants-ay22-23-q4.xls,b1ccc3d328dd28f7a66132aaf0b4b922b4c7f5d9be3e5bc85c67a03b2b01cd76,Award Year Summary,Zip Code,zip_code,True,4843,[]
grants,2022-2023,2022,grants-ay22-23-q4.xls,https://studentaid.gov/sites/default/files/fsawg/datacenter/library/grants-ay22-23-q4.xls,b1ccc3d328dd28f7a66132aaf0b4b922b4c7f5d9be3e5bc85c67a03b2b01cd76,Award Year Summary,School Type,school_type,True,4843,[]
grants,2022-2023,2022,grants-ay22-23-q4.xls,https://studentaid.gov/sites/default/files/fsawg/datacenter/library/grants-ay22-23-q4.xls,b1ccc3d328dd28f7a66132aaf0b4b922b4c7f5d9be3e5bc85c67a03b2b01cd76,Award Year Summary,FEDERAL PELL GRANT PROGRAM | YTD Recipients,pell_recipients,True,4843,"[""-""]"
grants,2022-2023,2022,grants-ay22-23-q4.xls,https://studentaid.gov/sites/default/files/fsawg/datacenter/library/grants-ay22-23-q4.xls,b1ccc3d328dd28f7a66132aaf0b4b922b4c7f5d9be3e5bc85c67a03b2b01cd76,Award Year Summary,FEDERAL PELL GRANT PROGRAM | YTD Disbursements,pell_disbursements,True,4843,"[""-""]"
grants,2022-2023,2022,grants-ay22-23-q4.xls,https://studentaid.gov/sites/default/files/fsawg/datacenter/library/grants-ay22-23-q4.xls,b1ccc3d328dd28f7a66132aaf0b4b922b4c7f5d9be3e5bc85c67a03b2b01cd76,Award Year Summary,TEACH PROGRAM | YTD Recipients,teach_recipients,True,4843,"[""-""]"
grants,2022-2023,2022,grants-ay22-23-q4.xls,https://studentaid.gov/sites/default/files/fsawg/datacenter/library/grants-ay22-23-q4.xls,b1ccc3d328dd28f7a66132aaf0b4b922b4c7f5d9be3e5bc85c67a03b2b01cd76,Award Year Summary,TEACH PROGRAM | YTD Disbursements,teach_disbursements,True,4843,"[""-""]"
grants,2022-2023,2022,grants-ay22-23-q4.xls,https://studentaid.gov/sites/default/files/fsawg/datacenter/library/grants-ay22-23-q4.xls,b1ccc3d328dd28f7a66132aaf0b4b922b4c7f5d9be3e5bc85c67a03b2b01cd76,Award Year Summary,IRAQ AFGHANISTAN SERVICE GRANT PROGRAM | YTD Recipients,iasg_recipients,True,4843,"[""-""]"
grants,2022-2023,2022,grants-ay22-23-q4.xls,https://studentaid.gov/sites/default/files/fsawg/datacenter/library/grants-ay22-23-q4.xls,b1ccc3d328dd28f7a66132aaf0b4b922b4c7f5d9be3e5bc85c67a03b2b01cd76,Award Year Summary,IRAQ AFGHANISTAN SERVICE GRANT PROGRAM | YTD Disbursements,iasg_disbursements,True,4843,"[""-""]"
grants,2023-2024,2023,grants-ay23-24-q4.xls,https://studentaid.gov/sites/default/files/fsawg/datacenter/library/grants-ay23-24-q4.xls,1fe860903ad84995d91fb75445cb38251df82152a8082141dd3ac55e6cbb8fd2,Award Year Summary,OPE ID,opeid8,True,4780,[]
grants,2023-2024,2023,grants-ay23-24-q4.xls,https://studentaid.gov/sites/default/files/fsawg/datacenter/library/grants-ay23-24-q4.xls,1fe860903ad84995d91fb75445cb38251df82152a8082141dd3ac55e6cbb8fd2,Award Year Summary,School,school,True,4780,[]
grants,2023-2024,2023,grants-ay23-24-q4.xls,https://studentaid.gov/sites/default/files/fsawg/datacenter/library/grants-ay23-24-q4.xls,1fe860903ad84995d91fb75445cb38251df82152a8082141dd3ac55e6cbb8fd2,Award Year Summary,State,state,True,4779,[]
grants,2023-2024,2023,grants-ay23-24-q4.xls,https://studentaid.gov/sites/default/files/fsawg/datacenter/library/grants-ay23-24-q4.xls,1fe860903ad84995d91fb75445cb38251df82152a8082141dd3ac55e6cbb8fd2,Award Year Summary,Zip Code,zip_code,True,4780,[]
grants,2023-2024,2023,grants-ay23-24-q4.xls,https://studentaid.gov/sites/default/files/fsawg/datacenter/library/grants-ay23-24-q4.xls,1fe860903ad84995d91fb75445cb38251df82152a8082141dd3ac55e6cbb8fd2,Award Year Summary,School Type,school_type,True,4780,[]
grants,2023-2024,2023,grants-ay23-24-q4.xls,https://studentaid.gov/sites/default/files/fsawg/datacenter/library/grants-ay23-24-q4.xls,1fe860903ad84995d91fb75445cb38251df82152a8082141dd3ac55e6cbb8fd2,Award Year Summary,FEDERAL PELL GRANT PROGRAM | YTD Recipients,pell_recipients,True,4780,"[""-""]"
grants,2023-2024,2023,grants-ay23-24-q4.xls,https://studentaid.gov/sites/default/files/fsawg/datacenter/library/grants-ay23-24-q4.xls,1fe860903ad84995d91fb75445cb38251df82152a8082141dd3ac55e6cbb8fd2,Award Year Summary,FEDERAL PELL GRANT PROGRAM | YTD Disbursements,pell_disbursements,True,4780,"[""-""]"
grants,2023-2024,2023,grants-ay23-24-q4.xls,https://studentaid.gov/sites/default/files/fsawg/datacenter/library/grants-ay23-24-q4.xls,1fe860903ad84995d91fb75445cb38251df82152a8082141dd3ac55e6cbb8fd2,Award Year Summary,TEACH PROGRAM | YTD Recipients,teach_recipients,True,4780,"[""-""]"
grants,2023-2024,2023,grants-ay23-24-q4.xls,https://studentaid.gov/sites/default/files/fsawg/datacenter/library/grants-ay23-24-q4.xls,1fe860903ad84995d91fb75445cb38251df82152a8082141dd3ac55e6cbb8fd2,Award Year Summary,TEACH PROGRAM | YTD Disbursements,teach_disbursements,True,4780,"[""-""]"
grants,2023-2024,2023,grants-ay23-24-q4.xls,https://studentaid.gov/sites/default/files/fsawg/datacenter/library/grants-ay23-24-q4.xls,1fe860903ad84995d91fb75445cb38251df82152a8082141dd3ac55e6cbb8fd2,Award Year Summary,IRAQ AFGHANISTAN SERVICE GRANT PROGRAM | YTD Recipients,iasg_recipients,True,4780,"[""-""]"
grants,2023-2024,2023,grants-ay23-24-q4.xls,https://studentaid.gov/sites/default/files/fsawg/datacenter/library/grants-ay23-24-q4.xls,1fe860903ad84995d91fb75445cb38251df82152a8082141dd3ac55e6cbb8fd2,Award Year Summary,IRAQ AFGHANISTAN SERVICE GRANT PROGRAM | YTD Disbursements,iasg_disbursements,True,4780,"[""-""]"
grants,2024-2025,2024,grants-ay24-25-q4.xls,https://studentaid.gov/sites/default/files/fsawg/datacenter/library/grants-ay24-25-q4.xls,ad031e1de310008d2e4fdb6ab600032a54e8fc10709ab3dff723c17d5c60605b,Award Year Summary,OPE ID,opeid8,True,4713,[]
grants,2024-2025,2024,grants-ay24-25-q4.xls,https://studentaid.gov/sites/default/files/fsawg/datacenter/library/grants-ay24-25-q4.xls,ad031e1de310008d2e4fdb6ab600032a54e8fc10709ab3dff723c17d5c60605b,Award Year Summary,School,school,True,4713,[]
grants,2024-2025,2024,grants-ay24-25-q4.xls,https://studentaid.gov/sites/default/files/fsawg/datacenter/library/grants-ay24-25-q4.xls,ad031e1de310008d2e4fdb6ab600032a54e8fc10709ab3dff723c17d5c60605b,Award Year Summary,State,state,True,4712,[]
grants,2024-2025,2024,grants-ay24-25-q4.xls,https://studentaid.gov/sites/default/files/fsawg/datacenter/library/grants-ay24-25-q4.xls,ad031e1de310008d2e4fdb6ab600032a54e8fc10709ab3dff723c17d5c60605b,Award Year Summary,Zip Code,zip_code,True,4713,[]
grants,2024-2025,2024,grants-ay24-25-q4.xls,https://studentaid.gov/sites/default/files/fsawg/datacenter/library/grants-ay24-25-q4.xls,ad031e1de310008d2e4fdb6ab600032a54e8fc10709ab3dff723c17d5c60605b,Award Year Summary,School Type,school_type,True,4713,[]
grants,2024-2025,2024,grants-ay24-25-q4.xls,https://studentaid.gov/sites/default/files/fsawg/datacenter/library/grants-ay24-25-q4.xls,ad031e1de310008d2e4fdb6ab600032a54e8fc10709ab3dff723c17d5c60605b,Award Year Summary,FEDERAL PELL GRANT PROGRAM | YTD Recipients,pell_recipients,True,4713,"[""-""]"
grants,2024-2025,2024,grants-ay24-25-q4.xls,https://studentaid.gov/sites/default/files/fsawg/datacenter/library/grants-ay24-25-q4.xls,ad031e1de310008d2e4fdb6ab600032a54e8fc10709ab3dff723c17d5c60605b,Award Year Summary,FEDERAL PELL GRANT PROGRAM | YTD Disbursements,pell_disbursements,True,4713,"[""-""]"
grants,2024-2025,2024,grants-ay24-25-q4.xls,https://studentaid.gov/sites/default/files/fsawg/datacenter/library/grants-ay24-25-q4.xls,ad031e1de310008d2e4fdb6ab600032a54e8fc10709ab3dff723c17d5c60605b,Award Year Summary,TEACH PROGRAM | YTD Recipients,teach_recipients,True,4713,"[""-""]"
grants,2024-2025,2024,grants-ay24-25-q4.xls,https://studentaid.gov/sites/default/files/fsawg/datacenter/library/grants-ay24-25-q4.xls,ad031e1de310008d2e4fdb6ab600032a54e8fc10709ab3dff723c17d5c60605b,Award Year Summary,TEACH PROGRAM | YTD Disbursements,teach_disbursements,True,4713,"[""-""]"
direct_loans,1999-2000,1999,DL_AwardYr_Summary_AY1999_2000_All.xls,https://studentaid.gov/sites/default/files/DL_AwardYr_Summary_AY1999_2000_All.xls,42f4e0c4ffa7d54790fc582410e4424cc8bf1f2ec0a9a59d462922df0be5dcc6,AY1999-2000,OPE ID,opeid8,True,1241,[]
direct_loans,1999-2000,1999,DL_AwardYr_Summary_AY1999_2000_All.xls,https://studentaid.gov/sites/default/files/DL_AwardYr_Summary_AY1999_2000_All.xls,42f4e0c4ffa7d54790fc582410e4424cc8bf1f2ec0a9a59d462922df0be5dcc6,AY1999-2000,School,school,True,1241,[]
direct_loans,1999-2000,1999,DL_AwardYr_Summary_AY1999_2000_All.xls,https://studentaid.gov/sites/default/files/DL_AwardYr_Summary_AY1999_2000_All.xls,42f4e0c4ffa7d54790fc582410e4424cc8bf1f2ec0a9a59d462922df0be5dcc6,AY1999-2000,State,state,True,1241,[]
direct_loans,1999-2000,1999,DL_AwardYr_Summary_AY1999_2000_All.xls,https://studentaid.gov/sites/default/files/DL_AwardYr_Summary_AY1999_2000_All.xls,42f4e0c4ffa7d54790fc582410e4424cc8bf1f2ec0a9a59d462922df0be5dcc6,AY1999-2000,Zip Code,zip_code,True,1241,[]
direct_loans,1999-2000,1999,DL_AwardYr_Summary_AY1999_2000_All.xls,https://studentaid.gov/sites/default/files/DL_AwardYr_Summary_AY1999_2000_All.xls,42f4e0c4ffa7d54790fc582410e4424cc8bf1f2ec0a9a59d462922df0be5dcc6,AY1999-2000,School Type,school_type,True,1241,[]
direct_loans,1999-2000,1999,DL_AwardYr_Summary_AY1999_2000_All.xls,https://studentaid.gov/sites/default/files/DL_AwardYr_Summary_AY1999_2000_All.xls,42f4e0c4ffa7d54790fc582410e4424cc8bf1f2ec0a9a59d462922df0be5dcc6,AY1999-2000,DL SUBSIDIZED | Recipients,subsidized_recipients,True,1241,[]
direct_loans,1999-2000,1999,DL_AwardYr_Summary_AY1999_2000_All.xls,https://studentaid.gov/sites/default/files/DL_AwardYr_Summary_AY1999_2000_All.xls,42f4e0c4ffa7d54790fc582410e4424cc8bf1f2ec0a9a59d462922df0be5dcc6,AY1999-2000,DL SUBSIDIZED | # of Loans Originated,subsidized_loans_originated_n,True,1241,[]
direct_loans,1999-2000,1999,DL_AwardYr_Summary_AY1999_2000_All.xls,https://studentaid.gov/sites/default/files/DL_AwardYr_Summary_AY1999_2000_All.xls,42f4e0c4ffa7d54790fc582410e4424cc8bf1f2ec0a9a59d462922df0be5dcc6,AY1999-2000,DL SUBSIDIZED | $ of Loans Originated,subsidized_loans_originated_amt,True,1241,[]
direct_loans,1999-2000,1999,DL_AwardYr_Summary_AY1999_2000_All.xls,https://studentaid.gov/sites/default/files/DL_AwardYr_Summary_AY1999_2000_All.xls,42f4e0c4ffa7d54790fc582410e4424cc8bf1f2ec0a9a59d462922df0be5dcc6,AY1999-2000,DL SUBSIDIZED | # of Disbursements,subsidized_disbursements_n,True,1241,[]
direct_loans,1999-2000,1999,DL_AwardYr_Summary_AY1999_2000_All.xls,https://studentaid.gov/sites/default/files/DL_AwardYr_Summary_AY1999_2000_All.xls,42f4e0c4ffa7d54790fc582410e4424cc8bf1f2ec0a9a59d462922df0be5dcc6,AY1999-2000,DL SUBSIDIZED | $ of Disbursements,subsidized_disbursements,True,1241,[]
direct_loans,1999-2000,1999,DL_AwardYr_Summary_AY1999_2000_All.xls,https://studentaid.gov/sites/default/files/DL_AwardYr_Summary_AY1999_2000_All.xls,42f4e0c4ffa7d54790fc582410e4424cc8bf1f2ec0a9a59d462922df0be5dcc6,AY1999-2000,DL UNSUBSIDIZED | Recipients,unsubsidized_recipients,True,1241,[]
direct_loans,1999-2000,1999,DL_AwardYr_Summary_AY1999_2000_All.xls,https://studentaid.gov/sites/default/files/DL_AwardYr_Summary_AY1999_2000_All.xls,42f4e0c4ffa7d54790fc582410e4424cc8bf1f2ec0a9a59d462922df0be5dcc6,AY1999-2000,DL UNSUBSIDIZED | # of Loans Originated,unsubsidized_loans_originated_n,True,1241,[]
direct_loans,1999-2000,1999,DL_AwardYr_Summary_AY1999_2000_All.xls,https://studentaid.gov/sites/default/files/DL_AwardYr_Summary_AY1999_2000_All.xls,42f4e0c4ffa7d54790fc582410e4424cc8bf1f2ec0a9a59d462922df0be5dcc6,AY1999-2000,DL UNSUBSIDIZED | $ of Loans Originated,unsubsidized_loans_originated_amt,True,1241,[]
direct_loans,1999-2000,1999,DL_AwardYr_Summary_AY1999_2000_All.xls,https://studentaid.gov/sites/default/files/DL_AwardYr_Summary_AY1999_2000_All.xls,42f4e0c4ffa7d54790fc582410e4424cc8bf1f2ec0a9a59d462922df0be5dcc6,AY1999-2000,DL UNSUBSIDIZED | # of Disbursements,unsubsidized_disbursements_n,True,1241,[]
direct_loans,1999-2000,1999,DL_AwardYr_Summary_AY1999_2000_All.xls,https://studentaid.gov/sites/default/files/DL_AwardYr_Summary_AY1999_2000_All.xls,42f4e0c4ffa7d54790fc582410e4424cc8bf1f2ec0a9a59d462922df0be5dcc6,AY1999-2000,DL UNSUBSIDIZED | $ of Disbursements,unsubsidized_disbursements,True,1241,[]
direct_loans,1999-2000,1999,DL_AwardYr_Summary_AY1999_2000_All.xls,https://studentaid.gov/sites/default/files/DL_AwardYr_Summary_AY1999_2000_All.xls,42f4e0c4ffa7d54790fc582410e4424cc8bf1f2ec0a9a59d462922df0be5dcc6,AY1999-2000,DL PLUS | Recipients,plus_recipients,True,1241,[]
direct_loans,1999-2000,1999,DL_AwardYr_Summary_AY1999_2000_All.xls,https://studentaid.gov/sites/default/files/DL_AwardYr_Summary_AY1999_2000_All.xls,42f4e0c4ffa7d54790fc582410e4424cc8bf1f2ec0a9a59d462922df0be5dcc6,AY1999-2000,DL PLUS | # of Loans Originated,plus_loans_originated_n,True,1241,[]
direct_loans,1999-2000,1999,DL_AwardYr_Summary_AY1999_2000_All.xls,https://studentaid.gov/sites/default/files/DL_AwardYr_Summary_AY1999_2000_All.xls,42f4e0c4ffa7d54790fc582410e4424cc8bf1f2ec0a9a59d462922df0be5dcc6,AY1999-2000,DL PLUS | $ of Loans Originated,plus_loans_originated_amt,True,1241,[]
direct_loans,1999-2000,1999,DL_AwardYr_Summary_AY1999_2000_All.xls,https://studentaid.gov/sites/default/files/DL_AwardYr_Summary_AY1999_2000_All.xls,42f4e0c4ffa7d54790fc582410e4424cc8bf1f2ec0a9a59d462922df0be5dcc6,AY1999-2000,DL PLUS | # of Disbursements,plus_disbursements_n,True,1241,[]
direct_loans,1999-2000,1999,DL_AwardYr_Summary_AY1999_2000_All.xls,https://studentaid.gov/sites/default/files/DL_AwardYr_Summary_AY1999_2000_All.xls,42f4e0c4ffa7d54790fc582410e4424cc8bf1f2ec0a9a59d462922df0be5dcc6,AY1999-2000,DL PLUS | $ of Disbursements,plus_disbursements,True,1241,[]
direct_loans,2000-2001,2000,DL_AwardYr_Summary_AY2000_2001_All.xls,https://studentaid.gov/sites/default/files/DL_AwardYr_Summary_AY2000_2001_All.xls,ed9a2448dad7e19e9f00e1545c6a75788fde4781fdaa6ac31d3049e89d65b2e5,AY2000-2001,OPE ID,opeid8,True,1204,[]
direct_loans,2000-2001,2000,DL_AwardYr_Summary_AY2000_2001_All.xls,https://studentaid.gov/sites/default/files/DL_AwardYr_Summary_AY2000_2001_All.xls,ed9a2448dad7e19e9f00e1545c6a75788fde4781fdaa6ac31d3049e89d65b2e5,AY2000-2001,School,school,True,1204,[]
direct_loans,2000-2001,2000,DL_AwardYr_Summary_AY2000_2001_All.xls,https://studentaid.gov/sites/default/files/DL_AwardYr_Summary_AY2000_2001_All.xls,ed9a2448dad7e19e9f00e1545c6a75788fde4781fdaa6ac31d3049e89d65b2e5,AY2000-2001,State,state,True,1204,[]
direct_loans,2000-2001,2000,DL_AwardYr_Summary_AY2000_2001_All.xls,https://studentaid.gov/sites/default/files/DL_AwardYr_Summary_AY2000_2001_All.xls,ed9a2448dad7e19e9f00e1545c6a75788fde4781fdaa6ac31d3049e89d65b2e5,AY2000-2001,Zip Code,zip_code,True,1204,[]
direct_loans,2000-2001,2000,DL_AwardYr_Summary_AY2000_2001_All.xls,https://studentaid.gov/sites/default/files/DL_AwardYr_Summary_AY2000_2001_All.xls,ed9a2448dad7e19e9f00e1545c6a75788fde4781fdaa6ac31d3049e89d65b2e5,AY2000-2001,School Type,school_type,True,1204,[]
direct_loans,2000-2001,2000,DL_AwardYr_Summary_AY2000_2001_All.xls,https://studentaid.gov/sites/default/files/DL_AwardYr_Summary_AY2000_2001_All.xls,ed9a2448dad7e19e9f00e1545c6a75788fde4781fdaa6ac31d3049e89d65b2e5,AY2000-2001,DL SUBSIDIZED | Recipients,subsidized_recipients,True,1204,[]
direct_loans,2000-2001,2000,DL_AwardYr_Summary_AY2000_2001_All.xls,https://studentaid.gov/sites/default/files/DL_AwardYr_Summary_AY2000_2001_All.xls,ed9a2448dad7e19e9f00e1545c6a75788fde4781fdaa6ac31d3049e89d65b2e5,AY2000-2001,DL SUBSIDIZED | # of Loans Originated,subsidized_loans_originated_n,True,1204,[]
direct_loans,2000-2001,2000,DL_AwardYr_Summary_AY2000_2001_All.xls,https://studentaid.gov/sites/default/files/DL_AwardYr_Summary_AY2000_2001_All.xls,ed9a2448dad7e19e9f00e1545c6a75788fde4781fdaa6ac31d3049e89d65b2e5,AY2000-2001,DL SUBSIDIZED | $ of Loans Originated,subsidized_loans_originated_amt,True,1204,[]
direct_loans,2000-2001,2000,DL_AwardYr_Summary_AY2000_2001_All.xls,https://studentaid.gov/sites/default/files/DL_AwardYr_Summary_AY2000_2001_All.xls,ed9a2448dad7e19e9f00e1545c6a75788fde4781fdaa6ac31d3049e89d65b2e5,AY2000-2001,DL SUBSIDIZED | # of Disbursements,subsidized_disbursements_n,True,1204,[]
direct_loans,2000-2001,2000,DL_AwardYr_Summary_AY2000_2001_All.xls,https://studentaid.gov/sites/default/files/DL_AwardYr_Summary_AY2000_2001_All.xls,ed9a2448dad7e19e9f00e1545c6a75788fde4781fdaa6ac31d3049e89d65b2e5,AY2000-2001,DL SUBSIDIZED | $ of Disbursements,subsidized_disbursements,True,1204,[]
direct_loans,2000-2001,2000,DL_AwardYr_Summary_AY2000_2001_All.xls,https://studentaid.gov/sites/default/files/DL_AwardYr_Summary_AY2000_2001_All.xls,ed9a2448dad7e19e9f00e1545c6a75788fde4781fdaa6ac31d3049e89d65b2e5,AY2000-2001,DL UNSUBSIDIZED | Recipients,unsubsidized_recipients,True,1204,[]
direct_loans,2000-2001,2000,DL_AwardYr_Summary_AY2000_2001_All.xls,https://studentaid.gov/sites/default/files/DL_AwardYr_Summary_AY2000_2001_All.xls,ed9a2448dad7e19e9f00e1545c6a75788fde4781fdaa6ac31d3049e89d65b2e5,AY2000-2001,DL UNSUBSIDIZED | # of Loans Originated,unsubsidized_loans_originated_n,True,1204,[]
direct_loans,2000-2001,2000,DL_AwardYr_Summary_AY2000_2001_All.xls,https://studentaid.gov/sites/default/files/DL_AwardYr_Summary_AY2000_2001_All.xls,ed9a2448dad7e19e9f00e1545c6a75788fde4781fdaa6ac31d3049e89d65b2e5,AY2000-2001,DL UNSUBSIDIZED | $ of Loans Originated,unsubsidized_loans_originated_amt,True,1204,[]
direct_loans,2000-2001,2000,DL_AwardYr_Summary_AY2000_2001_All.xls,https://studentaid.gov/sites/default/files/DL_AwardYr_Summary_AY2000_2001_All.xls,ed9a2448dad7e19e9f00e1545c6a75788fde4781fdaa6ac31d3049e89d65b2e5,AY2000-2001,DL UNSUBSIDIZED | # of Disbursements,unsubsidized_disbursements_n,True,1204,[]
direct_loans,2000-2001,2000,DL_AwardYr_Summary_AY2000_2001_All.xls,https://studentaid.gov/sites/default/files/DL_AwardYr_Summary_AY2000_2001_All.xls,ed9a2448dad7e19e9f00e1545c6a75788fde4781fdaa6ac31d3049e89d65b2e5,AY2000-2001,DL UNSUBSIDIZED | $ of Disbursements,unsubsidized_disbursements,True,1204,[]
direct_loans,2000-2001,2000,DL_AwardYr_Summary_AY2000_2001_All.xls,https://studentaid.gov/sites/default/files/DL_AwardYr_Summary_AY2000_2001_All.xls,ed9a2448dad7e19e9f00e1545c6a75788fde4781fdaa6ac31d3049e89d65b2e5,AY2000-2001,DL PLUS | Recipients,plus_recipients,True,1204,[]
direct_loans,2000-2001,2000,DL_AwardYr_Summary_AY2000_2001_All.xls,https://studentaid.gov/sites/default/files/DL_AwardYr_Summary_AY2000_2001_All.xls,ed9a2448dad7e19e9f00e1545c6a75788fde4781fdaa6ac31d3049e89d65b2e5,AY2000-2001,DL PLUS | # of Loans Originated,plus_loans_originated_n,True,1204,[]
direct_loans,2000-2001,2000,DL_AwardYr_Summary_AY2000_2001_All.xls,https://studentaid.gov/sites/default/files/DL_AwardYr_Summary_AY2000_2001_All.xls,ed9a2448dad7e19e9f00e1545c6a75788fde4781fdaa6ac31d3049e89d65b2e5,AY2000-2001,DL PLUS | $ of Loans Originated,plus_loans_originated_amt,True,1204,[]
direct_loans,2000-2001,2000,DL_AwardYr_Summary_AY2000_2001_All.xls,https://studentaid.gov/sites/default/files/DL_AwardYr_Summary_AY2000_2001_All.xls,ed9a2448dad7e19e9f00e1545c6a75788fde4781fdaa6ac31d3049e89d65b2e5,AY2000-2001,DL PLUS | # of Disbursements,plus_disbursements_n,True,1204,[]
direct_loans,2000-2001,2000,DL_AwardYr_Summary_AY2000_2001_All.xls,https://studentaid.gov/sites/default/files/DL_AwardYr_Summary_AY2000_2001_All.xls,ed9a2448dad7e19e9f00e1545c6a75788fde4781fdaa6ac31d3049e89d65b2e5,AY2000-2001,DL PLUS | $ of Disbursements,plus_disbursements,True,1204,[]
direct_loans,2001-2002,2001,DL_AwardYr_Summary_AY2001_2002_All.xls,https://studentaid.gov/sites/default/files/DL_AwardYr_Summary_AY2001_2002_All.xls,2cb8c3cca7251e593b87e1eca33a31341fe5535232f90aa718aae57db70b4e06,AY2001-2002,OPE ID,opeid8,True,1154,[]
direct_loans,2001-2002,2001,DL_AwardYr_Summary_AY2001_2002_All.xls,https://studentaid.gov/sites/default/files/DL_AwardYr_Summary_AY2001_2002_All.xls,2cb8c3cca7251e593b87e1eca33a31341fe5535232f90aa718aae57db70b4e06,AY2001-2002,School,school,True,1154,[]
direct_loans,2001-2002,2001,DL_AwardYr_Summary_AY2001_2002_All.xls,https://studentaid.gov/sites/default/files/DL_AwardYr_Summary_AY2001_2002_All.xls,2cb8c3cca7251e593b87e1eca33a31341fe5535232f90aa718aae57db70b4e06,AY2001-2002,State,state,True,1154,[]
direct_loans,2001-2002,2001,DL_AwardYr_Summary_AY2001_2002_All.xls,https://studentaid.gov/sites/default/files/DL_AwardYr_Summary_AY2001_2002_All.xls,2cb8c3cca7251e593b87e1eca33a31341fe5535232f90aa718aae57db70b4e06,AY2001-2002,Zip Code,zip_code,True,1154,[]
direct_loans,2001-2002,2001,DL_AwardYr_Summary_AY2001_2002_All.xls,https://studentaid.gov/sites/default/files/DL_AwardYr_Summary_AY2001_2002_All.xls,2cb8c3cca7251e593b87e1eca33a31341fe5535232f90aa718aae57db70b4e06,AY2001-2002,School Type,school_type,True,1154,[]
direct_loans,2001-2002,2001,DL_AwardYr_Summary_AY2001_2002_All.xls,https://studentaid.gov/sites/default/files/DL_AwardYr_Summary_AY2001_2002_All.xls,2cb8c3cca7251e593b87e1eca33a31341fe5535232f90aa718aae57db70b4e06,AY2001-2002,DL SUBSIDIZED | Recipients,subsidized_recipients,True,1154,[]
direct_loans,2001-2002,2001,DL_AwardYr_Summary_AY2001_2002_All.xls,https://studentaid.gov/sites/default/files/DL_AwardYr_Summary_AY2001_2002_All.xls,2cb8c3cca7251e593b87e1eca33a31341fe5535232f90aa718aae57db70b4e06,AY2001-2002,DL SUBSIDIZED | # of Loans Originated,subsidized_loans_originated_n,True,1154,[]
direct_loans,2001-2002,2001,DL_AwardYr_Summary_AY2001_2002_All.xls,https://studentaid.gov/sites/default/files/DL_AwardYr_Summary_AY2001_2002_All.xls,2cb8c3cca7251e593b87e1eca33a31341fe5535232f90aa718aae57db70b4e06,AY2001-2002,DL SUBSIDIZED | $ of Loans Originated,subsidized_loans_originated_amt,True,1154,[]
direct_loans,2001-2002,2001,DL_AwardYr_Summary_AY2001_2002_All.xls,https://studentaid.gov/sites/default/files/DL_AwardYr_Summary_AY2001_2002_All.xls,2cb8c3cca7251e593b87e1eca33a31341fe5535232f90aa718aae57db70b4e06,AY2001-2002,DL SUBSIDIZED | # of Disbursements,subsidized_disbursements_n,True,1154,[]
direct_loans,2001-2002,2001,DL_AwardYr_Summary_AY2001_2002_All.xls,https://studentaid.gov/sites/default/files/DL_AwardYr_Summary_AY2001_2002_All.xls,2cb8c3cca7251e593b87e1eca33a31341fe5535232f90aa718aae57db70b4e06,AY2001-2002,DL SUBSIDIZED | $ of Disbursements,subsidized_disbursements,True,1154,[]
direct_loans,2001-2002,2001,DL_AwardYr_Summary_AY2001_2002_All.xls,https://studentaid.gov/sites/default/files/DL_AwardYr_Summary_AY2001_2002_All.xls,2cb8c3cca7251e593b87e1eca33a31341fe5535232f90aa718aae57db70b4e06,AY2001-2002,DL UNSUBSIDIZED | Recipients,unsubsidized_recipients,True,1154,[]
direct_loans,2001-2002,2001,DL_AwardYr_Summary_AY2001_2002_All.xls,https://studentaid.gov/sites/default/files/DL_AwardYr_Summary_AY2001_2002_All.xls,2cb8c3cca7251e593b87e1eca33a31341fe5535232f90aa718aae57db70b4e06,AY2001-2002,DL UNSUBSIDIZED | # of Loans Originated,unsubsidized_loans_originated_n,True,1154,[]
direct_loans,2001-2002,2001,DL_AwardYr_Summary_AY2001_2002_All.xls,https://studentaid.gov/sites/default/files/DL_AwardYr_Summary_AY2001_2002_All.xls,2cb8c3cca7251e593b87e1eca33a31341fe5535232f90aa718aae57db70b4e06,AY2001-2002,DL UNSUBSIDIZED | $ of Loans Originated,unsubsidized_loans_originated_amt,True,1154,[]
direct_loans,2001-2002,2001,DL_AwardYr_Summary_AY2001_2002_All.xls,https://studentaid.gov/sites/default/files/DL_AwardYr_Summary_AY2001_2002_All.xls,2cb8c3cca7251e593b87e1eca33a31341fe5535232f90aa718aae57db70b4e06,AY2001-2002,DL UNSUBSIDIZED | # of Disbursements,unsubsidized_disbursements_n,True,1154,[]
direct_loans,2001-2002,2001,DL_AwardYr_Summary_AY2001_2002_All.xls,https://studentaid.gov/sites/default/files/DL_AwardYr_Summary_AY2001_2002_All.xls,2cb8c3cca7251e593b87e1eca33a31341fe5535232f90aa718aae57db70b4e06,AY2001-2002,DL UNSUBSIDIZED | $ of Disbursements,unsubsidized_disbursements,True,1154,[]
direct_loans,2001-2002,2001,DL_AwardYr_Summary_AY2001_2002_All.xls,https://studentaid.gov/sites/default/files/DL_AwardYr_Summary_AY2001_2002_All.xls,2cb8c3cca7251e593b87e1eca33a31341fe5535232f90aa718aae57db70b4e06,AY2001-2002,DL PLUS | Recipients,plus_recipients,True,1154,[]
direct_loans,2001-2002,2001,DL_AwardYr_Summary_AY2001_2002_All.xls,https://studentaid.gov/sites/default/files/DL_AwardYr_Summary_AY2001_2002_All.xls,2cb8c3cca7251e593b87e1eca33a31341fe5535232f90aa718aae57db70b4e06,AY2001-2002,DL PLUS | # of Loans Originated,plus_loans_originated_n,True,1154,[]
direct_loans,2001-2002,2001,DL_AwardYr_Summary_AY2001_2002_All.xls,https://studentaid.gov/sites/default/files/DL_AwardYr_Summary_AY2001_2002_All.xls,2cb8c3cca7251e593b87e1eca33a31341fe5535232f90aa718aae57db70b4e06,AY2001-2002,DL PLUS | $ of Loans Originated,plus_loans_originated_amt,True,1154,[]
direct_loans,2001-2002,2001,DL_AwardYr_Summary_AY2001_2002_All.xls,https://studentaid.gov/sites/default/files/DL_AwardYr_Summary_AY2001_2002_All.xls,2cb8c3cca7251e593b87e1eca33a31341fe5535232f90aa718aae57db70b4e06,AY2001-2002,DL PLUS | # of Disbursements,plus_disbursements_n,True,1154,[]
direct_loans,2001-2002,2001,DL_AwardYr_Summary_AY2001_2002_All.xls,https://studentaid.gov/sites/default/files/DL_AwardYr_Summary_AY2001_2002_All.xls,2cb8c3cca7251e593b87e1eca33a31341fe5535232f90aa718aae57db70b4e06,AY2001-2002,DL PLUS | $ of Disbursements,plus_disbursements,True,1154,[]
direct_loans,2002-2003,2002,DL_AwardYr_Summary_AY2002_2003_All.xls,https://studentaid.gov/sites/default/files/DL_AwardYr_Summary_AY2002_2003_All.xls,91ae07065950b1bad6f9ea8a5204228cbff7361fc534adcc43fe6413a78b7b02,AY2002-2003,OPE ID,opeid8,True,1114,[]
direct_loans,2002-2003,2002,DL_AwardYr_Summary_AY2002_2003_All.xls,https://studentaid.gov/sites/default/files/DL_AwardYr_Summary_AY2002_2003_All.xls,91ae07065950b1bad6f9ea8a5204228cbff7361fc534adcc43fe6413a78b7b02,AY2002-2003,School,school,True,1114,[]
direct_loans,2002-2003,2002,DL_AwardYr_Summary_AY2002_2003_All.xls,https://studentaid.gov/sites/default/files/DL_AwardYr_Summary_AY2002_2003_All.xls,91ae07065950b1bad6f9ea8a5204228cbff7361fc534adcc43fe6413a78b7b02,AY2002-2003,State,state,True,1114,[]
direct_loans,2002-2003,2002,DL_AwardYr_Summary_AY2002_2003_All.xls,https://studentaid.gov/sites/default/files/DL_AwardYr_Summary_AY2002_2003_All.xls,91ae07065950b1bad6f9ea8a5204228cbff7361fc534adcc43fe6413a78b7b02,AY2002-2003,Zip Code,zip_code,True,1114,[]
direct_loans,2002-2003,2002,DL_AwardYr_Summary_AY2002_2003_All.xls,https://studentaid.gov/sites/default/files/DL_AwardYr_Summary_AY2002_2003_All.xls,91ae07065950b1bad6f9ea8a5204228cbff7361fc534adcc43fe6413a78b7b02,AY2002-2003,School Type,school_type,True,1114,[]
direct_loans,2002-2003,2002,DL_AwardYr_Summary_AY2002_2003_All.xls,https://studentaid.gov/sites/default/files/DL_AwardYr_Summary_AY2002_2003_All.xls,91ae07065950b1bad6f9ea8a5204228cbff7361fc534adcc43fe6413a78b7b02,AY2002-2003,DL SUBSIDIZED | Recipients,subsidized_recipients,True,1114,[]
direct_loans,2002-2003,2002,DL_AwardYr_Summary_AY2002_2003_All.xls,https://studentaid.gov/sites/default/files/DL_AwardYr_Summary_AY2002_2003_All.xls,91ae07065950b1bad6f9ea8a5204228cbff7361fc534adcc43fe6413a78b7b02,AY2002-2003,DL SUBSIDIZED | # of Loans Originated,subsidized_loans_originated_n,True,1114,[]
direct_loans,2002-2003,2002,DL_AwardYr_Summary_AY2002_2003_All.xls,https://studentaid.gov/sites/default/files/DL_AwardYr_Summary_AY2002_2003_All.xls,91ae07065950b1bad6f9ea8a5204228cbff7361fc534adcc43fe6413a78b7b02,AY2002-2003,DL SUBSIDIZED | $ of Loans Originated,subsidized_loans_originated_amt,True,1114,[]
direct_loans,2002-2003,2002,DL_AwardYr_Summary_AY2002_2003_All.xls,https://studentaid.gov/sites/default/files/DL_AwardYr_Summary_AY2002_2003_All.xls,91ae07065950b1bad6f9ea8a5204228cbff7361fc534adcc43fe6413a78b7b02,AY2002-2003,DL SUBSIDIZED | # of Disbursements,subsidized_disbursements_n,True,1114,[]
direct_loans,2002-2003,2002,DL_AwardYr_Summary_AY2002_2003_All.xls,https://studentaid.gov/sites/default/files/DL_AwardYr_Summary_AY2002_2003_All.xls,91ae07065950b1bad6f9ea8a5204228cbff7361fc534adcc43fe6413a78b7b02,AY2002-2003,DL SUBSIDIZED | $ of Disbursements,subsidized_disbursements,True,1114,[]
direct_loans,2002-2003,2002,DL_AwardYr_Summary_AY2002_2003_All.xls,https://studentaid.gov/sites/default/files/DL_AwardYr_Summary_AY2002_2003_All.xls,91ae07065950b1bad6f9ea8a5204228cbff7361fc534adcc43fe6413a78b7b02,AY2002-2003,DL UNSUBSIDIZED | Recipients,unsubsidized_recipients,True,1114,[]
direct_loans,2002-2003,2002,DL_AwardYr_Summary_AY2002_2003_All.xls,https://studentaid.gov/sites/default/files/DL_AwardYr_Summary_AY2002_2003_All.xls,91ae07065950b1bad6f9ea8a5204228cbff7361fc534adcc43fe6413a78b7b02,AY2002-2003,DL UNSUBSIDIZED | # of Loans Originated,unsubsidized_loans_originated_n,True,1114,[]
direct_loans,2002-2003,2002,DL_AwardYr_Summary_AY2002_2003_All.xls,https://studentaid.gov/sites/default/files/DL_AwardYr_Summary_AY2002_2003_All.xls,91ae07065950b1bad6f9ea8a5204228cbff7361fc534adcc43fe6413a78b7b02,AY2002-2003,DL UNSUBSIDIZED | $ of Loans Originated,unsubsidized_loans_originated_amt,True,1114,[]
direct_loans,2002-2003,2002,DL_AwardYr_Summary_AY2002_2003_All.xls,https://studentaid.gov/sites/default/files/DL_AwardYr_Summary_AY2002_2003_All.xls,91ae07065950b1bad6f9ea8a5204228cbff7361fc534adcc43fe6413a78b7b02,AY2002-2003,DL UNSUBSIDIZED | # of Disbursements,unsubsidized_disbursements_n,True,1114,[]
direct_loans,2002-2003,2002,DL_AwardYr_Summary_AY2002_2003_All.xls,https://studentaid.gov/sites/default/files/DL_AwardYr_Summary_AY2002_2003_All.xls,91ae07065950b1bad6f9ea8a5204228cbff7361fc534adcc43fe6413a78b7b02,AY2002-2003,DL UNSUBSIDIZED | $ of Disbursements,unsubsidized_disbursements,True,1114,[]
direct_loans,2002-2003,2002,DL_AwardYr_Summary_AY2002_2003_All.xls,https://studentaid.gov/sites/default/files/DL_AwardYr_Summary_AY2002_2003_All.xls,91ae07065950b1bad6f9ea8a5204228cbff7361fc534adcc43fe6413a78b7b02,AY2002-2003,DL PLUS | Recipients,plus_recipients,True,1114,[]
direct_loans,2002-2003,2002,DL_AwardYr_Summary_AY2002_2003_All.xls,https://studentaid.gov/sites/default/files/DL_AwardYr_Summary_AY2002_2003_All.xls,91ae07065950b1bad6f9ea8a5204228cbff7361fc534adcc43fe6413a78b7b02,AY2002-2003,DL PLUS | # of Loans Originated,plus_loans_originated_n,True,1114,[]
direct_loans,2002-2003,2002,DL_AwardYr_Summary_AY2002_2003_All.xls,https://studentaid.gov/sites/default/files/DL_AwardYr_Summary_AY2002_2003_All.xls,91ae07065950b1bad6f9ea8a5204228cbff7361fc534adcc43fe6413a78b7b02,AY2002-2003,DL PLUS | $ of Loans Originated,plus_loans_originated_amt,True,1114,[]
direct_loans,2002-2003,2002,DL_AwardYr_Summary_AY2002_2003_All.xls,https://studentaid.gov/sites/default/files/DL_AwardYr_Summary_AY2002_2003_All.xls,91ae07065950b1bad6f9ea8a5204228cbff7361fc534adcc43fe6413a78b7b02,AY2002-2003,DL PLUS | # of Disbursements,plus_disbursements_n,True,1114,[]
direct_loans,2002-2003,2002,DL_AwardYr_Summary_AY2002_2003_All.xls,https://studentaid.gov/sites/default/files/DL_AwardYr_Summary_AY2002_2003_All.xls,91ae07065950b1bad6f9ea8a5204228cbff7361fc534adcc43fe6413a78b7b02,AY2002-2003,DL PLUS | $ of Disbursements,plus_disbursements,True,1114,[]
direct_loans,2003-2004,2003,DL_AwardYr_Summary_AY2003_2004_All.xls,https://studentaid.gov/sites/default/files/DL_AwardYr_Summary_AY2003_2004_All.xls,0923ae92236d3e21c730e03ed116df39d551bffc12db7c429ce7ceae5d6521e4,AY2003-2004,OPE ID,opeid8,True,1086,[]
direct_loans,2003-2004,2003,DL_AwardYr_Summary_AY2003_2004_All.xls,https://studentaid.gov/sites/default/files/DL_AwardYr_Summary_AY2003_2004_All.xls,0923ae92236d3e21c730e03ed116df39d551bffc12db7c429ce7ceae5d6521e4,AY2003-2004,School,school,True,1086,[]
direct_loans,2003-2004,2003,DL_AwardYr_Summary_AY2003_2004_All.xls,https://studentaid.gov/sites/default/files/DL_AwardYr_Summary_AY2003_2004_All.xls,0923ae92236d3e21c730e03ed116df39d551bffc12db7c429ce7ceae5d6521e4,AY2003-2004,State,state,True,1086,[]
direct_loans,2003-2004,2003,DL_AwardYr_Summary_AY2003_2004_All.xls,https://studentaid.gov/sites/default/files/DL_AwardYr_Summary_AY2003_2004_All.xls,0923ae92236d3e21c730e03ed116df39d551bffc12db7c429ce7ceae5d6521e4,AY2003-2004,Zip Code,zip_code,True,1086,[]
direct_loans,2003-2004,2003,DL_AwardYr_Summary_AY2003_2004_All.xls,https://studentaid.gov/sites/default/files/DL_AwardYr_Summary_AY2003_2004_All.xls,0923ae92236d3e21c730e03ed116df39d551bffc12db7c429ce7ceae5d6521e4,AY2003-2004,School Type,school_type,True,1086,[]
direct_loans,2003-2004,2003,DL_AwardYr_Summary_AY2003_2004_All.xls,https://studentaid.gov/sites/default/files/DL_AwardYr_Summary_AY2003_2004_All.xls,0923ae92236d3e21c730e03ed116df39d551bffc12db7c429ce7ceae5d6521e4,AY2003-2004,DL SUBSIDIZED | Recipients,subsidized_recipients,True,1086,[]
direct_loans,2003-2004,2003,DL_AwardYr_Summary_AY2003_2004_All.xls,https://studentaid.gov/sites/default/files/DL_AwardYr_Summary_AY2003_2004_All.xls,0923ae92236d3e21c730e03ed116df39d551bffc12db7c429ce7ceae5d6521e4,AY2003-2004,DL SUBSIDIZED | # of Loans Originated,subsidized_loans_originated_n,True,1086,[]
direct_loans,2003-2004,2003,DL_AwardYr_Summary_AY2003_2004_All.xls,https://studentaid.gov/sites/default/files/DL_AwardYr_Summary_AY2003_2004_All.xls,0923ae92236d3e21c730e03ed116df39d551bffc12db7c429ce7ceae5d6521e4,AY2003-2004,DL SUBSIDIZED | $ of Loans Originated,subsidized_loans_originated_amt,True,1086,[]
direct_loans,2003-2004,2003,DL_AwardYr_Summary_AY2003_2004_All.xls,https://studentaid.gov/sites/default/files/DL_AwardYr_Summary_AY2003_2004_All.xls,0923ae92236d3e21c730e03ed116df39d551bffc12db7c429ce7ceae5d6521e4,AY2003-2004,DL SUBSIDIZED | # of Disbursements,subsidized_disbursements_n,True,1086,[]
direct_loans,2003-2004,2003,DL_AwardYr_Summary_AY2003_2004_All.xls,https://studentaid.gov/sites/default/files/DL_AwardYr_Summary_AY2003_2004_All.xls,0923ae92236d3e21c730e03ed116df39d551bffc12db7c429ce7ceae5d6521e4,AY2003-2004,DL SUBSIDIZED | $ of Disbursements,subsidized_disbursements,True,1086,[]
direct_loans,2003-2004,2003,DL_AwardYr_Summary_AY2003_2004_All.xls,https://studentaid.gov/sites/default/files/DL_AwardYr_Summary_AY2003_2004_All.xls,0923ae92236d3e21c730e03ed116df39d551bffc12db7c429ce7ceae5d6521e4,AY2003-2004,DL UNSUBSIDIZED | Recipients,unsubsidized_recipients,True,1086,[]
direct_loans,2003-2004,2003,DL_AwardYr_Summary_AY2003_2004_All.xls,https://studentaid.gov/sites/default/files/DL_AwardYr_Summary_AY2003_2004_All.xls,0923ae92236d3e21c730e03ed116df39d551bffc12db7c429ce7ceae5d6521e4,AY2003-2004,DL UNSUBSIDIZED | # of Loans Originated,unsubsidized_loans_originated_n,True,1086,[]
direct_loans,2003-2004,2003,DL_AwardYr_Summary_AY2003_2004_All.xls,https://studentaid.gov/sites/default/files/DL_AwardYr_Summary_AY2003_2004_All.xls,0923ae92236d3e21c730e03ed116df39d551bffc12db7c429ce7ceae5d6521e4,AY2003-2004,DL UNSUBSIDIZED | $ of Loans Originated,unsubsidized_loans_originated_amt,True,1086,[]
direct_loans,2003-2004,2003,DL_AwardYr_Summary_AY2003_2004_All.xls,https://studentaid.gov/sites/default/files/DL_AwardYr_Summary_AY2003_2004_All.xls,0923ae92236d3e21c730e03ed116df39d551bffc12db7c429ce7ceae5d6521e4,AY2003-2004,DL UNSUBSIDIZED | # of Disbursements,unsubsidized_disbursements_n,True,1086,[]
direct_loans,2003-2004,2003,DL_AwardYr_Summary_AY2003_2004_All.xls,https://studentaid.gov/sites/default/files/DL_AwardYr_Summary_AY2003_2004_All.xls,0923ae92236d3e21c730e03ed116df39d551bffc12db7c429ce7ceae5d6521e4,AY2003-2004,DL UNSUBSIDIZED | $ of Disbursements,unsubsidized_disbursements,True,1086,[]
direct_loans,2003-2004,2003,DL_AwardYr_Summary_AY2003_2004_All.xls,https://studentaid.gov/sites/default/files/DL_AwardYr_Summary_AY2003_2004_All.xls,0923ae92236d3e21c730e03ed116df39d551bffc12db7c429ce7ceae5d6521e4,AY2003-2004,DL PLUS | Recipients,plus_recipients,True,1086,[]
direct_loans,2003-2004,2003,DL_AwardYr_Summary_AY2003_2004_All.xls,https://studentaid.gov/sites/default/files/DL_AwardYr_Summary_AY2003_2004_All.xls,0923ae92236d3e21c730e03ed116df39d551bffc12db7c429ce7ceae5d6521e4,AY2003-2004,DL PLUS | # of Loans Originated,plus_loans_originated_n,True,1086,[]
direct_loans,2003-2004,2003,DL_AwardYr_Summary_AY2003_2004_All.xls,https://studentaid.gov/sites/default/files/DL_AwardYr_Summary_AY2003_2004_All.xls,0923ae92236d3e21c730e03ed116df39d551bffc12db7c429ce7ceae5d6521e4,AY2003-2004,DL PLUS | $ of Loans Originated,plus_loans_originated_amt,True,1086,[]
direct_loans,2003-2004,2003,DL_AwardYr_Summary_AY2003_2004_All.xls,https://studentaid.gov/sites/default/files/DL_AwardYr_Summary_AY2003_2004_All.xls,0923ae92236d3e21c730e03ed116df39d551bffc12db7c429ce7ceae5d6521e4,AY2003-2004,DL PLUS | # of Disbursements,plus_disbursements_n,True,1086,[]
direct_loans,2003-2004,2003,DL_AwardYr_Summary_AY2003_2004_All.xls,https://studentaid.gov/sites/default/files/DL_AwardYr_Summary_AY2003_2004_All.xls,0923ae92236d3e21c730e03ed116df39d551bffc12db7c429ce7ceae5d6521e4,AY2003-2004,DL PLUS | $ of Disbursements,plus_disbursements,True,1086,[]
direct_loans,2004-2005,2004,DL_AwardYr_Summary_AY2004_2005_All.xls,https://studentaid.gov/sites/default/files/DL_AwardYr_Summary_AY2004_2005_All.xls,a2efcf127f20be15593d7c4d79b944a2e6766c2f2c581c474227f308322f877f,AY2004-2005,OPE ID,opeid8,True,1082,[]
direct_loans,2004-2005,2004,DL_AwardYr_Summary_AY2004_2005_All.xls,https://studentaid.gov/sites/default/files/DL_AwardYr_Summary_AY2004_2005_All.xls,a2efcf127f20be15593d7c4d79b944a2e6766c2f2c581c474227f308322f877f,AY2004-2005,School,school,True,1082,[]
direct_loans,2004-2005,2004,DL_AwardYr_Summary_AY2004_2005_All.xls,https://studentaid.gov/sites/default/files/DL_AwardYr_Summary_AY2004_2005_All.xls,a2efcf127f20be15593d7c4d79b944a2e6766c2f2c581c474227f308322f877f,AY2004-2005,State,state,True,1082,[]
direct_loans,2004-2005,2004,DL_AwardYr_Summary_AY2004_2005_All.xls,https://studentaid.gov/sites/default/files/DL_AwardYr_Summary_AY2004_2005_All.xls,a2efcf127f20be15593d7c4d79b944a2e6766c2f2c581c474227f308322f877f,AY2004-2005,Zip Code,zip_code,True,1082,[]
direct_loans,2004-2005,2004,DL_AwardYr_Summary_AY2004_2005_All.xls,https://studentaid.gov/sites/default/files/DL_AwardYr_Summary_AY2004_2005_All.xls,a2efcf127f20be15593d7c4d79b944a2e6766c2f2c581c474227f308322f877f,AY2004-2005,School Type,school_type,True,1082,[]
direct_loans,2004-2005,2004,DL_AwardYr_Summary_AY2004_2005_All.xls,https://studentaid.gov/sites/default/files/DL_AwardYr_Summary_AY2004_2005_All.xls,a2efcf127f20be15593d7c4d79b944a2e6766c2f2c581c474227f308322f877f,AY2004-2005,DL SUBSIDIZED | Recipients,subsidized_recipients,True,1082,[]
direct_loans,2004-2005,2004,DL_AwardYr_Summary_AY2004_2005_All.xls,https://studentaid.gov/sites/default/files/DL_AwardYr_Summary_AY2004_2005_All.xls,a2efcf127f20be15593d7c4d79b944a2e6766c2f2c581c474227f308322f877f,AY2004-2005,DL SUBSIDIZED | # of Loans Originated,subsidized_loans_originated_n,True,1082,[]
direct_loans,2004-2005,2004,DL_AwardYr_Summary_AY2004_2005_All.xls,https://studentaid.gov/sites/default/files/DL_AwardYr_Summary_AY2004_2005_All.xls,a2efcf127f20be15593d7c4d79b944a2e6766c2f2c581c474227f308322f877f,AY2004-2005,DL SUBSIDIZED | $ of Loans Originated,subsidized_loans_originated_amt,True,1082,[]
direct_loans,2004-2005,2004,DL_AwardYr_Summary_AY2004_2005_All.xls,https://studentaid.gov/sites/default/files/DL_AwardYr_Summary_AY2004_2005_All.xls,a2efcf127f20be15593d7c4d79b944a2e6766c2f2c581c474227f308322f877f,AY2004-2005,DL SUBSIDIZED | # of Disbursements,subsidized_disbursements_n,True,1082,[]
direct_loans,2004-2005,2004,DL_AwardYr_Summary_AY2004_2005_All.xls,https://studentaid.gov/sites/default/files/DL_AwardYr_Summary_AY2004_2005_All.xls,a2efcf127f20be15593d7c4d79b944a2e6766c2f2c581c474227f308322f877f,AY2004-2005,DL SUBSIDIZED | $ of Disbursements,subsidized_disbursements,True,1082,[]
direct_loans,2004-2005,2004,DL_AwardYr_Summary_AY2004_2005_All.xls,https://studentaid.gov/sites/default/files/DL_AwardYr_Summary_AY2004_2005_All.xls,a2efcf127f20be15593d7c4d79b944a2e6766c2f2c581c474227f308322f877f,AY2004-2005,DL UNSUBSIDIZED | Recipients,unsubsidized_recipients,True,1082,[]
direct_loans,2004-2005,2004,DL_AwardYr_Summary_AY2004_2005_All.xls,https://studentaid.gov/sites/default/files/DL_AwardYr_Summary_AY2004_2005_All.xls,a2efcf127f20be15593d7c4d79b944a2e6766c2f2c581c474227f308322f877f,AY2004-2005,DL UNSUBSIDIZED | # of Loans Originated,unsubsidized_loans_originated_n,True,1082,[]
direct_loans,2004-2005,2004,DL_AwardYr_Summary_AY2004_2005_All.xls,https://studentaid.gov/sites/default/files/DL_AwardYr_Summary_AY2004_2005_All.xls,a2efcf127f20be15593d7c4d79b944a2e6766c2f2c581c474227f308322f877f,AY2004-2005,DL UNSUBSIDIZED | $ of Loans Originated,unsubsidized_loans_originated_amt,True,1082,[]
direct_loans,2004-2005,2004,DL_AwardYr_Summary_AY2004_2005_All.xls,https://studentaid.gov/sites/default/files/DL_AwardYr_Summary_AY2004_2005_All.xls,a2efcf127f20be15593d7c4d79b944a2e6766c2f2c581c474227f308322f877f,AY2004-2005,DL UNSUBSIDIZED | # of Disbursements,unsubsidized_disbursements_n,True,1082,[]
direct_loans,2004-2005,2004,DL_AwardYr_Summary_AY2004_2005_All.xls,https://studentaid.gov/sites/default/files/DL_AwardYr_Summary_AY2004_2005_All.xls,a2efcf127f20be15593d7c4d79b944a2e6766c2f2c581c474227f308322f877f,AY2004-2005,DL UNSUBSIDIZED | $ of Disbursements,unsubsidized_disbursements,True,1082,[]
direct_loans,2004-2005,2004,DL_AwardYr_Summary_AY2004_2005_All.xls,https://studentaid.gov/sites/default/files/DL_AwardYr_Summary_AY2004_2005_All.xls,a2efcf127f20be15593d7c4d79b944a2e6766c2f2c581c474227f308322f877f,AY2004-2005,DL PLUS | Recipients,plus_recipients,True,1082,[]
direct_loans,2004-2005,2004,DL_AwardYr_Summary_AY2004_2005_All.xls,https://studentaid.gov/sites/default/files/DL_AwardYr_Summary_AY2004_2005_All.xls,a2efcf127f20be15593d7c4d79b944a2e6766c2f2c581c474227f308322f877f,AY2004-2005,DL PLUS | # of Loans Originated,plus_loans_originated_n,True,1082,[]
direct_loans,2004-2005,2004,DL_AwardYr_Summary_AY2004_2005_All.xls,https://studentaid.gov/sites/default/files/DL_AwardYr_Summary_AY2004_2005_All.xls,a2efcf127f20be15593d7c4d79b944a2e6766c2f2c581c474227f308322f877f,AY2004-2005,DL PLUS | $ of Loans Originated,plus_loans_originated_amt,True,1082,[]
direct_loans,2004-2005,2004,DL_AwardYr_Summary_AY2004_2005_All.xls,https://studentaid.gov/sites/default/files/DL_AwardYr_Summary_AY2004_2005_All.xls,a2efcf127f20be15593d7c4d79b944a2e6766c2f2c581c474227f308322f877f,AY2004-2005,DL PLUS | # of Disbursements,plus_disbursements_n,True,1082,[]
direct_loans,2004-2005,2004,DL_AwardYr_Summary_AY2004_2005_All.xls,https://studentaid.gov/sites/default/files/DL_AwardYr_Summary_AY2004_2005_All.xls,a2efcf127f20be15593d7c4d79b944a2e6766c2f2c581c474227f308322f877f,AY2004-2005,DL PLUS | $ of Disbursements,plus_disbursements,True,1082,[]
direct_loans,2005-2006,2005,DL_AwardYr_Summary_AY2005_2006_All.xls,https://studentaid.gov/sites/default/files/DL_AwardYr_Summary_AY2005_2006_All.xls,6f1a48c1baad7b425eb991b0cd4086c2c771d6dfb8198a8be6d77ee56d9a16f0,AY2005-2006,OPE ID,opeid8,True,1077,[]
direct_loans,2005-2006,2005,DL_AwardYr_Summary_AY2005_2006_All.xls,https://studentaid.gov/sites/default/files/DL_AwardYr_Summary_AY2005_2006_All.xls,6f1a48c1baad7b425eb991b0cd4086c2c771d6dfb8198a8be6d77ee56d9a16f0,AY2005-2006,School,school,True,1077,[]
direct_loans,2005-2006,2005,DL_AwardYr_Summary_AY2005_2006_All.xls,https://studentaid.gov/sites/default/files/DL_AwardYr_Summary_AY2005_2006_All.xls,6f1a48c1baad7b425eb991b0cd4086c2c771d6dfb8198a8be6d77ee56d9a16f0,AY2005-2006,State,state,True,1077,[]
direct_loans,2005-2006,2005,DL_AwardYr_Summary_AY2005_2006_All.xls,https://studentaid.gov/sites/default/files/DL_AwardYr_Summary_AY2005_2006_All.xls,6f1a48c1baad7b425eb991b0cd4086c2c771d6dfb8198a8be6d77ee56d9a16f0,AY2005-2006,Zip Code,zip_code,True,1077,[]
direct_loans,2005-2006,2005,DL_AwardYr_Summary_AY2005_2006_All.xls,https://studentaid.gov/sites/default/files/DL_AwardYr_Summary_AY2005_2006_All.xls,6f1a48c1baad7b425eb991b0cd4086c2c771d6dfb8198a8be6d77ee56d9a16f0,AY2005-2006,School Type,school_type,True,1077,[]
direct_loans,2005-2006,2005,DL_AwardYr_Summary_AY2005_2006_All.xls,https://studentaid.gov/sites/default/files/DL_AwardYr_Summary_AY2005_2006_All.xls,6f1a48c1baad7b425eb991b0cd4086c2c771d6dfb8198a8be6d77ee56d9a16f0,AY2005-2006,DL SUBSIDIZED | Recipients,subsidized_recipients,True,1077,[]
direct_loans,2005-2006,2005,DL_AwardYr_Summary_AY2005_2006_All.xls,https://studentaid.gov/sites/default/files/DL_AwardYr_Summary_AY2005_2006_All.xls,6f1a48c1baad7b425eb991b0cd4086c2c771d6dfb8198a8be6d77ee56d9a16f0,AY2005-2006,DL SUBSIDIZED | # of Loans Originated,subsidized_loans_originated_n,True,1077,[]
direct_loans,2005-2006,2005,DL_AwardYr_Summary_AY2005_2006_All.xls,https://studentaid.gov/sites/default/files/DL_AwardYr_Summary_AY2005_2006_All.xls,6f1a48c1baad7b425eb991b0cd4086c2c771d6dfb8198a8be6d77ee56d9a16f0,AY2005-2006,DL SUBSIDIZED | $ of Loans Originated,subsidized_loans_originated_amt,True,1077,[]
direct_loans,2005-2006,2005,DL_AwardYr_Summary_AY2005_2006_All.xls,https://studentaid.gov/sites/default/files/DL_AwardYr_Summary_AY2005_2006_All.xls,6f1a48c1baad7b425eb991b0cd4086c2c771d6dfb8198a8be6d77ee56d9a16f0,AY2005-2006,DL SUBSIDIZED | # of Disbursements,subsidized_disbursements_n,True,1077,[]
direct_loans,2005-2006,2005,DL_AwardYr_Summary_AY2005_2006_All.xls,https://studentaid.gov/sites/default/files/DL_AwardYr_Summary_AY2005_2006_All.xls,6f1a48c1baad7b425eb991b0cd4086c2c771d6dfb8198a8be6d77ee56d9a16f0,AY2005-2006,DL SUBSIDIZED | $ of Disbursements,subsidized_disbursements,True,1077,[]
direct_loans,2005-2006,2005,DL_AwardYr_Summary_AY2005_2006_All.xls,https://studentaid.gov/sites/default/files/DL_AwardYr_Summary_AY2005_2006_All.xls,6f1a48c1baad7b425eb991b0cd4086c2c771d6dfb8198a8be6d77ee56d9a16f0,AY2005-2006,DL UNSUBSIDIZED | Recipients,unsubsidized_recipients,True,1077,[]
direct_loans,2005-2006,2005,DL_AwardYr_Summary_AY2005_2006_All.xls,https://studentaid.gov/sites/default/files/DL_AwardYr_Summary_AY2005_2006_All.xls,6f1a48c1baad7b425eb991b0cd4086c2c771d6dfb8198a8be6d77ee56d9a16f0,AY2005-2006,DL UNSUBSIDIZED | # of Loans Originated,unsubsidized_loans_originated_n,True,1077,[]
direct_loans,2005-2006,2005,DL_AwardYr_Summary_AY2005_2006_All.xls,https://studentaid.gov/sites/default/files/DL_AwardYr_Summary_AY2005_2006_All.xls,6f1a48c1baad7b425eb991b0cd4086c2c771d6dfb8198a8be6d77ee56d9a16f0,AY2005-2006,DL UNSUBSIDIZED | $ of Loans Originated,unsubsidized_loans_originated_amt,True,1077,[]
direct_loans,2005-2006,2005,DL_AwardYr_Summary_AY2005_2006_All.xls,https://studentaid.gov/sites/default/files/DL_AwardYr_Summary_AY2005_2006_All.xls,6f1a48c1baad7b425eb991b0cd4086c2c771d6dfb8198a8be6d77ee56d9a16f0,AY2005-2006,DL UNSUBSIDIZED | # of Disbursements,unsubsidized_disbursements_n,True,1077,[]
direct_loans,2005-2006,2005,DL_AwardYr_Summary_AY2005_2006_All.xls,https://studentaid.gov/sites/default/files/DL_AwardYr_Summary_AY2005_2006_All.xls,6f1a48c1baad7b425eb991b0cd4086c2c771d6dfb8198a8be6d77ee56d9a16f0,AY2005-2006,DL UNSUBSIDIZED | $ of Disbursements,unsubsidized_disbursements,True,1077,[]
direct_loans,2005-2006,2005,DL_AwardYr_Summary_AY2005_2006_All.xls,https://studentaid.gov/sites/default/files/DL_AwardYr_Summary_AY2005_2006_All.xls,6f1a48c1baad7b425eb991b0cd4086c2c771d6dfb8198a8be6d77ee56d9a16f0,AY2005-2006,DL PLUS | Recipients,plus_recipients,True,1077,[]
direct_loans,2005-2006,2005,DL_AwardYr_Summary_AY2005_2006_All.xls,https://studentaid.gov/sites/default/files/DL_AwardYr_Summary_AY2005_2006_All.xls,6f1a48c1baad7b425eb991b0cd4086c2c771d6dfb8198a8be6d77ee56d9a16f0,AY2005-2006,DL PLUS | # of Loans Originated,plus_loans_originated_n,True,1077,[]
direct_loans,2005-2006,2005,DL_AwardYr_Summary_AY2005_2006_All.xls,https://studentaid.gov/sites/default/files/DL_AwardYr_Summary_AY2005_2006_All.xls,6f1a48c1baad7b425eb991b0cd4086c2c771d6dfb8198a8be6d77ee56d9a16f0,AY2005-2006,DL PLUS | $ of Loans Originated,plus_loans_originated_amt,True,1077,[]
direct_loans,2005-2006,2005,DL_AwardYr_Summary_AY2005_2006_All.xls,https://studentaid.gov/sites/default/files/DL_AwardYr_Summary_AY2005_2006_All.xls,6f1a48c1baad7b425eb991b0cd4086c2c771d6dfb8198a8be6d77ee56d9a16f0,AY2005-2006,DL PLUS | # of Disbursements,plus_disbursements_n,True,1077,[]
direct_loans,2005-2006,2005,DL_AwardYr_Summary_AY2005_2006_All.xls,https://studentaid.gov/sites/default/files/DL_AwardYr_Summary_AY2005_2006_All.xls,6f1a48c1baad7b425eb991b0cd4086c2c771d6dfb8198a8be6d77ee56d9a16f0,AY2005-2006,DL PLUS | $ of Disbursements,plus_disbursements,True,1077,[]
direct_loans,2005-2006,2005,DL_AwardYr_Summary_AY2005_2006_All.xls,https://studentaid.gov/sites/default/files/DL_AwardYr_Summary_AY2005_2006_All.xls,6f1a48c1baad7b425eb991b0cd4086c2c771d6dfb8198a8be6d77ee56d9a16f0,AY2005-2006,DL GRAD PLUS | Recipients,grad_plus_recipients,True,1077,[]
direct_loans,2005-2006,2005,DL_AwardYr_Summary_AY2005_2006_All.xls,https://studentaid.gov/sites/default/files/DL_AwardYr_Summary_AY2005_2006_All.xls,6f1a48c1baad7b425eb991b0cd4086c2c771d6dfb8198a8be6d77ee56d9a16f0,AY2005-2006,DL GRAD PLUS | # of Loans Originated,grad_plus_loans_originated_n,True,1077,[]
direct_loans,2005-2006,2005,DL_AwardYr_Summary_AY2005_2006_All.xls,https://studentaid.gov/sites/default/files/DL_AwardYr_Summary_AY2005_2006_All.xls,6f1a48c1baad7b425eb991b0cd4086c2c771d6dfb8198a8be6d77ee56d9a16f0,AY2005-2006,DL GRAD PLUS | $ of Loans Originated,grad_plus_loans_originated_amt,True,1077,[]
direct_loans,2005-2006,2005,DL_AwardYr_Summary_AY2005_2006_All.xls,https://studentaid.gov/sites/default/files/DL_AwardYr_Summary_AY2005_2006_All.xls,6f1a48c1baad7b425eb991b0cd4086c2c771d6dfb8198a8be6d77ee56d9a16f0,AY2005-2006,DL GRAD PLUS | # of Disbursements,grad_plus_disbursements_n,True,1077,[]
direct_loans,2005-2006,2005,DL_AwardYr_Summary_AY2005_2006_All.xls,https://studentaid.gov/sites/default/files/DL_AwardYr_Summary_AY2005_2006_All.xls,6f1a48c1baad7b425eb991b0cd4086c2c771d6dfb8198a8be6d77ee56d9a16f0,AY2005-2006,DL GRAD PLUS | $ of Disbursements,grad_plus_disbursements,True,1077,[]
direct_loans,2006-2007,2006,DL_Dashboard_AY2006_2007_Q4.xls,https://studentaid.gov/sites/default/files/DL_Dashboard_AY2006_2007_Q4.xls,efeb18e1c76363b03b28477cebf34de6acc3e80002b600c1291e789a2f3b3c41,Award Year Summary,OPE ID,opeid8,True,1086,[]
direct_loans,2006-2007,2006,DL_Dashboard_AY2006_2007_Q4.xls,https://studentaid.gov/sites/default/files/DL_Dashboard_AY2006_2007_Q4.xls,efeb18e1c76363b03b28477cebf34de6acc3e80002b600c1291e789a2f3b3c41,Award Year Summary,School,school,True,1086,[]
direct_loans,2006-2007,2006,DL_Dashboard_AY2006_2007_Q4.xls,https://studentaid.gov/sites/default/files/DL_Dashboard_AY2006_2007_Q4.xls,efeb18e1c76363b03b28477cebf34de6acc3e80002b600c1291e789a2f3b3c41,Award Year Summary,State,state,True,1086,[]
direct_loans,2006-2007,2006,DL_Dashboard_AY2006_2007_Q4.xls,https://studentaid.gov/sites/default/files/DL_Dashboard_AY2006_2007_Q4.xls,efeb18e1c76363b03b28477cebf34de6acc3e80002b600c1291e789a2f3b3c41,Award Year Summary,Zip Code,zip_code,True,1086,[]
direct_loans,2006-2007,2006,DL_Dashboard_AY2006_2007_Q4.xls,https://studentaid.gov/sites/default/files/DL_Dashboard_AY2006_2007_Q4.xls,efeb18e1c76363b03b28477cebf34de6acc3e80002b600c1291e789a2f3b3c41,Award Year Summary,School Type,school_type,True,1086,[]
direct_loans,2006-2007,2006,DL_Dashboard_AY2006_2007_Q4.xls,https://studentaid.gov/sites/default/files/DL_Dashboard_AY2006_2007_Q4.xls,efeb18e1c76363b03b28477cebf34de6acc3e80002b600c1291e789a2f3b3c41,Award Year Summary,DL SUBSIDIZED | Recipients,subsidized_recipients,True,1086,[]
direct_loans,2006-2007,2006,DL_Dashboard_AY2006_2007_Q4.xls,https://studentaid.gov/sites/default/files/DL_Dashboard_AY2006_2007_Q4.xls,efeb18e1c76363b03b28477cebf34de6acc3e80002b600c1291e789a2f3b3c41,Award Year Summary,DL SUBSIDIZED | # of Loans Originated,subsidized_loans_originated_n,True,1086,[]
direct_loans,2006-2007,2006,DL_Dashboard_AY2006_2007_Q4.xls,https://studentaid.gov/sites/default/files/DL_Dashboard_AY2006_2007_Q4.xls,efeb18e1c76363b03b28477cebf34de6acc3e80002b600c1291e789a2f3b3c41,Award Year Summary,DL SUBSIDIZED | $ of Loans Originated,subsidized_loans_originated_amt,True,1086,[]
direct_loans,2006-2007,2006,DL_Dashboard_AY2006_2007_Q4.xls,https://studentaid.gov/sites/default/files/DL_Dashboard_AY2006_2007_Q4.xls,efeb18e1c76363b03b28477cebf34de6acc3e80002b600c1291e789a2f3b3c41,Award Year Summary,DL SUBSIDIZED | # of Disbursements,subsidized_disbursements_n,True,1086,[]
direct_loans,2006-2007,2006,DL_Dashboard_AY2006_2007_Q4.xls,https://studentaid.gov/sites/default/files/DL_Dashboard_AY2006_2007_Q4.xls,efeb18e1c76363b03b28477cebf34de6acc3e80002b600c1291e789a2f3b3c41,Award Year Summary,DL SUBSIDIZED | $ of Disbursements,subsidized_disbursements,True,1086,[]
direct_loans,2006-2007,2006,DL_Dashboard_AY2006_2007_Q4.xls,https://studentaid.gov/sites/default/files/DL_Dashboard_AY2006_2007_Q4.xls,efeb18e1c76363b03b28477cebf34de6acc3e80002b600c1291e789a2f3b3c41,Award Year Summary,DL UNSUBSIDIZED | Recipients,unsubsidized_recipients,True,1086,[]
direct_loans,2006-2007,2006,DL_Dashboard_AY2006_2007_Q4.xls,https://studentaid.gov/sites/default/files/DL_Dashboard_AY2006_2007_Q4.xls,efeb18e1c76363b03b28477cebf34de6acc3e80002b600c1291e789a2f3b3c41,Award Year Summary,DL UNSUBSIDIZED | # of Loans Originated,unsubsidized_loans_originated_n,True,1086,[]
direct_loans,2006-2007,2006,DL_Dashboard_AY2006_2007_Q4.xls,https://studentaid.gov/sites/default/files/DL_Dashboard_AY2006_2007_Q4.xls,efeb18e1c76363b03b28477cebf34de6acc3e80002b600c1291e789a2f3b3c41,Award Year Summary,DL UNSUBSIDIZED | $ of Loans Originated,unsubsidized_loans_originated_amt,True,1086,[]
direct_loans,2006-2007,2006,DL_Dashboard_AY2006_2007_Q4.xls,https://studentaid.gov/sites/default/files/DL_Dashboard_AY2006_2007_Q4.xls,efeb18e1c76363b03b28477cebf34de6acc3e80002b600c1291e789a2f3b3c41,Award Year Summary,DL UNSUBSIDIZED | # of Disbursements,unsubsidized_disbursements_n,True,1086,[]
direct_loans,2006-2007,2006,DL_Dashboard_AY2006_2007_Q4.xls,https://studentaid.gov/sites/default/files/DL_Dashboard_AY2006_2007_Q4.xls,efeb18e1c76363b03b28477cebf34de6acc3e80002b600c1291e789a2f3b3c41,Award Year Summary,DL UNSUBSIDIZED | $ of Disbursements,unsubsidized_disbursements,True,1086,[]
direct_loans,2006-2007,2006,DL_Dashboard_AY2006_2007_Q4.xls,https://studentaid.gov/sites/default/files/DL_Dashboard_AY2006_2007_Q4.xls,efeb18e1c76363b03b28477cebf34de6acc3e80002b600c1291e789a2f3b3c41,Award Year Summary,DL PARENT PLUS | Recipients,parent_plus_recipients,True,1086,[]
direct_loans,2006-2007,2006,DL_Dashboard_AY2006_2007_Q4.xls,https://studentaid.gov/sites/default/files/DL_Dashboard_AY2006_2007_Q4.xls,efeb18e1c76363b03b28477cebf34de6acc3e80002b600c1291e789a2f3b3c41,Award Year Summary,DL PARENT PLUS | # of Loans Originated,parent_plus_loans_originated_n,True,1086,[]
direct_loans,2006-2007,2006,DL_Dashboard_AY2006_2007_Q4.xls,https://studentaid.gov/sites/default/files/DL_Dashboard_AY2006_2007_Q4.xls,efeb18e1c76363b03b28477cebf34de6acc3e80002b600c1291e789a2f3b3c41,Award Year Summary,DL PARENT PLUS | $ of Loans Originated,parent_plus_loans_originated_amt,True,1086,[]
direct_loans,2006-2007,2006,DL_Dashboard_AY2006_2007_Q4.xls,https://studentaid.gov/sites/default/files/DL_Dashboard_AY2006_2007_Q4.xls,efeb18e1c76363b03b28477cebf34de6acc3e80002b600c1291e789a2f3b3c41,Award Year Summary,DL PARENT PLUS | # of Disbursements,parent_plus_disbursements_n,True,1086,[]
direct_loans,2006-2007,2006,DL_Dashboard_AY2006_2007_Q4.xls,https://studentaid.gov/sites/default/files/DL_Dashboard_AY2006_2007_Q4.xls,efeb18e1c76363b03b28477cebf34de6acc3e80002b600c1291e789a2f3b3c41,Award Year Summary,DL PARENT PLUS | $ of Disbursements,parent_plus_disbursements,True,1086,[]
direct_loans,2006-2007,2006,DL_Dashboard_AY2006_2007_Q4.xls,https://studentaid.gov/sites/default/files/DL_Dashboard_AY2006_2007_Q4.xls,efeb18e1c76363b03b28477cebf34de6acc3e80002b600c1291e789a2f3b3c41,Award Year Summary,DL GRAD PLUS | Recipients,grad_plus_recipients,True,1086,[]
direct_loans,2006-2007,2006,DL_Dashboard_AY2006_2007_Q4.xls,https://studentaid.gov/sites/default/files/DL_Dashboard_AY2006_2007_Q4.xls,efeb18e1c76363b03b28477cebf34de6acc3e80002b600c1291e789a2f3b3c41,Award Year Summary,DL GRAD PLUS | # of Loans Originated,grad_plus_loans_originated_n,True,1086,[]
direct_loans,2006-2007,2006,DL_Dashboard_AY2006_2007_Q4.xls,https://studentaid.gov/sites/default/files/DL_Dashboard_AY2006_2007_Q4.xls,efeb18e1c76363b03b28477cebf34de6acc3e80002b600c1291e789a2f3b3c41,Award Year Summary,DL GRAD PLUS | $ of Loans Originated,grad_plus_loans_originated_amt,True,1086,[]
direct_loans,2006-2007,2006,DL_Dashboard_AY2006_2007_Q4.xls,https://studentaid.gov/sites/default/files/DL_Dashboard_AY2006_2007_Q4.xls,efeb18e1c76363b03b28477cebf34de6acc3e80002b600c1291e789a2f3b3c41,Award Year Summary,DL GRAD PLUS | # of Disbursements,grad_plus_disbursements_n,True,1086,[]
direct_loans,2006-2007,2006,DL_Dashboard_AY2006_2007_Q4.xls,https://studentaid.gov/sites/default/files/DL_Dashboard_AY2006_2007_Q4.xls,efeb18e1c76363b03b28477cebf34de6acc3e80002b600c1291e789a2f3b3c41,Award Year Summary,DL GRAD PLUS | $ of Disbursements,grad_plus_disbursements,True,1086,[]
direct_loans,2007-2008,2007,DL_Dashboard_AY2007_2008_Q4.xls,https://studentaid.gov/sites/default/files/DL_Dashboard_AY2007_2008_Q4.xls,ff5d2dc352ecf78e356a9d0cb0c499ce1a31f7d4b1424b037c9a5e6a75e4eeab,Award Year Summary,OPE ID,opeid8,True,1381,[]
direct_loans,2007-2008,2007,DL_Dashboard_AY2007_2008_Q4.xls,https://studentaid.gov/sites/default/files/DL_Dashboard_AY2007_2008_Q4.xls,ff5d2dc352ecf78e356a9d0cb0c499ce1a31f7d4b1424b037c9a5e6a75e4eeab,Award Year Summary,School,school,True,1381,[]
direct_loans,2007-2008,2007,DL_Dashboard_AY2007_2008_Q4.xls,https://studentaid.gov/sites/default/files/DL_Dashboard_AY2007_2008_Q4.xls,ff5d2dc352ecf78e356a9d0cb0c499ce1a31f7d4b1424b037c9a5e6a75e4eeab,Award Year Summary,State,state,True,1381,[]
direct_loans,2007-2008,2007,DL_Dashboard_AY2007_2008_Q4.xls,https://studentaid.gov/sites/default/files/DL_Dashboard_AY2007_2008_Q4.xls,ff5d2dc352ecf78e356a9d0cb0c499ce1a31f7d4b1424b037c9a5e6a75e4eeab,Award Year Summary,Zip Code,zip_code,True,1381,[]
direct_loans,2007-2008,2007,DL_Dashboard_AY2007_2008_Q4.xls,https://studentaid.gov/sites/default/files/DL_Dashboard_AY2007_2008_Q4.xls,ff5d2dc352ecf78e356a9d0cb0c499ce1a31f7d4b1424b037c9a5e6a75e4eeab,Award Year Summary,School Type,school_type,True,1381,[]
direct_loans,2007-2008,2007,DL_Dashboard_AY2007_2008_Q4.xls,https://studentaid.gov/sites/default/files/DL_Dashboard_AY2007_2008_Q4.xls,ff5d2dc352ecf78e356a9d0cb0c499ce1a31f7d4b1424b037c9a5e6a75e4eeab,Award Year Summary,DL SUBSIDIZED | Recipients,subsidized_recipients,True,1381,[]
direct_loans,2007-2008,2007,DL_Dashboard_AY2007_2008_Q4.xls,https://studentaid.gov/sites/default/files/DL_Dashboard_AY2007_2008_Q4.xls,ff5d2dc352ecf78e356a9d0cb0c499ce1a31f7d4b1424b037c9a5e6a75e4eeab,Award Year Summary,DL SUBSIDIZED | # of Loans Originated,subsidized_loans_originated_n,True,1381,[]
direct_loans,2007-2008,2007,DL_Dashboard_AY2007_2008_Q4.xls,https://studentaid.gov/sites/default/files/DL_Dashboard_AY2007_2008_Q4.xls,ff5d2dc352ecf78e356a9d0cb0c499ce1a31f7d4b1424b037c9a5e6a75e4eeab,Award Year Summary,DL SUBSIDIZED | $ of Loans Originated,subsidized_loans_originated_amt,True,1381,[]
direct_loans,2007-2008,2007,DL_Dashboard_AY2007_2008_Q4.xls,https://studentaid.gov/sites/default/files/DL_Dashboard_AY2007_2008_Q4.xls,ff5d2dc352ecf78e356a9d0cb0c499ce1a31f7d4b1424b037c9a5e6a75e4eeab,Award Year Summary,DL SUBSIDIZED | # of Disbursements,subsidized_disbursements_n,True,1381,[]
direct_loans,2007-2008,2007,DL_Dashboard_AY2007_2008_Q4.xls,https://studentaid.gov/sites/default/files/DL_Dashboard_AY2007_2008_Q4.xls,ff5d2dc352ecf78e356a9d0cb0c499ce1a31f7d4b1424b037c9a5e6a75e4eeab,Award Year Summary,DL SUBSIDIZED | $ of Disbursements,subsidized_disbursements,True,1381,[]
direct_loans,2007-2008,2007,DL_Dashboard_AY2007_2008_Q4.xls,https://studentaid.gov/sites/default/files/DL_Dashboard_AY2007_2008_Q4.xls,ff5d2dc352ecf78e356a9d0cb0c499ce1a31f7d4b1424b037c9a5e6a75e4eeab,Award Year Summary,DL UNSUBSIDIZED | Recipients,unsubsidized_recipients,True,1381,[]
direct_loans,2007-2008,2007,DL_Dashboard_AY2007_2008_Q4.xls,https://studentaid.gov/sites/default/files/DL_Dashboard_AY2007_2008_Q4.xls,ff5d2dc352ecf78e356a9d0cb0c499ce1a31f7d4b1424b037c9a5e6a75e4eeab,Award Year Summary,DL UNSUBSIDIZED | # of Loans Originated,unsubsidized_loans_originated_n,True,1381,[]
direct_loans,2007-2008,2007,DL_Dashboard_AY2007_2008_Q4.xls,https://studentaid.gov/sites/default/files/DL_Dashboard_AY2007_2008_Q4.xls,ff5d2dc352ecf78e356a9d0cb0c499ce1a31f7d4b1424b037c9a5e6a75e4eeab,Award Year Summary,DL UNSUBSIDIZED | $ of Loans Originated,unsubsidized_loans_originated_amt,True,1381,[]
direct_loans,2007-2008,2007,DL_Dashboard_AY2007_2008_Q4.xls,https://studentaid.gov/sites/default/files/DL_Dashboard_AY2007_2008_Q4.xls,ff5d2dc352ecf78e356a9d0cb0c499ce1a31f7d4b1424b037c9a5e6a75e4eeab,Award Year Summary,DL UNSUBSIDIZED | # of Disbursements,unsubsidized_disbursements_n,True,1381,[]
direct_loans,2007-2008,2007,DL_Dashboard_AY2007_2008_Q4.xls,https://studentaid.gov/sites/default/files/DL_Dashboard_AY2007_2008_Q4.xls,ff5d2dc352ecf78e356a9d0cb0c499ce1a31f7d4b1424b037c9a5e6a75e4eeab,Award Year Summary,DL UNSUBSIDIZED | $ of Disbursements,unsubsidized_disbursements,True,1381,[]
direct_loans,2007-2008,2007,DL_Dashboard_AY2007_2008_Q4.xls,https://studentaid.gov/sites/default/files/DL_Dashboard_AY2007_2008_Q4.xls,ff5d2dc352ecf78e356a9d0cb0c499ce1a31f7d4b1424b037c9a5e6a75e4eeab,Award Year Summary,DL PARENT PLUS | Recipients,parent_plus_recipients,True,1381,[]
direct_loans,2007-2008,2007,DL_Dashboard_AY2007_2008_Q4.xls,https://studentaid.gov/sites/default/files/DL_Dashboard_AY2007_2008_Q4.xls,ff5d2dc352ecf78e356a9d0cb0c499ce1a31f7d4b1424b037c9a5e6a75e4eeab,Award Year Summary,DL PARENT PLUS | # of Loans Originated,parent_plus_loans_originated_n,True,1381,[]
direct_loans,2007-2008,2007,DL_Dashboard_AY2007_2008_Q4.xls,https://studentaid.gov/sites/default/files/DL_Dashboard_AY2007_2008_Q4.xls,ff5d2dc352ecf78e356a9d0cb0c499ce1a31f7d4b1424b037c9a5e6a75e4eeab,Award Year Summary,DL PARENT PLUS | $ of Loans Originated,parent_plus_loans_originated_amt,True,1381,[]
direct_loans,2007-2008,2007,DL_Dashboard_AY2007_2008_Q4.xls,https://studentaid.gov/sites/default/files/DL_Dashboard_AY2007_2008_Q4.xls,ff5d2dc352ecf78e356a9d0cb0c499ce1a31f7d4b1424b037c9a5e6a75e4eeab,Award Year Summary,DL PARENT PLUS | # of Disbursements,parent_plus_disbursements_n,True,1381,[]
direct_loans,2007-2008,2007,DL_Dashboard_AY2007_2008_Q4.xls,https://studentaid.gov/sites/default/files/DL_Dashboard_AY2007_2008_Q4.xls,ff5d2dc352ecf78e356a9d0cb0c499ce1a31f7d4b1424b037c9a5e6a75e4eeab,Award Year Summary,DL PARENT PLUS | $ of Disbursements,parent_plus_disbursements,True,1381,[]
direct_loans,2007-2008,2007,DL_Dashboard_AY2007_2008_Q4.xls,https://studentaid.gov/sites/default/files/DL_Dashboard_AY2007_2008_Q4.xls,ff5d2dc352ecf78e356a9d0cb0c499ce1a31f7d4b1424b037c9a5e6a75e4eeab,Award Year Summary,DL GRAD PLUS | Recipients,grad_plus_recipients,True,1381,[]
direct_loans,2007-2008,2007,DL_Dashboard_AY2007_2008_Q4.xls,https://studentaid.gov/sites/default/files/DL_Dashboard_AY2007_2008_Q4.xls,ff5d2dc352ecf78e356a9d0cb0c499ce1a31f7d4b1424b037c9a5e6a75e4eeab,Award Year Summary,DL GRAD PLUS | # of Loans Originated,grad_plus_loans_originated_n,True,1381,[]
direct_loans,2007-2008,2007,DL_Dashboard_AY2007_2008_Q4.xls,https://studentaid.gov/sites/default/files/DL_Dashboard_AY2007_2008_Q4.xls,ff5d2dc352ecf78e356a9d0cb0c499ce1a31f7d4b1424b037c9a5e6a75e4eeab,Award Year Summary,DL GRAD PLUS | $ of Loans Originated,grad_plus_loans_originated_amt,True,1381,[]
direct_loans,2007-2008,2007,DL_Dashboard_AY2007_2008_Q4.xls,https://studentaid.gov/sites/default/files/DL_Dashboard_AY2007_2008_Q4.xls,ff5d2dc352ecf78e356a9d0cb0c499ce1a31f7d4b1424b037c9a5e6a75e4eeab,Award Year Summary,DL GRAD PLUS | # of Disbursements,grad_plus_disbursements_n,True,1381,[]
direct_loans,2007-2008,2007,DL_Dashboard_AY2007_2008_Q4.xls,https://studentaid.gov/sites/default/files/DL_Dashboard_AY2007_2008_Q4.xls,ff5d2dc352ecf78e356a9d0cb0c499ce1a31f7d4b1424b037c9a5e6a75e4eeab,Award Year Summary,DL GRAD PLUS | $ of Disbursements,grad_plus_disbursements,True,1381,[]
direct_loans,2008-2009,2008,DL_Dashboard_AY2008_2009_Q4.xls,https://studentaid.gov/sites/default/files/DL_Dashboard_AY2008_2009_Q4.xls,88ae6c6ba4c64c929374d9a35c8dbca976bc816a1bf7e22194c00c1824e77f95,Award Year Summary,OPE ID,opeid8,True,2363,[]
direct_loans,2008-2009,2008,DL_Dashboard_AY2008_2009_Q4.xls,https://studentaid.gov/sites/default/files/DL_Dashboard_AY2008_2009_Q4.xls,88ae6c6ba4c64c929374d9a35c8dbca976bc816a1bf7e22194c00c1824e77f95,Award Year Summary,School,school,True,2363,[]
direct_loans,2008-2009,2008,DL_Dashboard_AY2008_2009_Q4.xls,https://studentaid.gov/sites/default/files/DL_Dashboard_AY2008_2009_Q4.xls,88ae6c6ba4c64c929374d9a35c8dbca976bc816a1bf7e22194c00c1824e77f95,Award Year Summary,State,state,True,2363,[]
direct_loans,2008-2009,2008,DL_Dashboard_AY2008_2009_Q4.xls,https://studentaid.gov/sites/default/files/DL_Dashboard_AY2008_2009_Q4.xls,88ae6c6ba4c64c929374d9a35c8dbca976bc816a1bf7e22194c00c1824e77f95,Award Year Summary,Zip Code,zip_code,True,2362,[]
direct_loans,2008-2009,2008,DL_Dashboard_AY2008_2009_Q4.xls,https://studentaid.gov/sites/default/files/DL_Dashboard_AY2008_2009_Q4.xls,88ae6c6ba4c64c929374d9a35c8dbca976bc816a1bf7e22194c00c1824e77f95,Award Year Summary,School Type,school_type,True,2363,[]
direct_loans,2008-2009,2008,DL_Dashboard_AY2008_2009_Q4.xls,https://studentaid.gov/sites/default/files/DL_Dashboard_AY2008_2009_Q4.xls,88ae6c6ba4c64c929374d9a35c8dbca976bc816a1bf7e22194c00c1824e77f95,Award Year Summary,DL SUBSIDIZED | Recipients,subsidized_recipients,True,2363,[]
direct_loans,2008-2009,2008,DL_Dashboard_AY2008_2009_Q4.xls,https://studentaid.gov/sites/default/files/DL_Dashboard_AY2008_2009_Q4.xls,88ae6c6ba4c64c929374d9a35c8dbca976bc816a1bf7e22194c00c1824e77f95,Award Year Summary,DL SUBSIDIZED | # of Loans Originated,subsidized_loans_originated_n,True,2363,[]
direct_loans,2008-2009,2008,DL_Dashboard_AY2008_2009_Q4.xls,https://studentaid.gov/sites/default/files/DL_Dashboard_AY2008_2009_Q4.xls,88ae6c6ba4c64c929374d9a35c8dbca976bc816a1bf7e22194c00c1824e77f95,Award Year Summary,DL SUBSIDIZED | $ of Loans Originated,subsidized_loans_originated_amt,True,2363,[]
direct_loans,2008-2009,2008,DL_Dashboard_AY2008_2009_Q4.xls,https://studentaid.gov/sites/default/files/DL_Dashboard_AY2008_2009_Q4.xls,88ae6c6ba4c64c929374d9a35c8dbca976bc816a1bf7e22194c00c1824e77f95,Award Year Summary,DL SUBSIDIZED | # of Disbursements,subsidized_disbursements_n,True,2363,[]
direct_loans,2008-2009,2008,DL_Dashboard_AY2008_2009_Q4.xls,https://studentaid.gov/sites/default/files/DL_Dashboard_AY2008_2009_Q4.xls,88ae6c6ba4c64c929374d9a35c8dbca976bc816a1bf7e22194c00c1824e77f95,Award Year Summary,DL SUBSIDIZED | $ of Disbursements,subsidized_disbursements,True,2363,[]
direct_loans,2008-2009,2008,DL_Dashboard_AY2008_2009_Q4.xls,https://studentaid.gov/sites/default/files/DL_Dashboard_AY2008_2009_Q4.xls,88ae6c6ba4c64c929374d9a35c8dbca976bc816a1bf7e22194c00c1824e77f95,Award Year Summary,DL UNSUBSIDIZED | Recipients,unsubsidized_recipients,True,2363,[]
direct_loans,2008-2009,2008,DL_Dashboard_AY2008_2009_Q4.xls,https://studentaid.gov/sites/default/files/DL_Dashboard_AY2008_2009_Q4.xls,88ae6c6ba4c64c929374d9a35c8dbca976bc816a1bf7e22194c00c1824e77f95,Award Year Summary,DL UNSUBSIDIZED | # of Loans Originated,unsubsidized_loans_originated_n,True,2363,[]
direct_loans,2008-2009,2008,DL_Dashboard_AY2008_2009_Q4.xls,https://studentaid.gov/sites/default/files/DL_Dashboard_AY2008_2009_Q4.xls,88ae6c6ba4c64c929374d9a35c8dbca976bc816a1bf7e22194c00c1824e77f95,Award Year Summary,DL UNSUBSIDIZED | $ of Loans Originated,unsubsidized_loans_originated_amt,True,2363,[]
direct_loans,2008-2009,2008,DL_Dashboard_AY2008_2009_Q4.xls,https://studentaid.gov/sites/default/files/DL_Dashboard_AY2008_2009_Q4.xls,88ae6c6ba4c64c929374d9a35c8dbca976bc816a1bf7e22194c00c1824e77f95,Award Year Summary,DL UNSUBSIDIZED | # of Disbursements,unsubsidized_disbursements_n,True,2363,[]
direct_loans,2008-2009,2008,DL_Dashboard_AY2008_2009_Q4.xls,https://studentaid.gov/sites/default/files/DL_Dashboard_AY2008_2009_Q4.xls,88ae6c6ba4c64c929374d9a35c8dbca976bc816a1bf7e22194c00c1824e77f95,Award Year Summary,DL UNSUBSIDIZED | $ of Disbursements,unsubsidized_disbursements,True,2363,[]
direct_loans,2008-2009,2008,DL_Dashboard_AY2008_2009_Q4.xls,https://studentaid.gov/sites/default/files/DL_Dashboard_AY2008_2009_Q4.xls,88ae6c6ba4c64c929374d9a35c8dbca976bc816a1bf7e22194c00c1824e77f95,Award Year Summary,DL PARENT PLUS | Recipients,parent_plus_recipients,True,2363,[]
direct_loans,2008-2009,2008,DL_Dashboard_AY2008_2009_Q4.xls,https://studentaid.gov/sites/default/files/DL_Dashboard_AY2008_2009_Q4.xls,88ae6c6ba4c64c929374d9a35c8dbca976bc816a1bf7e22194c00c1824e77f95,Award Year Summary,DL PARENT PLUS | # of Loans Originated,parent_plus_loans_originated_n,True,2363,[]
direct_loans,2008-2009,2008,DL_Dashboard_AY2008_2009_Q4.xls,https://studentaid.gov/sites/default/files/DL_Dashboard_AY2008_2009_Q4.xls,88ae6c6ba4c64c929374d9a35c8dbca976bc816a1bf7e22194c00c1824e77f95,Award Year Summary,DL PARENT PLUS | $ of Loans Originated,parent_plus_loans_originated_amt,True,2363,[]
direct_loans,2008-2009,2008,DL_Dashboard_AY2008_2009_Q4.xls,https://studentaid.gov/sites/default/files/DL_Dashboard_AY2008_2009_Q4.xls,88ae6c6ba4c64c929374d9a35c8dbca976bc816a1bf7e22194c00c1824e77f95,Award Year Summary,DL PARENT PLUS | # of Disbursements,parent_plus_disbursements_n,True,2363,[]
direct_loans,2008-2009,2008,DL_Dashboard_AY2008_2009_Q4.xls,https://studentaid.gov/sites/default/files/DL_Dashboard_AY2008_2009_Q4.xls,88ae6c6ba4c64c929374d9a35c8dbca976bc816a1bf7e22194c00c1824e77f95,Award Year Summary,DL PARENT PLUS | $ of Disbursements,parent_plus_disbursements,True,2363,[]
direct_loans,2008-2009,2008,DL_Dashboard_AY2008_2009_Q4.xls,https://studentaid.gov/sites/default/files/DL_Dashboard_AY2008_2009_Q4.xls,88ae6c6ba4c64c929374d9a35c8dbca976bc816a1bf7e22194c00c1824e77f95,Award Year Summary,DL GRAD PLUS | Recipients,grad_plus_recipients,True,2363,[]
direct_loans,2008-2009,2008,DL_Dashboard_AY2008_2009_Q4.xls,https://studentaid.gov/sites/default/files/DL_Dashboard_AY2008_2009_Q4.xls,88ae6c6ba4c64c929374d9a35c8dbca976bc816a1bf7e22194c00c1824e77f95,Award Year Summary,DL GRAD PLUS | # of Loans Originated,grad_plus_loans_originated_n,True,2363,[]
direct_loans,2008-2009,2008,DL_Dashboard_AY2008_2009_Q4.xls,https://studentaid.gov/sites/default/files/DL_Dashboard_AY2008_2009_Q4.xls,88ae6c6ba4c64c929374d9a35c8dbca976bc816a1bf7e22194c00c1824e77f95,Award Year Summary,DL GRAD PLUS | $ of Loans Originated,grad_plus_loans_originated_amt,True,2363,[]
direct_loans,2008-2009,2008,DL_Dashboard_AY2008_2009_Q4.xls,https://studentaid.gov/sites/default/files/DL_Dashboard_AY2008_2009_Q4.xls,88ae6c6ba4c64c929374d9a35c8dbca976bc816a1bf7e22194c00c1824e77f95,Award Year Summary,DL GRAD PLUS | # of Disbursements,grad_plus_disbursements_n,True,2363,[]
direct_loans,2008-2009,2008,DL_Dashboard_AY2008_2009_Q4.xls,https://studentaid.gov/sites/default/files/DL_Dashboard_AY2008_2009_Q4.xls,88ae6c6ba4c64c929374d9a35c8dbca976bc816a1bf7e22194c00c1824e77f95,Award Year Summary,DL GRAD PLUS | $ of Disbursements,grad_plus_disbursements,True,2363,[]
direct_loans,2009-2010,2009,DL_Dashboard_AY2009_2010_Q4.xls,https://studentaid.gov/sites/default/files/DL_Dashboard_AY2009_2010_Q4.xls,c3c64bb3dafa88896e7cc3178f0cae81afa8f2cb774b0820441ff377d22696c6,Award Year Summary,OPE ID,opeid8,True,4260,[]
direct_loans,2009-2010,2009,DL_Dashboard_AY2009_2010_Q4.xls,https://studentaid.gov/sites/default/files/DL_Dashboard_AY2009_2010_Q4.xls,c3c64bb3dafa88896e7cc3178f0cae81afa8f2cb774b0820441ff377d22696c6,Award Year Summary,School,school,True,4260,[]
direct_loans,2009-2010,2009,DL_Dashboard_AY2009_2010_Q4.xls,https://studentaid.gov/sites/default/files/DL_Dashboard_AY2009_2010_Q4.xls,c3c64bb3dafa88896e7cc3178f0cae81afa8f2cb774b0820441ff377d22696c6,Award Year Summary,State,state,True,4260,[]
direct_loans,2009-2010,2009,DL_Dashboard_AY2009_2010_Q4.xls,https://studentaid.gov/sites/default/files/DL_Dashboard_AY2009_2010_Q4.xls,c3c64bb3dafa88896e7cc3178f0cae81afa8f2cb774b0820441ff377d22696c6,Award Year Summary,Zip Code,zip_code,True,4255,[]
direct_loans,2009-2010,2009,DL_Dashboard_AY2009_2010_Q4.xls,https://studentaid.gov/sites/default/files/DL_Dashboard_AY2009_2010_Q4.xls,c3c64bb3dafa88896e7cc3178f0cae81afa8f2cb774b0820441ff377d22696c6,Award Year Summary,School Type,school_type,True,4260,[]
direct_loans,2009-2010,2009,DL_Dashboard_AY2009_2010_Q4.xls,https://studentaid.gov/sites/default/files/DL_Dashboard_AY2009_2010_Q4.xls,c3c64bb3dafa88896e7cc3178f0cae81afa8f2cb774b0820441ff377d22696c6,Award Year Summary,DL SUBSIDIZED | Recipients,subsidized_recipients,True,4260,[]
direct_loans,2009-2010,2009,DL_Dashboard_AY2009_2010_Q4.xls,https://studentaid.gov/sites/default/files/DL_Dashboard_AY2009_2010_Q4.xls,c3c64bb3dafa88896e7cc3178f0cae81afa8f2cb774b0820441ff377d22696c6,Award Year Summary,DL SUBSIDIZED | # of Loans Originated,subsidized_loans_originated_n,True,4260,[]
direct_loans,2009-2010,2009,DL_Dashboard_AY2009_2010_Q4.xls,https://studentaid.gov/sites/default/files/DL_Dashboard_AY2009_2010_Q4.xls,c3c64bb3dafa88896e7cc3178f0cae81afa8f2cb774b0820441ff377d22696c6,Award Year Summary,DL SUBSIDIZED | $ of Loans Originated,subsidized_loans_originated_amt,True,4260,[]
direct_loans,2009-2010,2009,DL_Dashboard_AY2009_2010_Q4.xls,https://studentaid.gov/sites/default/files/DL_Dashboard_AY2009_2010_Q4.xls,c3c64bb3dafa88896e7cc3178f0cae81afa8f2cb774b0820441ff377d22696c6,Award Year Summary,DL SUBSIDIZED | # of Disbursements,subsidized_disbursements_n,True,4260,[]
direct_loans,2009-2010,2009,DL_Dashboard_AY2009_2010_Q4.xls,https://studentaid.gov/sites/default/files/DL_Dashboard_AY2009_2010_Q4.xls,c3c64bb3dafa88896e7cc3178f0cae81afa8f2cb774b0820441ff377d22696c6,Award Year Summary,DL SUBSIDIZED | $ of Disbursements,subsidized_disbursements,True,4260,[]
direct_loans,2009-2010,2009,DL_Dashboard_AY2009_2010_Q4.xls,https://studentaid.gov/sites/default/files/DL_Dashboard_AY2009_2010_Q4.xls,c3c64bb3dafa88896e7cc3178f0cae81afa8f2cb774b0820441ff377d22696c6,Award Year Summary,DL UNSUBSIDIZED | Recipients,unsubsidized_recipients,True,4260,[]
direct_loans,2009-2010,2009,DL_Dashboard_AY2009_2010_Q4.xls,https://studentaid.gov/sites/default/files/DL_Dashboard_AY2009_2010_Q4.xls,c3c64bb3dafa88896e7cc3178f0cae81afa8f2cb774b0820441ff377d22696c6,Award Year Summary,DL UNSUBSIDIZED | # of Loans Originated,unsubsidized_loans_originated_n,True,4260,[]
direct_loans,2009-2010,2009,DL_Dashboard_AY2009_2010_Q4.xls,https://studentaid.gov/sites/default/files/DL_Dashboard_AY2009_2010_Q4.xls,c3c64bb3dafa88896e7cc3178f0cae81afa8f2cb774b0820441ff377d22696c6,Award Year Summary,DL UNSUBSIDIZED | $ of Loans Originated,unsubsidized_loans_originated_amt,True,4260,[]
direct_loans,2009-2010,2009,DL_Dashboard_AY2009_2010_Q4.xls,https://studentaid.gov/sites/default/files/DL_Dashboard_AY2009_2010_Q4.xls,c3c64bb3dafa88896e7cc3178f0cae81afa8f2cb774b0820441ff377d22696c6,Award Year Summary,DL UNSUBSIDIZED | # of Disbursements,unsubsidized_disbursements_n,True,4260,[]
direct_loans,2009-2010,2009,DL_Dashboard_AY2009_2010_Q4.xls,https://studentaid.gov/sites/default/files/DL_Dashboard_AY2009_2010_Q4.xls,c3c64bb3dafa88896e7cc3178f0cae81afa8f2cb774b0820441ff377d22696c6,Award Year Summary,DL UNSUBSIDIZED | $ of Disbursements,unsubsidized_disbursements,True,4260,[]
direct_loans,2009-2010,2009,DL_Dashboard_AY2009_2010_Q4.xls,https://studentaid.gov/sites/default/files/DL_Dashboard_AY2009_2010_Q4.xls,c3c64bb3dafa88896e7cc3178f0cae81afa8f2cb774b0820441ff377d22696c6,Award Year Summary,DL PARENT PLUS | Recipients,parent_plus_recipients,True,4260,[]
direct_loans,2009-2010,2009,DL_Dashboard_AY2009_2010_Q4.xls,https://studentaid.gov/sites/default/files/DL_Dashboard_AY2009_2010_Q4.xls,c3c64bb3dafa88896e7cc3178f0cae81afa8f2cb774b0820441ff377d22696c6,Award Year Summary,DL PARENT PLUS | # of Loans Originated,parent_plus_loans_originated_n,True,4260,[]
direct_loans,2009-2010,2009,DL_Dashboard_AY2009_2010_Q4.xls,https://studentaid.gov/sites/default/files/DL_Dashboard_AY2009_2010_Q4.xls,c3c64bb3dafa88896e7cc3178f0cae81afa8f2cb774b0820441ff377d22696c6,Award Year Summary,DL PARENT PLUS | $ of Loans Originated,parent_plus_loans_originated_amt,True,4260,[]
direct_loans,2009-2010,2009,DL_Dashboard_AY2009_2010_Q4.xls,https://studentaid.gov/sites/default/files/DL_Dashboard_AY2009_2010_Q4.xls,c3c64bb3dafa88896e7cc3178f0cae81afa8f2cb774b0820441ff377d22696c6,Award Year Summary,DL PARENT PLUS | # of Disbursements,parent_plus_disbursements_n,True,4260,[]
direct_loans,2009-2010,2009,DL_Dashboard_AY2009_2010_Q4.xls,https://studentaid.gov/sites/default/files/DL_Dashboard_AY2009_2010_Q4.xls,c3c64bb3dafa88896e7cc3178f0cae81afa8f2cb774b0820441ff377d22696c6,Award Year Summary,DL PARENT PLUS | $ of Disbursements,parent_plus_disbursements,True,4260,[]
direct_loans,2009-2010,2009,DL_Dashboard_AY2009_2010_Q4.xls,https://studentaid.gov/sites/default/files/DL_Dashboard_AY2009_2010_Q4.xls,c3c64bb3dafa88896e7cc3178f0cae81afa8f2cb774b0820441ff377d22696c6,Award Year Summary,DL GRAD PLUS | Recipients,grad_plus_recipients,True,4260,[]
direct_loans,2009-2010,2009,DL_Dashboard_AY2009_2010_Q4.xls,https://studentaid.gov/sites/default/files/DL_Dashboard_AY2009_2010_Q4.xls,c3c64bb3dafa88896e7cc3178f0cae81afa8f2cb774b0820441ff377d22696c6,Award Year Summary,DL GRAD PLUS | # of Loans Originated,grad_plus_loans_originated_n,True,4260,[]
direct_loans,2009-2010,2009,DL_Dashboard_AY2009_2010_Q4.xls,https://studentaid.gov/sites/default/files/DL_Dashboard_AY2009_2010_Q4.xls,c3c64bb3dafa88896e7cc3178f0cae81afa8f2cb774b0820441ff377d22696c6,Award Year Summary,DL GRAD PLUS | $ of Loans Originated,grad_plus_loans_originated_amt,True,4260,[]
direct_loans,2009-2010,2009,DL_Dashboard_AY2009_2010_Q4.xls,https://studentaid.gov/sites/default/files/DL_Dashboard_AY2009_2010_Q4.xls,c3c64bb3dafa88896e7cc3178f0cae81afa8f2cb774b0820441ff377d22696c6,Award Year Summary,DL GRAD PLUS | # of Disbursements,grad_plus_disbursements_n,True,4260,[]
direct_loans,2009-2010,2009,DL_Dashboard_AY2009_2010_Q4.xls,https://studentaid.gov/sites/default/files/DL_Dashboard_AY2009_2010_Q4.xls,c3c64bb3dafa88896e7cc3178f0cae81afa8f2cb774b0820441ff377d22696c6,Award Year Summary,DL GRAD PLUS | $ of Disbursements,grad_plus_disbursements,True,4260,[]
direct_loans,2010-2011,2010,DL_Dashboard_AY2010_2011_Q4.xls,https://studentaid.gov/sites/default/files/DL_Dashboard_AY2010_2011_Q4.xls,7f610d7325f1890b17148789b970ea56fa2a8b52d1c4717b6e43ef8f594567b2,Award Year Summary,OPE ID,opeid8,True,5661,[]
direct_loans,2010-2011,2010,DL_Dashboard_AY2010_2011_Q4.xls,https://studentaid.gov/sites/default/files/DL_Dashboard_AY2010_2011_Q4.xls,7f610d7325f1890b17148789b970ea56fa2a8b52d1c4717b6e43ef8f594567b2,Award Year Summary,School,school,True,5661,[]
direct_loans,2010-2011,2010,DL_Dashboard_AY2010_2011_Q4.xls,https://studentaid.gov/sites/default/files/DL_Dashboard_AY2010_2011_Q4.xls,7f610d7325f1890b17148789b970ea56fa2a8b52d1c4717b6e43ef8f594567b2,Award Year Summary,State,state,True,5661,[]
direct_loans,2010-2011,2010,DL_Dashboard_AY2010_2011_Q4.xls,https://studentaid.gov/sites/default/files/DL_Dashboard_AY2010_2011_Q4.xls,7f610d7325f1890b17148789b970ea56fa2a8b52d1c4717b6e43ef8f594567b2,Award Year Summary,Zip Code,zip_code,True,5643,[]
direct_loans,2010-2011,2010,DL_Dashboard_AY2010_2011_Q4.xls,https://studentaid.gov/sites/default/files/DL_Dashboard_AY2010_2011_Q4.xls,7f610d7325f1890b17148789b970ea56fa2a8b52d1c4717b6e43ef8f594567b2,Award Year Summary,School Type,school_type,True,5661,[]
direct_loans,2010-2011,2010,DL_Dashboard_AY2010_2011_Q4.xls,https://studentaid.gov/sites/default/files/DL_Dashboard_AY2010_2011_Q4.xls,7f610d7325f1890b17148789b970ea56fa2a8b52d1c4717b6e43ef8f594567b2,Award Year Summary,DL SUBSIDIZED- UNDERGRADUATE | Recipients,subsidized_undergraduate_recipients,True,5661,[]
direct_loans,2010-2011,2010,DL_Dashboard_AY2010_2011_Q4.xls,https://studentaid.gov/sites/default/files/DL_Dashboard_AY2010_2011_Q4.xls,7f610d7325f1890b17148789b970ea56fa2a8b52d1c4717b6e43ef8f594567b2,Award Year Summary,DL SUBSIDIZED- UNDERGRADUATE | # of Loans Originated,subsidized_undergraduate_loans_originated_n,True,5661,[]
direct_loans,2010-2011,2010,DL_Dashboard_AY2010_2011_Q4.xls,https://studentaid.gov/sites/default/files/DL_Dashboard_AY2010_2011_Q4.xls,7f610d7325f1890b17148789b970ea56fa2a8b52d1c4717b6e43ef8f594567b2,Award Year Summary,DL SUBSIDIZED- UNDERGRADUATE | $ of Loans Originated,subsidized_undergraduate_loans_originated_amt,True,5661,[]
direct_loans,2010-2011,2010,DL_Dashboard_AY2010_2011_Q4.xls,https://studentaid.gov/sites/default/files/DL_Dashboard_AY2010_2011_Q4.xls,7f610d7325f1890b17148789b970ea56fa2a8b52d1c4717b6e43ef8f594567b2,Award Year Summary,DL SUBSIDIZED- UNDERGRADUATE | # of Disbursements,subsidized_undergraduate_disbursements_n,True,5661,[]
direct_loans,2010-2011,2010,DL_Dashboard_AY2010_2011_Q4.xls,https://studentaid.gov/sites/default/files/DL_Dashboard_AY2010_2011_Q4.xls,7f610d7325f1890b17148789b970ea56fa2a8b52d1c4717b6e43ef8f594567b2,Award Year Summary,DL SUBSIDIZED- UNDERGRADUATE | $ of Disbursements,subsidized_undergraduate_disbursements,True,5661,[]
direct_loans,2010-2011,2010,DL_Dashboard_AY2010_2011_Q4.xls,https://studentaid.gov/sites/default/files/DL_Dashboard_AY2010_2011_Q4.xls,7f610d7325f1890b17148789b970ea56fa2a8b52d1c4717b6e43ef8f594567b2,Award Year Summary,DL SUBSIDIZED- GRADUATE | Recipients,subsidized_graduate_recipients,True,5661,[]
direct_loans,2010-2011,2010,DL_Dashboard_AY2010_2011_Q4.xls,https://studentaid.gov/sites/default/files/DL_Dashboard_AY2010_2011_Q4.xls,7f610d7325f1890b17148789b970ea56fa2a8b52d1c4717b6e43ef8f594567b2,Award Year Summary,DL SUBSIDIZED- GRADUATE | # of Loans Originated,subsidized_graduate_loans_originated_n,True,5661,[]
direct_loans,2010-2011,2010,DL_Dashboard_AY2010_2011_Q4.xls,https://studentaid.gov/sites/default/files/DL_Dashboard_AY2010_2011_Q4.xls,7f610d7325f1890b17148789b970ea56fa2a8b52d1c4717b6e43ef8f594567b2,Award Year Summary,DL SUBSIDIZED- GRADUATE | $ of Loans Originated,subsidized_graduate_loans_originated_amt,True,5661,[]
direct_loans,2010-2011,2010,DL_Dashboard_AY2010_2011_Q4.xls,https://studentaid.gov/sites/default/files/DL_Dashboard_AY2010_2011_Q4.xls,7f610d7325f1890b17148789b970ea56fa2a8b52d1c4717b6e43ef8f594567b2,Award Year Summary,DL SUBSIDIZED- GRADUATE | # of Disbursements,subsidized_graduate_disbursements_n,True,5661,[]
direct_loans,2010-2011,2010,DL_Dashboard_AY2010_2011_Q4.xls,https://studentaid.gov/sites/default/files/DL_Dashboard_AY2010_2011_Q4.xls,7f610d7325f1890b17148789b970ea56fa2a8b52d1c4717b6e43ef8f594567b2,Award Year Summary,DL SUBSIDIZED- GRADUATE | $ of Disbursements,subsidized_graduate_disbursements,True,5661,[]
direct_loans,2010-2011,2010,DL_Dashboard_AY2010_2011_Q4.xls,https://studentaid.gov/sites/default/files/DL_Dashboard_AY2010_2011_Q4.xls,7f610d7325f1890b17148789b970ea56fa2a8b52d1c4717b6e43ef8f594567b2,Award Year Summary,DL UNSUBSIDIZED- UNDERGRADUATE | Recipients,unsubsidized_undergraduate_recipients,True,5661,[]
direct_loans,2010-2011,2010,DL_Dashboard_AY2010_2011_Q4.xls,https://studentaid.gov/sites/default/files/DL_Dashboard_AY2010_2011_Q4.xls,7f610d7325f1890b17148789b970ea56fa2a8b52d1c4717b6e43ef8f594567b2,Award Year Summary,DL UNSUBSIDIZED- UNDERGRADUATE | # of Loans Originated,unsubsidized_undergraduate_loans_originated_n,True,5661,[]
direct_loans,2010-2011,2010,DL_Dashboard_AY2010_2011_Q4.xls,https://studentaid.gov/sites/default/files/DL_Dashboard_AY2010_2011_Q4.xls,7f610d7325f1890b17148789b970ea56fa2a8b52d1c4717b6e43ef8f594567b2,Award Year Summary,DL UNSUBSIDIZED- UNDERGRADUATE | $ of Loans Originated,unsubsidized_undergraduate_loans_originated_amt,True,5661,[]
direct_loans,2010-2011,2010,DL_Dashboard_AY2010_2011_Q4.xls,https://studentaid.gov/sites/default/files/DL_Dashboard_AY2010_2011_Q4.xls,7f610d7325f1890b17148789b970ea56fa2a8b52d1c4717b6e43ef8f594567b2,Award Year Summary,DL UNSUBSIDIZED- UNDERGRADUATE | # of Disbursements,unsubsidized_undergraduate_disbursements_n,True,5661,[]
direct_loans,2010-2011,2010,DL_Dashboard_AY2010_2011_Q4.xls,https://studentaid.gov/sites/default/files/DL_Dashboard_AY2010_2011_Q4.xls,7f610d7325f1890b17148789b970ea56fa2a8b52d1c4717b6e43ef8f594567b2,Award Year Summary,DL UNSUBSIDIZED- UNDERGRADUATE | $ of Disbursements,unsubsidized_undergraduate_disbursements,True,5661,[]
direct_loans,2010-2011,2010,DL_Dashboard_AY2010_2011_Q4.xls,https://studentaid.gov/sites/default/files/DL_Dashboard_AY2010_2011_Q4.xls,7f610d7325f1890b17148789b970ea56fa2a8b52d1c4717b6e43ef8f594567b2,Award Year Summary,DL UNSUBSIDIZED- GRADUATE | Recipients,unsubsidized_graduate_recipients,True,5661,[]
direct_loans,2010-2011,2010,DL_Dashboard_AY2010_2011_Q4.xls,https://studentaid.gov/sites/default/files/DL_Dashboard_AY2010_2011_Q4.xls,7f610d7325f1890b17148789b970ea56fa2a8b52d1c4717b6e43ef8f594567b2,Award Year Summary,DL UNSUBSIDIZED- GRADUATE | # of Loans Originated,unsubsidized_graduate_loans_originated_n,True,5661,[]
direct_loans,2010-2011,2010,DL_Dashboard_AY2010_2011_Q4.xls,https://studentaid.gov/sites/default/files/DL_Dashboard_AY2010_2011_Q4.xls,7f610d7325f1890b17148789b970ea56fa2a8b52d1c4717b6e43ef8f594567b2,Award Year Summary,DL UNSUBSIDIZED- GRADUATE | $ of Loans Originated,unsubsidized_graduate_loans_originated_amt,True,5661,[]
direct_loans,2010-2011,2010,DL_Dashboard_AY2010_2011_Q4.xls,https://studentaid.gov/sites/default/files/DL_Dashboard_AY2010_2011_Q4.xls,7f610d7325f1890b17148789b970ea56fa2a8b52d1c4717b6e43ef8f594567b2,Award Year Summary,DL UNSUBSIDIZED- GRADUATE | # of Disbursements,unsubsidized_graduate_disbursements_n,True,5661,[]
direct_loans,2010-2011,2010,DL_Dashboard_AY2010_2011_Q4.xls,https://studentaid.gov/sites/default/files/DL_Dashboard_AY2010_2011_Q4.xls,7f610d7325f1890b17148789b970ea56fa2a8b52d1c4717b6e43ef8f594567b2,Award Year Summary,DL UNSUBSIDIZED- GRADUATE | $ of Disbursements,unsubsidized_graduate_disbursements,True,5661,[]
direct_loans,2010-2011,2010,DL_Dashboard_AY2010_2011_Q4.xls,https://studentaid.gov/sites/default/files/DL_Dashboard_AY2010_2011_Q4.xls,7f610d7325f1890b17148789b970ea56fa2a8b52d1c4717b6e43ef8f594567b2,Award Year Summary,DL PARENT PLUS | Recipients,parent_plus_recipients,True,5661,[]
direct_loans,2010-2011,2010,DL_Dashboard_AY2010_2011_Q4.xls,https://studentaid.gov/sites/default/files/DL_Dashboard_AY2010_2011_Q4.xls,7f610d7325f1890b17148789b970ea56fa2a8b52d1c4717b6e43ef8f594567b2,Award Year Summary,DL PARENT PLUS | # of Loans Originated,parent_plus_loans_originated_n,True,5661,[]
direct_loans,2010-2011,2010,DL_Dashboard_AY2010_2011_Q4.xls,https://studentaid.gov/sites/default/files/DL_Dashboard_AY2010_2011_Q4.xls,7f610d7325f1890b17148789b970ea56fa2a8b52d1c4717b6e43ef8f594567b2,Award Year Summary,DL PARENT PLUS | $ of Loans Originated,parent_plus_loans_originated_amt,True,5661,[]
direct_loans,2010-2011,2010,DL_Dashboard_AY2010_2011_Q4.xls,https://studentaid.gov/sites/default/files/DL_Dashboard_AY2010_2011_Q4.xls,7f610d7325f1890b17148789b970ea56fa2a8b52d1c4717b6e43ef8f594567b2,Award Year Summary,DL PARENT PLUS | # of Disbursements,parent_plus_disbursements_n,True,5661,[]
direct_loans,2010-2011,2010,DL_Dashboard_AY2010_2011_Q4.xls,https://studentaid.gov/sites/default/files/DL_Dashboard_AY2010_2011_Q4.xls,7f610d7325f1890b17148789b970ea56fa2a8b52d1c4717b6e43ef8f594567b2,Award Year Summary,DL PARENT PLUS | $ of Disbursements,parent_plus_disbursements,True,5661,[]
direct_loans,2010-2011,2010,DL_Dashboard_AY2010_2011_Q4.xls,https://studentaid.gov/sites/default/files/DL_Dashboard_AY2010_2011_Q4.xls,7f610d7325f1890b17148789b970ea56fa2a8b52d1c4717b6e43ef8f594567b2,Award Year Summary,DL GRAD PLUS | Recipients,grad_plus_recipients,True,5661,[]
direct_loans,2010-2011,2010,DL_Dashboard_AY2010_2011_Q4.xls,https://studentaid.gov/sites/default/files/DL_Dashboard_AY2010_2011_Q4.xls,7f610d7325f1890b17148789b970ea56fa2a8b52d1c4717b6e43ef8f594567b2,Award Year Summary,DL GRAD PLUS | # of Loans Originated,grad_plus_loans_originated_n,True,5661,[]
direct_loans,2010-2011,2010,DL_Dashboard_AY2010_2011_Q4.xls,https://studentaid.gov/sites/default/files/DL_Dashboard_AY2010_2011_Q4.xls,7f610d7325f1890b17148789b970ea56fa2a8b52d1c4717b6e43ef8f594567b2,Award Year Summary,DL GRAD PLUS | $ of Loans Originated,grad_plus_loans_originated_amt,True,5661,[]
direct_loans,2010-2011,2010,DL_Dashboard_AY2010_2011_Q4.xls,https://studentaid.gov/sites/default/files/DL_Dashboard_AY2010_2011_Q4.xls,7f610d7325f1890b17148789b970ea56fa2a8b52d1c4717b6e43ef8f594567b2,Award Year Summary,DL GRAD PLUS | # of Disbursements,grad_plus_disbursements_n,True,5661,[]
direct_loans,2010-2011,2010,DL_Dashboard_AY2010_2011_Q4.xls,https://studentaid.gov/sites/default/files/DL_Dashboard_AY2010_2011_Q4.xls,7f610d7325f1890b17148789b970ea56fa2a8b52d1c4717b6e43ef8f594567b2,Award Year Summary,DL GRAD PLUS | $ of Disbursements,grad_plus_disbursements,True,5661,[]
direct_loans,2011-2012,2011,DL_Dashboard_AY2011_2012_Q4.xls,https://studentaid.gov/sites/default/files/DL_Dashboard_AY2011_2012_Q4.xls,cf1f0b9dd2d5da1cf3ed5f16509998c66e2b34cc5151fac166a84ffb24e7b069,Award Year Summary,OPE ID,opeid8,True,5670,[]
direct_loans,2011-2012,2011,DL_Dashboard_AY2011_2012_Q4.xls,https://studentaid.gov/sites/default/files/DL_Dashboard_AY2011_2012_Q4.xls,cf1f0b9dd2d5da1cf3ed5f16509998c66e2b34cc5151fac166a84ffb24e7b069,Award Year Summary,School,school,True,5670,[]
direct_loans,2011-2012,2011,DL_Dashboard_AY2011_2012_Q4.xls,https://studentaid.gov/sites/default/files/DL_Dashboard_AY2011_2012_Q4.xls,cf1f0b9dd2d5da1cf3ed5f16509998c66e2b34cc5151fac166a84ffb24e7b069,Award Year Summary,State,state,True,5670,[]
direct_loans,2011-2012,2011,DL_Dashboard_AY2011_2012_Q4.xls,https://studentaid.gov/sites/default/files/DL_Dashboard_AY2011_2012_Q4.xls,cf1f0b9dd2d5da1cf3ed5f16509998c66e2b34cc5151fac166a84ffb24e7b069,Award Year Summary,Zip Code,zip_code,True,5652,[]
direct_loans,2011-2012,2011,DL_Dashboard_AY2011_2012_Q4.xls,https://studentaid.gov/sites/default/files/DL_Dashboard_AY2011_2012_Q4.xls,cf1f0b9dd2d5da1cf3ed5f16509998c66e2b34cc5151fac166a84ffb24e7b069,Award Year Summary,School Type,school_type,True,5670,[]
direct_loans,2011-2012,2011,DL_Dashboard_AY2011_2012_Q4.xls,https://studentaid.gov/sites/default/files/DL_Dashboard_AY2011_2012_Q4.xls,cf1f0b9dd2d5da1cf3ed5f16509998c66e2b34cc5151fac166a84ffb24e7b069,Award Year Summary,DL SUBSIDIZED- UNDERGRADUATE | Recipients,subsidized_undergraduate_recipients,True,5670,[]
direct_loans,2011-2012,2011,DL_Dashboard_AY2011_2012_Q4.xls,https://studentaid.gov/sites/default/files/DL_Dashboard_AY2011_2012_Q4.xls,cf1f0b9dd2d5da1cf3ed5f16509998c66e2b34cc5151fac166a84ffb24e7b069,Award Year Summary,DL SUBSIDIZED- UNDERGRADUATE | # of Loans Originated,subsidized_undergraduate_loans_originated_n,True,5670,[]
direct_loans,2011-2012,2011,DL_Dashboard_AY2011_2012_Q4.xls,https://studentaid.gov/sites/default/files/DL_Dashboard_AY2011_2012_Q4.xls,cf1f0b9dd2d5da1cf3ed5f16509998c66e2b34cc5151fac166a84ffb24e7b069,Award Year Summary,DL SUBSIDIZED- UNDERGRADUATE | $ of Loans Originated,subsidized_undergraduate_loans_originated_amt,True,5670,[]
direct_loans,2011-2012,2011,DL_Dashboard_AY2011_2012_Q4.xls,https://studentaid.gov/sites/default/files/DL_Dashboard_AY2011_2012_Q4.xls,cf1f0b9dd2d5da1cf3ed5f16509998c66e2b34cc5151fac166a84ffb24e7b069,Award Year Summary,DL SUBSIDIZED- UNDERGRADUATE | # of Disbursements,subsidized_undergraduate_disbursements_n,True,5670,[]
direct_loans,2011-2012,2011,DL_Dashboard_AY2011_2012_Q4.xls,https://studentaid.gov/sites/default/files/DL_Dashboard_AY2011_2012_Q4.xls,cf1f0b9dd2d5da1cf3ed5f16509998c66e2b34cc5151fac166a84ffb24e7b069,Award Year Summary,DL SUBSIDIZED- UNDERGRADUATE | $ of Disbursements,subsidized_undergraduate_disbursements,True,5670,[]
direct_loans,2011-2012,2011,DL_Dashboard_AY2011_2012_Q4.xls,https://studentaid.gov/sites/default/files/DL_Dashboard_AY2011_2012_Q4.xls,cf1f0b9dd2d5da1cf3ed5f16509998c66e2b34cc5151fac166a84ffb24e7b069,Award Year Summary,DL SUBSIDIZED- GRADUATE | Recipients,subsidized_graduate_recipients,True,5670,[]
direct_loans,2011-2012,2011,DL_Dashboard_AY2011_2012_Q4.xls,https://studentaid.gov/sites/default/files/DL_Dashboard_AY2011_2012_Q4.xls,cf1f0b9dd2d5da1cf3ed5f16509998c66e2b34cc5151fac166a84ffb24e7b069,Award Year Summary,DL SUBSIDIZED- GRADUATE | # of Loans Originated,subsidized_graduate_loans_originated_n,True,5670,[]
direct_loans,2011-2012,2011,DL_Dashboard_AY2011_2012_Q4.xls,https://studentaid.gov/sites/default/files/DL_Dashboard_AY2011_2012_Q4.xls,cf1f0b9dd2d5da1cf3ed5f16509998c66e2b34cc5151fac166a84ffb24e7b069,Award Year Summary,DL SUBSIDIZED- GRADUATE | $ of Loans Originated,subsidized_graduate_loans_originated_amt,True,5670,[]
direct_loans,2011-2012,2011,DL_Dashboard_AY2011_2012_Q4.xls,https://studentaid.gov/sites/default/files/DL_Dashboard_AY2011_2012_Q4.xls,cf1f0b9dd2d5da1cf3ed5f16509998c66e2b34cc5151fac166a84ffb24e7b069,Award Year Summary,DL SUBSIDIZED- GRADUATE | # of Disbursements,subsidized_graduate_disbursements_n,True,5670,[]
direct_loans,2011-2012,2011,DL_Dashboard_AY2011_2012_Q4.xls,https://studentaid.gov/sites/default/files/DL_Dashboard_AY2011_2012_Q4.xls,cf1f0b9dd2d5da1cf3ed5f16509998c66e2b34cc5151fac166a84ffb24e7b069,Award Year Summary,DL SUBSIDIZED- GRADUATE | $ of Disbursements,subsidized_graduate_disbursements,True,5670,[]
direct_loans,2011-2012,2011,DL_Dashboard_AY2011_2012_Q4.xls,https://studentaid.gov/sites/default/files/DL_Dashboard_AY2011_2012_Q4.xls,cf1f0b9dd2d5da1cf3ed5f16509998c66e2b34cc5151fac166a84ffb24e7b069,Award Year Summary,DL UNSUBSIDIZED- UNDERGRADUATE | Recipients,unsubsidized_undergraduate_recipients,True,5670,[]
direct_loans,2011-2012,2011,DL_Dashboard_AY2011_2012_Q4.xls,https://studentaid.gov/sites/default/files/DL_Dashboard_AY2011_2012_Q4.xls,cf1f0b9dd2d5da1cf3ed5f16509998c66e2b34cc5151fac166a84ffb24e7b069,Award Year Summary,DL UNSUBSIDIZED- UNDERGRADUATE | # of Loans Originated,unsubsidized_undergraduate_loans_originated_n,True,5670,[]
direct_loans,2011-2012,2011,DL_Dashboard_AY2011_2012_Q4.xls,https://studentaid.gov/sites/default/files/DL_Dashboard_AY2011_2012_Q4.xls,cf1f0b9dd2d5da1cf3ed5f16509998c66e2b34cc5151fac166a84ffb24e7b069,Award Year Summary,DL UNSUBSIDIZED- UNDERGRADUATE | $ of Loans Originated,unsubsidized_undergraduate_loans_originated_amt,True,5670,[]
direct_loans,2011-2012,2011,DL_Dashboard_AY2011_2012_Q4.xls,https://studentaid.gov/sites/default/files/DL_Dashboard_AY2011_2012_Q4.xls,cf1f0b9dd2d5da1cf3ed5f16509998c66e2b34cc5151fac166a84ffb24e7b069,Award Year Summary,DL UNSUBSIDIZED- UNDERGRADUATE | # of Disbursements,unsubsidized_undergraduate_disbursements_n,True,5670,[]
direct_loans,2011-2012,2011,DL_Dashboard_AY2011_2012_Q4.xls,https://studentaid.gov/sites/default/files/DL_Dashboard_AY2011_2012_Q4.xls,cf1f0b9dd2d5da1cf3ed5f16509998c66e2b34cc5151fac166a84ffb24e7b069,Award Year Summary,DL UNSUBSIDIZED- UNDERGRADUATE | $ of Disbursements,unsubsidized_undergraduate_disbursements,True,5670,[]
direct_loans,2011-2012,2011,DL_Dashboard_AY2011_2012_Q4.xls,https://studentaid.gov/sites/default/files/DL_Dashboard_AY2011_2012_Q4.xls,cf1f0b9dd2d5da1cf3ed5f16509998c66e2b34cc5151fac166a84ffb24e7b069,Award Year Summary,DL UNSUBSIDIZED- GRADUATE | Recipients,unsubsidized_graduate_recipients,True,5670,[]
direct_loans,2011-2012,2011,DL_Dashboard_AY2011_2012_Q4.xls,https://studentaid.gov/sites/default/files/DL_Dashboard_AY2011_2012_Q4.xls,cf1f0b9dd2d5da1cf3ed5f16509998c66e2b34cc5151fac166a84ffb24e7b069,Award Year Summary,DL UNSUBSIDIZED- GRADUATE | # of Loans Originated,unsubsidized_graduate_loans_originated_n,True,5670,[]
direct_loans,2011-2012,2011,DL_Dashboard_AY2011_2012_Q4.xls,https://studentaid.gov/sites/default/files/DL_Dashboard_AY2011_2012_Q4.xls,cf1f0b9dd2d5da1cf3ed5f16509998c66e2b34cc5151fac166a84ffb24e7b069,Award Year Summary,DL UNSUBSIDIZED- GRADUATE | $ of Loans Originated,unsubsidized_graduate_loans_originated_amt,True,5670,[]
direct_loans,2011-2012,2011,DL_Dashboard_AY2011_2012_Q4.xls,https://studentaid.gov/sites/default/files/DL_Dashboard_AY2011_2012_Q4.xls,cf1f0b9dd2d5da1cf3ed5f16509998c66e2b34cc5151fac166a84ffb24e7b069,Award Year Summary,DL UNSUBSIDIZED- GRADUATE | # of Disbursements,unsubsidized_graduate_disbursements_n,True,5670,[]
direct_loans,2011-2012,2011,DL_Dashboard_AY2011_2012_Q4.xls,https://studentaid.gov/sites/default/files/DL_Dashboard_AY2011_2012_Q4.xls,cf1f0b9dd2d5da1cf3ed5f16509998c66e2b34cc5151fac166a84ffb24e7b069,Award Year Summary,DL UNSUBSIDIZED- GRADUATE | $ of Disbursements,unsubsidized_graduate_disbursements,True,5670,[]
direct_loans,2011-2012,2011,DL_Dashboard_AY2011_2012_Q4.xls,https://studentaid.gov/sites/default/files/DL_Dashboard_AY2011_2012_Q4.xls,cf1f0b9dd2d5da1cf3ed5f16509998c66e2b34cc5151fac166a84ffb24e7b069,Award Year Summary,DL PARENT PLUS | Recipients,parent_plus_recipients,True,5670,[]
direct_loans,2011-2012,2011,DL_Dashboard_AY2011_2012_Q4.xls,https://studentaid.gov/sites/default/files/DL_Dashboard_AY2011_2012_Q4.xls,cf1f0b9dd2d5da1cf3ed5f16509998c66e2b34cc5151fac166a84ffb24e7b069,Award Year Summary,DL PARENT PLUS | # of Loans Originated,parent_plus_loans_originated_n,True,5670,[]
direct_loans,2011-2012,2011,DL_Dashboard_AY2011_2012_Q4.xls,https://studentaid.gov/sites/default/files/DL_Dashboard_AY2011_2012_Q4.xls,cf1f0b9dd2d5da1cf3ed5f16509998c66e2b34cc5151fac166a84ffb24e7b069,Award Year Summary,DL PARENT PLUS | $ of Loans Originated,parent_plus_loans_originated_amt,True,5670,[]
direct_loans,2011-2012,2011,DL_Dashboard_AY2011_2012_Q4.xls,https://studentaid.gov/sites/default/files/DL_Dashboard_AY2011_2012_Q4.xls,cf1f0b9dd2d5da1cf3ed5f16509998c66e2b34cc5151fac166a84ffb24e7b069,Award Year Summary,DL PARENT PLUS | # of Disbursements,parent_plus_disbursements_n,True,5670,[]
direct_loans,2011-2012,2011,DL_Dashboard_AY2011_2012_Q4.xls,https://studentaid.gov/sites/default/files/DL_Dashboard_AY2011_2012_Q4.xls,cf1f0b9dd2d5da1cf3ed5f16509998c66e2b34cc5151fac166a84ffb24e7b069,Award Year Summary,DL PARENT PLUS | $ of Disbursements,parent_plus_disbursements,True,5670,[]
direct_loans,2011-2012,2011,DL_Dashboard_AY2011_2012_Q4.xls,https://studentaid.gov/sites/default/files/DL_Dashboard_AY2011_2012_Q4.xls,cf1f0b9dd2d5da1cf3ed5f16509998c66e2b34cc5151fac166a84ffb24e7b069,Award Year Summary,DL GRAD PLUS | Recipients,grad_plus_recipients,True,5670,[]
direct_loans,2011-2012,2011,DL_Dashboard_AY2011_2012_Q4.xls,https://studentaid.gov/sites/default/files/DL_Dashboard_AY2011_2012_Q4.xls,cf1f0b9dd2d5da1cf3ed5f16509998c66e2b34cc5151fac166a84ffb24e7b069,Award Year Summary,DL GRAD PLUS | # of Loans Originated,grad_plus_loans_originated_n,True,5670,[]
direct_loans,2011-2012,2011,DL_Dashboard_AY2011_2012_Q4.xls,https://studentaid.gov/sites/default/files/DL_Dashboard_AY2011_2012_Q4.xls,cf1f0b9dd2d5da1cf3ed5f16509998c66e2b34cc5151fac166a84ffb24e7b069,Award Year Summary,DL GRAD PLUS | $ of Loans Originated,grad_plus_loans_originated_amt,True,5670,[]
direct_loans,2011-2012,2011,DL_Dashboard_AY2011_2012_Q4.xls,https://studentaid.gov/sites/default/files/DL_Dashboard_AY2011_2012_Q4.xls,cf1f0b9dd2d5da1cf3ed5f16509998c66e2b34cc5151fac166a84ffb24e7b069,Award Year Summary,DL GRAD PLUS | # of Disbursements,grad_plus_disbursements_n,True,5670,[]
direct_loans,2011-2012,2011,DL_Dashboard_AY2011_2012_Q4.xls,https://studentaid.gov/sites/default/files/DL_Dashboard_AY2011_2012_Q4.xls,cf1f0b9dd2d5da1cf3ed5f16509998c66e2b34cc5151fac166a84ffb24e7b069,Award Year Summary,DL GRAD PLUS | $ of Disbursements,grad_plus_disbursements,True,5670,[]
direct_loans,2012-2013,2012,DL_Dashboard_AY2012_2013_Q4.xls,https://studentaid.gov/sites/default/files/DL_Dashboard_AY2012_2013_Q4.xls,c86b0739d1f5ab3d7041ed74c019143a2b1a2c21d81645bae82b3af89722b7c1,Award Year Summary,OPE ID,opeid8,True,5650,[]
direct_loans,2012-2013,2012,DL_Dashboard_AY2012_2013_Q4.xls,https://studentaid.gov/sites/default/files/DL_Dashboard_AY2012_2013_Q4.xls,c86b0739d1f5ab3d7041ed74c019143a2b1a2c21d81645bae82b3af89722b7c1,Award Year Summary,School,school,True,5650,[]
direct_loans,2012-2013,2012,DL_Dashboard_AY2012_2013_Q4.xls,https://studentaid.gov/sites/default/files/DL_Dashboard_AY2012_2013_Q4.xls,c86b0739d1f5ab3d7041ed74c019143a2b1a2c21d81645bae82b3af89722b7c1,Award Year Summary,State,state,True,5650,[]
direct_loans,2012-2013,2012,DL_Dashboard_AY2012_2013_Q4.xls,https://studentaid.gov/sites/default/files/DL_Dashboard_AY2012_2013_Q4.xls,c86b0739d1f5ab3d7041ed74c019143a2b1a2c21d81645bae82b3af89722b7c1,Award Year Summary,Zip Code,zip_code,True,5632,[]
direct_loans,2012-2013,2012,DL_Dashboard_AY2012_2013_Q4.xls,https://studentaid.gov/sites/default/files/DL_Dashboard_AY2012_2013_Q4.xls,c86b0739d1f5ab3d7041ed74c019143a2b1a2c21d81645bae82b3af89722b7c1,Award Year Summary,School Type,school_type,True,5650,[]
direct_loans,2012-2013,2012,DL_Dashboard_AY2012_2013_Q4.xls,https://studentaid.gov/sites/default/files/DL_Dashboard_AY2012_2013_Q4.xls,c86b0739d1f5ab3d7041ed74c019143a2b1a2c21d81645bae82b3af89722b7c1,Award Year Summary,DL SUBSIDIZED | Recipients,subsidized_recipients,True,5650,[]
direct_loans,2012-2013,2012,DL_Dashboard_AY2012_2013_Q4.xls,https://studentaid.gov/sites/default/files/DL_Dashboard_AY2012_2013_Q4.xls,c86b0739d1f5ab3d7041ed74c019143a2b1a2c21d81645bae82b3af89722b7c1,Award Year Summary,DL SUBSIDIZED | # of Loans Originated,subsidized_loans_originated_n,True,5650,[]
direct_loans,2012-2013,2012,DL_Dashboard_AY2012_2013_Q4.xls,https://studentaid.gov/sites/default/files/DL_Dashboard_AY2012_2013_Q4.xls,c86b0739d1f5ab3d7041ed74c019143a2b1a2c21d81645bae82b3af89722b7c1,Award Year Summary,DL SUBSIDIZED | $ of Loans Originated,subsidized_loans_originated_amt,True,5650,[]
direct_loans,2012-2013,2012,DL_Dashboard_AY2012_2013_Q4.xls,https://studentaid.gov/sites/default/files/DL_Dashboard_AY2012_2013_Q4.xls,c86b0739d1f5ab3d7041ed74c019143a2b1a2c21d81645bae82b3af89722b7c1,Award Year Summary,DL SUBSIDIZED | # of Disbursements,subsidized_disbursements_n,True,5650,[]
direct_loans,2012-2013,2012,DL_Dashboard_AY2012_2013_Q4.xls,https://studentaid.gov/sites/default/files/DL_Dashboard_AY2012_2013_Q4.xls,c86b0739d1f5ab3d7041ed74c019143a2b1a2c21d81645bae82b3af89722b7c1,Award Year Summary,DL SUBSIDIZED | $ of Disbursements,subsidized_disbursements,True,5650,[]
direct_loans,2012-2013,2012,DL_Dashboard_AY2012_2013_Q4.xls,https://studentaid.gov/sites/default/files/DL_Dashboard_AY2012_2013_Q4.xls,c86b0739d1f5ab3d7041ed74c019143a2b1a2c21d81645bae82b3af89722b7c1,Award Year Summary,DL UNSUBSIDIZED- UNDERGRADUATE | Recipients,unsubsidized_undergraduate_recipients,True,5650,[]
direct_loans,2012-2013,2012,DL_Dashboard_AY2012_2013_Q4.xls,https://studentaid.gov/sites/default/files/DL_Dashboard_AY2012_2013_Q4.xls,c86b0739d1f5ab3d7041ed74c019143a2b1a2c21d81645bae82b3af89722b7c1,Award Year Summary,DL UNSUBSIDIZED- UNDERGRADUATE | # of Loans Originated,unsubsidized_undergraduate_loans_originated_n,True,5650,[]
direct_loans,2012-2013,2012,DL_Dashboard_AY2012_2013_Q4.xls,https://studentaid.gov/sites/default/files/DL_Dashboard_AY2012_2013_Q4.xls,c86b0739d1f5ab3d7041ed74c019143a2b1a2c21d81645bae82b3af89722b7c1,Award Year Summary,DL UNSUBSIDIZED- UNDERGRADUATE | $ of Loans Originated,unsubsidized_undergraduate_loans_originated_amt,True,5650,[]
direct_loans,2012-2013,2012,DL_Dashboard_AY2012_2013_Q4.xls,https://studentaid.gov/sites/default/files/DL_Dashboard_AY2012_2013_Q4.xls,c86b0739d1f5ab3d7041ed74c019143a2b1a2c21d81645bae82b3af89722b7c1,Award Year Summary,DL UNSUBSIDIZED- UNDERGRADUATE | # of Disbursements,unsubsidized_undergraduate_disbursements_n,True,5650,[]
direct_loans,2012-2013,2012,DL_Dashboard_AY2012_2013_Q4.xls,https://studentaid.gov/sites/default/files/DL_Dashboard_AY2012_2013_Q4.xls,c86b0739d1f5ab3d7041ed74c019143a2b1a2c21d81645bae82b3af89722b7c1,Award Year Summary,DL UNSUBSIDIZED- UNDERGRADUATE | $ of Disbursements,unsubsidized_undergraduate_disbursements,True,5650,[]
direct_loans,2012-2013,2012,DL_Dashboard_AY2012_2013_Q4.xls,https://studentaid.gov/sites/default/files/DL_Dashboard_AY2012_2013_Q4.xls,c86b0739d1f5ab3d7041ed74c019143a2b1a2c21d81645bae82b3af89722b7c1,Award Year Summary,DL UNSUBSIDIZED- GRADUATE | Recipients,unsubsidized_graduate_recipients,True,5650,[]
direct_loans,2012-2013,2012,DL_Dashboard_AY2012_2013_Q4.xls,https://studentaid.gov/sites/default/files/DL_Dashboard_AY2012_2013_Q4.xls,c86b0739d1f5ab3d7041ed74c019143a2b1a2c21d81645bae82b3af89722b7c1,Award Year Summary,DL UNSUBSIDIZED- GRADUATE | # of Loans Originated,unsubsidized_graduate_loans_originated_n,True,5650,[]
direct_loans,2012-2013,2012,DL_Dashboard_AY2012_2013_Q4.xls,https://studentaid.gov/sites/default/files/DL_Dashboard_AY2012_2013_Q4.xls,c86b0739d1f5ab3d7041ed74c019143a2b1a2c21d81645bae82b3af89722b7c1,Award Year Summary,DL UNSUBSIDIZED- GRADUATE | $ of Loans Originated,unsubsidized_graduate_loans_originated_amt,True,5650,[]
direct_loans,2012-2013,2012,DL_Dashboard_AY2012_2013_Q4.xls,https://studentaid.gov/sites/default/files/DL_Dashboard_AY2012_2013_Q4.xls,c86b0739d1f5ab3d7041ed74c019143a2b1a2c21d81645bae82b3af89722b7c1,Award Year Summary,DL UNSUBSIDIZED- GRADUATE | # of Disbursements,unsubsidized_graduate_disbursements_n,True,5650,[]
direct_loans,2012-2013,2012,DL_Dashboard_AY2012_2013_Q4.xls,https://studentaid.gov/sites/default/files/DL_Dashboard_AY2012_2013_Q4.xls,c86b0739d1f5ab3d7041ed74c019143a2b1a2c21d81645bae82b3af89722b7c1,Award Year Summary,DL UNSUBSIDIZED- GRADUATE | $ of Disbursements,unsubsidized_graduate_disbursements,True,5650,[]
direct_loans,2012-2013,2012,DL_Dashboard_AY2012_2013_Q4.xls,https://studentaid.gov/sites/default/files/DL_Dashboard_AY2012_2013_Q4.xls,c86b0739d1f5ab3d7041ed74c019143a2b1a2c21d81645bae82b3af89722b7c1,Award Year Summary,DL PARENT PLUS | Recipients,parent_plus_recipients,True,5650,[]
direct_loans,2012-2013,2012,DL_Dashboard_AY2012_2013_Q4.xls,https://studentaid.gov/sites/default/files/DL_Dashboard_AY2012_2013_Q4.xls,c86b0739d1f5ab3d7041ed74c019143a2b1a2c21d81645bae82b3af89722b7c1,Award Year Summary,DL PARENT PLUS | # of Loans Originated,parent_plus_loans_originated_n,True,5650,[]
direct_loans,2012-2013,2012,DL_Dashboard_AY2012_2013_Q4.xls,https://studentaid.gov/sites/default/files/DL_Dashboard_AY2012_2013_Q4.xls,c86b0739d1f5ab3d7041ed74c019143a2b1a2c21d81645bae82b3af89722b7c1,Award Year Summary,DL PARENT PLUS | $ of Loans Originated,parent_plus_loans_originated_amt,True,5650,[]
direct_loans,2012-2013,2012,DL_Dashboard_AY2012_2013_Q4.xls,https://studentaid.gov/sites/default/files/DL_Dashboard_AY2012_2013_Q4.xls,c86b0739d1f5ab3d7041ed74c019143a2b1a2c21d81645bae82b3af89722b7c1,Award Year Summary,DL PARENT PLUS | # of Disbursements,parent_plus_disbursements_n,True,5650,[]
direct_loans,2012-2013,2012,DL_Dashboard_AY2012_2013_Q4.xls,https://studentaid.gov/sites/default/files/DL_Dashboard_AY2012_2013_Q4.xls,c86b0739d1f5ab3d7041ed74c019143a2b1a2c21d81645bae82b3af89722b7c1,Award Year Summary,DL PARENT PLUS | $ of Disbursements,parent_plus_disbursements,True,5650,[]
direct_loans,2012-2013,2012,DL_Dashboard_AY2012_2013_Q4.xls,https://studentaid.gov/sites/default/files/DL_Dashboard_AY2012_2013_Q4.xls,c86b0739d1f5ab3d7041ed74c019143a2b1a2c21d81645bae82b3af89722b7c1,Award Year Summary,DL GRAD PLUS | Recipients,grad_plus_recipients,True,5650,[]
direct_loans,2012-2013,2012,DL_Dashboard_AY2012_2013_Q4.xls,https://studentaid.gov/sites/default/files/DL_Dashboard_AY2012_2013_Q4.xls,c86b0739d1f5ab3d7041ed74c019143a2b1a2c21d81645bae82b3af89722b7c1,Award Year Summary,DL GRAD PLUS | # of Loans Originated,grad_plus_loans_originated_n,True,5650,[]
direct_loans,2012-2013,2012,DL_Dashboard_AY2012_2013_Q4.xls,https://studentaid.gov/sites/default/files/DL_Dashboard_AY2012_2013_Q4.xls,c86b0739d1f5ab3d7041ed74c019143a2b1a2c21d81645bae82b3af89722b7c1,Award Year Summary,DL GRAD PLUS | $ of Loans Originated,grad_plus_loans_originated_amt,True,5650,[]
direct_loans,2012-2013,2012,DL_Dashboard_AY2012_2013_Q4.xls,https://studentaid.gov/sites/default/files/DL_Dashboard_AY2012_2013_Q4.xls,c86b0739d1f5ab3d7041ed74c019143a2b1a2c21d81645bae82b3af89722b7c1,Award Year Summary,DL GRAD PLUS | # of Disbursements,grad_plus_disbursements_n,True,5650,[]
direct_loans,2012-2013,2012,DL_Dashboard_AY2012_2013_Q4.xls,https://studentaid.gov/sites/default/files/DL_Dashboard_AY2012_2013_Q4.xls,c86b0739d1f5ab3d7041ed74c019143a2b1a2c21d81645bae82b3af89722b7c1,Award Year Summary,DL GRAD PLUS | $ of Disbursements,grad_plus_disbursements,True,5650,[]
direct_loans,2013-2014,2013,DL_Dashboard_AY2013_2014_Q4.xls,https://studentaid.gov/sites/default/files/DL_Dashboard_AY2013_2014_Q4.xls,8215a9e5a5d630b822881eb169006455fafe0b808253ceb9b29808413cdb6d69,Award Year Summary,OPE ID,opeid8,True,5516,[]
direct_loans,2013-2014,2013,DL_Dashboard_AY2013_2014_Q4.xls,https://studentaid.gov/sites/default/files/DL_Dashboard_AY2013_2014_Q4.xls,8215a9e5a5d630b822881eb169006455fafe0b808253ceb9b29808413cdb6d69,Award Year Summary,School,school,True,5516,[]
direct_loans,2013-2014,2013,DL_Dashboard_AY2013_2014_Q4.xls,https://studentaid.gov/sites/default/files/DL_Dashboard_AY2013_2014_Q4.xls,8215a9e5a5d630b822881eb169006455fafe0b808253ceb9b29808413cdb6d69,Award Year Summary,State,state,True,5141,[]
direct_loans,2013-2014,2013,DL_Dashboard_AY2013_2014_Q4.xls,https://studentaid.gov/sites/default/files/DL_Dashboard_AY2013_2014_Q4.xls,8215a9e5a5d630b822881eb169006455fafe0b808253ceb9b29808413cdb6d69,Award Year Summary,Zip Code,zip_code,True,5498,[]
direct_loans,2013-2014,2013,DL_Dashboard_AY2013_2014_Q4.xls,https://studentaid.gov/sites/default/files/DL_Dashboard_AY2013_2014_Q4.xls,8215a9e5a5d630b822881eb169006455fafe0b808253ceb9b29808413cdb6d69,Award Year Summary,School Type,school_type,True,5516,[]
direct_loans,2013-2014,2013,DL_Dashboard_AY2013_2014_Q4.xls,https://studentaid.gov/sites/default/files/DL_Dashboard_AY2013_2014_Q4.xls,8215a9e5a5d630b822881eb169006455fafe0b808253ceb9b29808413cdb6d69,Award Year Summary,DL SUBSIDIZED | Recipients,subsidized_recipients,True,5516,[]
direct_loans,2013-2014,2013,DL_Dashboard_AY2013_2014_Q4.xls,https://studentaid.gov/sites/default/files/DL_Dashboard_AY2013_2014_Q4.xls,8215a9e5a5d630b822881eb169006455fafe0b808253ceb9b29808413cdb6d69,Award Year Summary,DL SUBSIDIZED | # of Loans Originated,subsidized_loans_originated_n,True,5516,[]
direct_loans,2013-2014,2013,DL_Dashboard_AY2013_2014_Q4.xls,https://studentaid.gov/sites/default/files/DL_Dashboard_AY2013_2014_Q4.xls,8215a9e5a5d630b822881eb169006455fafe0b808253ceb9b29808413cdb6d69,Award Year Summary,DL SUBSIDIZED | $ of Loans Originated,subsidized_loans_originated_amt,True,5516,[]
direct_loans,2013-2014,2013,DL_Dashboard_AY2013_2014_Q4.xls,https://studentaid.gov/sites/default/files/DL_Dashboard_AY2013_2014_Q4.xls,8215a9e5a5d630b822881eb169006455fafe0b808253ceb9b29808413cdb6d69,Award Year Summary,DL SUBSIDIZED | # of Disbursements,subsidized_disbursements_n,True,5516,[]
direct_loans,2013-2014,2013,DL_Dashboard_AY2013_2014_Q4.xls,https://studentaid.gov/sites/default/files/DL_Dashboard_AY2013_2014_Q4.xls,8215a9e5a5d630b822881eb169006455fafe0b808253ceb9b29808413cdb6d69,Award Year Summary,DL SUBSIDIZED | $ of Disbursements,subsidized_disbursements,True,5516,[]
direct_loans,2013-2014,2013,DL_Dashboard_AY2013_2014_Q4.xls,https://studentaid.gov/sites/default/files/DL_Dashboard_AY2013_2014_Q4.xls,8215a9e5a5d630b822881eb169006455fafe0b808253ceb9b29808413cdb6d69,Award Year Summary,DL UNSUBSIDIZED- UNDERGRADUATE | Recipients,unsubsidized_undergraduate_recipients,True,5516,[]
direct_loans,2013-2014,2013,DL_Dashboard_AY2013_2014_Q4.xls,https://studentaid.gov/sites/default/files/DL_Dashboard_AY2013_2014_Q4.xls,8215a9e5a5d630b822881eb169006455fafe0b808253ceb9b29808413cdb6d69,Award Year Summary,DL UNSUBSIDIZED- UNDERGRADUATE | # of Loans Originated,unsubsidized_undergraduate_loans_originated_n,True,5516,[]
direct_loans,2013-2014,2013,DL_Dashboard_AY2013_2014_Q4.xls,https://studentaid.gov/sites/default/files/DL_Dashboard_AY2013_2014_Q4.xls,8215a9e5a5d630b822881eb169006455fafe0b808253ceb9b29808413cdb6d69,Award Year Summary,DL UNSUBSIDIZED- UNDERGRADUATE | $ of Loans Originated,unsubsidized_undergraduate_loans_originated_amt,True,5516,[]
direct_loans,2013-2014,2013,DL_Dashboard_AY2013_2014_Q4.xls,https://studentaid.gov/sites/default/files/DL_Dashboard_AY2013_2014_Q4.xls,8215a9e5a5d630b822881eb169006455fafe0b808253ceb9b29808413cdb6d69,Award Year Summary,DL UNSUBSIDIZED- UNDERGRADUATE | # of Disbursements,unsubsidized_undergraduate_disbursements_n,True,5516,[]
direct_loans,2013-2014,2013,DL_Dashboard_AY2013_2014_Q4.xls,https://studentaid.gov/sites/default/files/DL_Dashboard_AY2013_2014_Q4.xls,8215a9e5a5d630b822881eb169006455fafe0b808253ceb9b29808413cdb6d69,Award Year Summary,DL UNSUBSIDIZED- UNDERGRADUATE | $ of Disbursements,unsubsidized_undergraduate_disbursements,True,5516,[]
direct_loans,2013-2014,2013,DL_Dashboard_AY2013_2014_Q4.xls,https://studentaid.gov/sites/default/files/DL_Dashboard_AY2013_2014_Q4.xls,8215a9e5a5d630b822881eb169006455fafe0b808253ceb9b29808413cdb6d69,Award Year Summary,DL UNSUBSIDIZED- GRADUATE | Recipients,unsubsidized_graduate_recipients,True,5516,[]
direct_loans,2013-2014,2013,DL_Dashboard_AY2013_2014_Q4.xls,https://studentaid.gov/sites/default/files/DL_Dashboard_AY2013_2014_Q4.xls,8215a9e5a5d630b822881eb169006455fafe0b808253ceb9b29808413cdb6d69,Award Year Summary,DL UNSUBSIDIZED- GRADUATE | # of Loans Originated,unsubsidized_graduate_loans_originated_n,True,5516,[]
direct_loans,2013-2014,2013,DL_Dashboard_AY2013_2014_Q4.xls,https://studentaid.gov/sites/default/files/DL_Dashboard_AY2013_2014_Q4.xls,8215a9e5a5d630b822881eb169006455fafe0b808253ceb9b29808413cdb6d69,Award Year Summary,DL UNSUBSIDIZED- GRADUATE | $ of Loans Originated,unsubsidized_graduate_loans_originated_amt,True,5516,[]
direct_loans,2013-2014,2013,DL_Dashboard_AY2013_2014_Q4.xls,https://studentaid.gov/sites/default/files/DL_Dashboard_AY2013_2014_Q4.xls,8215a9e5a5d630b822881eb169006455fafe0b808253ceb9b29808413cdb6d69,Award Year Summary,DL UNSUBSIDIZED- GRADUATE | # of Disbursements,unsubsidized_graduate_disbursements_n,True,5516,[]
direct_loans,2013-2014,2013,DL_Dashboard_AY2013_2014_Q4.xls,https://studentaid.gov/sites/default/files/DL_Dashboard_AY2013_2014_Q4.xls,8215a9e5a5d630b822881eb169006455fafe0b808253ceb9b29808413cdb6d69,Award Year Summary,DL UNSUBSIDIZED- GRADUATE | $ of Disbursements,unsubsidized_graduate_disbursements,True,5516,[]
direct_loans,2013-2014,2013,DL_Dashboard_AY2013_2014_Q4.xls,https://studentaid.gov/sites/default/files/DL_Dashboard_AY2013_2014_Q4.xls,8215a9e5a5d630b822881eb169006455fafe0b808253ceb9b29808413cdb6d69,Award Year Summary,DL PARENT PLUS | Recipients,parent_plus_recipients,True,5516,[]
direct_loans,2013-2014,2013,DL_Dashboard_AY2013_2014_Q4.xls,https://studentaid.gov/sites/default/files/DL_Dashboard_AY2013_2014_Q4.xls,8215a9e5a5d630b822881eb169006455fafe0b808253ceb9b29808413cdb6d69,Award Year Summary,DL PARENT PLUS | # of Loans Originated,parent_plus_loans_originated_n,True,5516,[]
direct_loans,2013-2014,2013,DL_Dashboard_AY2013_2014_Q4.xls,https://studentaid.gov/sites/default/files/DL_Dashboard_AY2013_2014_Q4.xls,8215a9e5a5d630b822881eb169006455fafe0b808253ceb9b29808413cdb6d69,Award Year Summary,DL PARENT PLUS | $ of Loans Originated,parent_plus_loans_originated_amt,True,5516,[]
direct_loans,2013-2014,2013,DL_Dashboard_AY2013_2014_Q4.xls,https://studentaid.gov/sites/default/files/DL_Dashboard_AY2013_2014_Q4.xls,8215a9e5a5d630b822881eb169006455fafe0b808253ceb9b29808413cdb6d69,Award Year Summary,DL PARENT PLUS | # of Disbursements,parent_plus_disbursements_n,True,5516,[]
direct_loans,2013-2014,2013,DL_Dashboard_AY2013_2014_Q4.xls,https://studentaid.gov/sites/default/files/DL_Dashboard_AY2013_2014_Q4.xls,8215a9e5a5d630b822881eb169006455fafe0b808253ceb9b29808413cdb6d69,Award Year Summary,DL PARENT PLUS | $ of Disbursements,parent_plus_disbursements,True,5516,[]
direct_loans,2013-2014,2013,DL_Dashboard_AY2013_2014_Q4.xls,https://studentaid.gov/sites/default/files/DL_Dashboard_AY2013_2014_Q4.xls,8215a9e5a5d630b822881eb169006455fafe0b808253ceb9b29808413cdb6d69,Award Year Summary,DL GRAD PLUS | Recipients,grad_plus_recipients,True,5516,[]
direct_loans,2013-2014,2013,DL_Dashboard_AY2013_2014_Q4.xls,https://studentaid.gov/sites/default/files/DL_Dashboard_AY2013_2014_Q4.xls,8215a9e5a5d630b822881eb169006455fafe0b808253ceb9b29808413cdb6d69,Award Year Summary,DL GRAD PLUS | # of Loans Originated,grad_plus_loans_originated_n,True,5516,[]
direct_loans,2013-2014,2013,DL_Dashboard_AY2013_2014_Q4.xls,https://studentaid.gov/sites/default/files/DL_Dashboard_AY2013_2014_Q4.xls,8215a9e5a5d630b822881eb169006455fafe0b808253ceb9b29808413cdb6d69,Award Year Summary,DL GRAD PLUS | $ of Loans Originated,grad_plus_loans_originated_amt,True,5516,[]
direct_loans,2013-2014,2013,DL_Dashboard_AY2013_2014_Q4.xls,https://studentaid.gov/sites/default/files/DL_Dashboard_AY2013_2014_Q4.xls,8215a9e5a5d630b822881eb169006455fafe0b808253ceb9b29808413cdb6d69,Award Year Summary,DL GRAD PLUS | # of Disbursements,grad_plus_disbursements_n,True,5516,[]
direct_loans,2013-2014,2013,DL_Dashboard_AY2013_2014_Q4.xls,https://studentaid.gov/sites/default/files/DL_Dashboard_AY2013_2014_Q4.xls,8215a9e5a5d630b822881eb169006455fafe0b808253ceb9b29808413cdb6d69,Award Year Summary,DL GRAD PLUS | $ of Disbursements,grad_plus_disbursements,True,5516,[]
direct_loans,2014-2015,2014,DL_Dashboard_AY2014_2015_Q4.xls,https://studentaid.gov/sites/default/files/fsawg/datacenter/library/DL_Dashboard_AY2014_2015_Q4.xls,f03707afdc4a572ede56b2b772fc2f55660eb7dd5d1ef68e89ee71fd16def90e,Award Year Summary,OPE ID,opeid8,True,5473,[]
direct_loans,2014-2015,2014,DL_Dashboard_AY2014_2015_Q4.xls,https://studentaid.gov/sites/default/files/fsawg/datacenter/library/DL_Dashboard_AY2014_2015_Q4.xls,f03707afdc4a572ede56b2b772fc2f55660eb7dd5d1ef68e89ee71fd16def90e,Award Year Summary,School,school,True,5473,[]
direct_loans,2014-2015,2014,DL_Dashboard_AY2014_2015_Q4.xls,https://studentaid.gov/sites/default/files/fsawg/datacenter/library/DL_Dashboard_AY2014_2015_Q4.xls,f03707afdc4a572ede56b2b772fc2f55660eb7dd5d1ef68e89ee71fd16def90e,Award Year Summary,State,state,True,5100,[]
direct_loans,2014-2015,2014,DL_Dashboard_AY2014_2015_Q4.xls,https://studentaid.gov/sites/default/files/fsawg/datacenter/library/DL_Dashboard_AY2014_2015_Q4.xls,f03707afdc4a572ede56b2b772fc2f55660eb7dd5d1ef68e89ee71fd16def90e,Award Year Summary,Zip Code,zip_code,True,5453,[]
direct_loans,2014-2015,2014,DL_Dashboard_AY2014_2015_Q4.xls,https://studentaid.gov/sites/default/files/fsawg/datacenter/library/DL_Dashboard_AY2014_2015_Q4.xls,f03707afdc4a572ede56b2b772fc2f55660eb7dd5d1ef68e89ee71fd16def90e,Award Year Summary,School Type,school_type,True,5473,[]
direct_loans,2014-2015,2014,DL_Dashboard_AY2014_2015_Q4.xls,https://studentaid.gov/sites/default/files/fsawg/datacenter/library/DL_Dashboard_AY2014_2015_Q4.xls,f03707afdc4a572ede56b2b772fc2f55660eb7dd5d1ef68e89ee71fd16def90e,Award Year Summary,DL SUBSIDIZED | Recipients,subsidized_recipients,True,5473,[]
direct_loans,2014-2015,2014,DL_Dashboard_AY2014_2015_Q4.xls,https://studentaid.gov/sites/default/files/fsawg/datacenter/library/DL_Dashboard_AY2014_2015_Q4.xls,f03707afdc4a572ede56b2b772fc2f55660eb7dd5d1ef68e89ee71fd16def90e,Award Year Summary,DL SUBSIDIZED | # of Loans Originated,subsidized_loans_originated_n,True,5473,[]
direct_loans,2014-2015,2014,DL_Dashboard_AY2014_2015_Q4.xls,https://studentaid.gov/sites/default/files/fsawg/datacenter/library/DL_Dashboard_AY2014_2015_Q4.xls,f03707afdc4a572ede56b2b772fc2f55660eb7dd5d1ef68e89ee71fd16def90e,Award Year Summary,DL SUBSIDIZED | $ of Loans Originated,subsidized_loans_originated_amt,True,5473,[]
direct_loans,2014-2015,2014,DL_Dashboard_AY2014_2015_Q4.xls,https://studentaid.gov/sites/default/files/fsawg/datacenter/library/DL_Dashboard_AY2014_2015_Q4.xls,f03707afdc4a572ede56b2b772fc2f55660eb7dd5d1ef68e89ee71fd16def90e,Award Year Summary,DL SUBSIDIZED | # of Disbursements,subsidized_disbursements_n,True,5473,[]
direct_loans,2014-2015,2014,DL_Dashboard_AY2014_2015_Q4.xls,https://studentaid.gov/sites/default/files/fsawg/datacenter/library/DL_Dashboard_AY2014_2015_Q4.xls,f03707afdc4a572ede56b2b772fc2f55660eb7dd5d1ef68e89ee71fd16def90e,Award Year Summary,DL SUBSIDIZED | $ of Disbursements,subsidized_disbursements,True,5473,[]
direct_loans,2014-2015,2014,DL_Dashboard_AY2014_2015_Q4.xls,https://studentaid.gov/sites/default/files/fsawg/datacenter/library/DL_Dashboard_AY2014_2015_Q4.xls,f03707afdc4a572ede56b2b772fc2f55660eb7dd5d1ef68e89ee71fd16def90e,Award Year Summary,DL UNSUBSIDIZED- UNDERGRADUATE | Recipients,unsubsidized_undergraduate_recipients,True,5473,[]
direct_loans,2014-2015,2014,DL_Dashboard_AY2014_2015_Q4.xls,https://studentaid.gov/sites/default/files/fsawg/datacenter/library/DL_Dashboard_AY2014_2015_Q4.xls,f03707afdc4a572ede56b2b772fc2f55660eb7dd5d1ef68e89ee71fd16def90e,Award Year Summary,DL UNSUBSIDIZED- UNDERGRADUATE | # of Loans Originated,unsubsidized_undergraduate_loans_originated_n,True,5473,[]
direct_loans,2014-2015,2014,DL_Dashboard_AY2014_2015_Q4.xls,https://studentaid.gov/sites/default/files/fsawg/datacenter/library/DL_Dashboard_AY2014_2015_Q4.xls,f03707afdc4a572ede56b2b772fc2f55660eb7dd5d1ef68e89ee71fd16def90e,Award Year Summary,DL UNSUBSIDIZED- UNDERGRADUATE | $ of Loans Originated,unsubsidized_undergraduate_loans_originated_amt,True,5473,[]
direct_loans,2014-2015,2014,DL_Dashboard_AY2014_2015_Q4.xls,https://studentaid.gov/sites/default/files/fsawg/datacenter/library/DL_Dashboard_AY2014_2015_Q4.xls,f03707afdc4a572ede56b2b772fc2f55660eb7dd5d1ef68e89ee71fd16def90e,Award Year Summary,DL UNSUBSIDIZED- UNDERGRADUATE | # of Disbursements,unsubsidized_undergraduate_disbursements_n,True,5473,[]
direct_loans,2014-2015,2014,DL_Dashboard_AY2014_2015_Q4.xls,https://studentaid.gov/sites/default/files/fsawg/datacenter/library/DL_Dashboard_AY2014_2015_Q4.xls,f03707afdc4a572ede56b2b772fc2f55660eb7dd5d1ef68e89ee71fd16def90e,Award Year Summary,DL UNSUBSIDIZED- UNDERGRADUATE | $ of Disbursements,unsubsidized_undergraduate_disbursements,True,5473,[]
direct_loans,2014-2015,2014,DL_Dashboard_AY2014_2015_Q4.xls,https://studentaid.gov/sites/default/files/fsawg/datacenter/library/DL_Dashboard_AY2014_2015_Q4.xls,f03707afdc4a572ede56b2b772fc2f55660eb7dd5d1ef68e89ee71fd16def90e,Award Year Summary,DL UNSUBSIDIZED- GRADUATE | Recipients,unsubsidized_graduate_recipients,True,5473,[]
direct_loans,2014-2015,2014,DL_Dashboard_AY2014_2015_Q4.xls,https://studentaid.gov/sites/default/files/fsawg/datacenter/library/DL_Dashboard_AY2014_2015_Q4.xls,f03707afdc4a572ede56b2b772fc2f55660eb7dd5d1ef68e89ee71fd16def90e,Award Year Summary,DL UNSUBSIDIZED- GRADUATE | # of Loans Originated,unsubsidized_graduate_loans_originated_n,True,5473,[]
direct_loans,2014-2015,2014,DL_Dashboard_AY2014_2015_Q4.xls,https://studentaid.gov/sites/default/files/fsawg/datacenter/library/DL_Dashboard_AY2014_2015_Q4.xls,f03707afdc4a572ede56b2b772fc2f55660eb7dd5d1ef68e89ee71fd16def90e,Award Year Summary,DL UNSUBSIDIZED- GRADUATE | $ of Loans Originated,unsubsidized_graduate_loans_originated_amt,True,5473,[]
direct_loans,2014-2015,2014,DL_Dashboard_AY2014_2015_Q4.xls,https://studentaid.gov/sites/default/files/fsawg/datacenter/library/DL_Dashboard_AY2014_2015_Q4.xls,f03707afdc4a572ede56b2b772fc2f55660eb7dd5d1ef68e89ee71fd16def90e,Award Year Summary,DL UNSUBSIDIZED- GRADUATE | # of Disbursements,unsubsidized_graduate_disbursements_n,True,5473,[]
direct_loans,2014-2015,2014,DL_Dashboard_AY2014_2015_Q4.xls,https://studentaid.gov/sites/default/files/fsawg/datacenter/library/DL_Dashboard_AY2014_2015_Q4.xls,f03707afdc4a572ede56b2b772fc2f55660eb7dd5d1ef68e89ee71fd16def90e,Award Year Summary,DL UNSUBSIDIZED- GRADUATE | $ of Disbursements,unsubsidized_graduate_disbursements,True,5473,[]
direct_loans,2014-2015,2014,DL_Dashboard_AY2014_2015_Q4.xls,https://studentaid.gov/sites/default/files/fsawg/datacenter/library/DL_Dashboard_AY2014_2015_Q4.xls,f03707afdc4a572ede56b2b772fc2f55660eb7dd5d1ef68e89ee71fd16def90e,Award Year Summary,DL PARENT PLUS | Recipients,parent_plus_recipients,True,5473,[]
direct_loans,2014-2015,2014,DL_Dashboard_AY2014_2015_Q4.xls,https://studentaid.gov/sites/default/files/fsawg/datacenter/library/DL_Dashboard_AY2014_2015_Q4.xls,f03707afdc4a572ede56b2b772fc2f55660eb7dd5d1ef68e89ee71fd16def90e,Award Year Summary,DL PARENT PLUS | # of Loans Originated,parent_plus_loans_originated_n,True,5473,[]
direct_loans,2014-2015,2014,DL_Dashboard_AY2014_2015_Q4.xls,https://studentaid.gov/sites/default/files/fsawg/datacenter/library/DL_Dashboard_AY2014_2015_Q4.xls,f03707afdc4a572ede56b2b772fc2f55660eb7dd5d1ef68e89ee71fd16def90e,Award Year Summary,DL PARENT PLUS | $ of Loans Originated,parent_plus_loans_originated_amt,True,5473,[]
direct_loans,2014-2015,2014,DL_Dashboard_AY2014_2015_Q4.xls,https://studentaid.gov/sites/default/files/fsawg/datacenter/library/DL_Dashboard_AY2014_2015_Q4.xls,f03707afdc4a572ede56b2b772fc2f55660eb7dd5d1ef68e89ee71fd16def90e,Award Year Summary,DL PARENT PLUS | # of Disbursements,parent_plus_disbursements_n,True,5473,[]
direct_loans,2014-2015,2014,DL_Dashboard_AY2014_2015_Q4.xls,https://studentaid.gov/sites/default/files/fsawg/datacenter/library/DL_Dashboard_AY2014_2015_Q4.xls,f03707afdc4a572ede56b2b772fc2f55660eb7dd5d1ef68e89ee71fd16def90e,Award Year Summary,DL PARENT PLUS | $ of Disbursements,parent_plus_disbursements,True,5473,[]
direct_loans,2014-2015,2014,DL_Dashboard_AY2014_2015_Q4.xls,https://studentaid.gov/sites/default/files/fsawg/datacenter/library/DL_Dashboard_AY2014_2015_Q4.xls,f03707afdc4a572ede56b2b772fc2f55660eb7dd5d1ef68e89ee71fd16def90e,Award Year Summary,DL GRAD PLUS | Recipients,grad_plus_recipients,True,5473,[]
direct_loans,2014-2015,2014,DL_Dashboard_AY2014_2015_Q4.xls,https://studentaid.gov/sites/default/files/fsawg/datacenter/library/DL_Dashboard_AY2014_2015_Q4.xls,f03707afdc4a572ede56b2b772fc2f55660eb7dd5d1ef68e89ee71fd16def90e,Award Year Summary,DL GRAD PLUS | # of Loans Originated,grad_plus_loans_originated_n,True,5473,[]
direct_loans,2014-2015,2014,DL_Dashboard_AY2014_2015_Q4.xls,https://studentaid.gov/sites/default/files/fsawg/datacenter/library/DL_Dashboard_AY2014_2015_Q4.xls,f03707afdc4a572ede56b2b772fc2f55660eb7dd5d1ef68e89ee71fd16def90e,Award Year Summary,DL GRAD PLUS | $ of Loans Originated,grad_plus_loans_originated_amt,True,5473,[]
direct_loans,2014-2015,2014,DL_Dashboard_AY2014_2015_Q4.xls,https://studentaid.gov/sites/default/files/fsawg/datacenter/library/DL_Dashboard_AY2014_2015_Q4.xls,f03707afdc4a572ede56b2b772fc2f55660eb7dd5d1ef68e89ee71fd16def90e,Award Year Summary,DL GRAD PLUS | # of Disbursements,grad_plus_disbursements_n,True,5473,[]
direct_loans,2014-2015,2014,DL_Dashboard_AY2014_2015_Q4.xls,https://studentaid.gov/sites/default/files/fsawg/datacenter/library/DL_Dashboard_AY2014_2015_Q4.xls,f03707afdc4a572ede56b2b772fc2f55660eb7dd5d1ef68e89ee71fd16def90e,Award Year Summary,DL GRAD PLUS | $ of Disbursements,grad_plus_disbursements,True,5473,[]
direct_loans,2015-2016,2015,DL_Dashboard_AY2015_2016_Q4.xls,https://studentaid.gov/sites/default/files/fsawg/datacenter/library/DL_Dashboard_AY2015_2016_Q4.xls,9714726bc16e0d5722768f552b1c7efdc7dc6c9f4684f3a46153e97489fa4d10,Award Year Summary,OPE ID,opeid8,True,5441,[]
direct_loans,2015-2016,2015,DL_Dashboard_AY2015_2016_Q4.xls,https://studentaid.gov/sites/default/files/fsawg/datacenter/library/DL_Dashboard_AY2015_2016_Q4.xls,9714726bc16e0d5722768f552b1c7efdc7dc6c9f4684f3a46153e97489fa4d10,Award Year Summary,School,school,True,5441,[]
direct_loans,2015-2016,2015,DL_Dashboard_AY2015_2016_Q4.xls,https://studentaid.gov/sites/default/files/fsawg/datacenter/library/DL_Dashboard_AY2015_2016_Q4.xls,9714726bc16e0d5722768f552b1c7efdc7dc6c9f4684f3a46153e97489fa4d10,Award Year Summary,State,state,True,5063,[]
direct_loans,2015-2016,2015,DL_Dashboard_AY2015_2016_Q4.xls,https://studentaid.gov/sites/default/files/fsawg/datacenter/library/DL_Dashboard_AY2015_2016_Q4.xls,9714726bc16e0d5722768f552b1c7efdc7dc6c9f4684f3a46153e97489fa4d10,Award Year Summary,Zip Code,zip_code,True,5424,[]
direct_loans,2015-2016,2015,DL_Dashboard_AY2015_2016_Q4.xls,https://studentaid.gov/sites/default/files/fsawg/datacenter/library/DL_Dashboard_AY2015_2016_Q4.xls,9714726bc16e0d5722768f552b1c7efdc7dc6c9f4684f3a46153e97489fa4d10,Award Year Summary,School Type,school_type,True,5441,[]
direct_loans,2015-2016,2015,DL_Dashboard_AY2015_2016_Q4.xls,https://studentaid.gov/sites/default/files/fsawg/datacenter/library/DL_Dashboard_AY2015_2016_Q4.xls,9714726bc16e0d5722768f552b1c7efdc7dc6c9f4684f3a46153e97489fa4d10,Award Year Summary,DL SUBSIDIZED | Recipients,subsidized_recipients,True,5441,[]
direct_loans,2015-2016,2015,DL_Dashboard_AY2015_2016_Q4.xls,https://studentaid.gov/sites/default/files/fsawg/datacenter/library/DL_Dashboard_AY2015_2016_Q4.xls,9714726bc16e0d5722768f552b1c7efdc7dc6c9f4684f3a46153e97489fa4d10,Award Year Summary,DL SUBSIDIZED | # of Loans Originated,subsidized_loans_originated_n,True,5441,[]
direct_loans,2015-2016,2015,DL_Dashboard_AY2015_2016_Q4.xls,https://studentaid.gov/sites/default/files/fsawg/datacenter/library/DL_Dashboard_AY2015_2016_Q4.xls,9714726bc16e0d5722768f552b1c7efdc7dc6c9f4684f3a46153e97489fa4d10,Award Year Summary,DL SUBSIDIZED | $ of Loans Originated,subsidized_loans_originated_amt,True,5441,[]
direct_loans,2015-2016,2015,DL_Dashboard_AY2015_2016_Q4.xls,https://studentaid.gov/sites/default/files/fsawg/datacenter/library/DL_Dashboard_AY2015_2016_Q4.xls,9714726bc16e0d5722768f552b1c7efdc7dc6c9f4684f3a46153e97489fa4d10,Award Year Summary,DL SUBSIDIZED | # of Disbursements,subsidized_disbursements_n,True,5441,[]
direct_loans,2015-2016,2015,DL_Dashboard_AY2015_2016_Q4.xls,https://studentaid.gov/sites/default/files/fsawg/datacenter/library/DL_Dashboard_AY2015_2016_Q4.xls,9714726bc16e0d5722768f552b1c7efdc7dc6c9f4684f3a46153e97489fa4d10,Award Year Summary,DL SUBSIDIZED | $ of Disbursements,subsidized_disbursements,True,5441,[]
direct_loans,2015-2016,2015,DL_Dashboard_AY2015_2016_Q4.xls,https://studentaid.gov/sites/default/files/fsawg/datacenter/library/DL_Dashboard_AY2015_2016_Q4.xls,9714726bc16e0d5722768f552b1c7efdc7dc6c9f4684f3a46153e97489fa4d10,Award Year Summary,DL UNSUBSIDIZED- UNDERGRADUATE | Recipients,unsubsidized_undergraduate_recipients,True,5441,[]
direct_loans,2015-2016,2015,DL_Dashboard_AY2015_2016_Q4.xls,https://studentaid.gov/sites/default/files/fsawg/datacenter/library/DL_Dashboard_AY2015_2016_Q4.xls,9714726bc16e0d5722768f552b1c7efdc7dc6c9f4684f3a46153e97489fa4d10,Award Year Summary,DL UNSUBSIDIZED- UNDERGRADUATE | # of Loans Originated,unsubsidized_undergraduate_loans_originated_n,True,5441,[]
direct_loans,2015-2016,2015,DL_Dashboard_AY2015_2016_Q4.xls,https://studentaid.gov/sites/default/files/fsawg/datacenter/library/DL_Dashboard_AY2015_2016_Q4.xls,9714726bc16e0d5722768f552b1c7efdc7dc6c9f4684f3a46153e97489fa4d10,Award Year Summary,DL UNSUBSIDIZED- UNDERGRADUATE | $ of Loans Originated,unsubsidized_undergraduate_loans_originated_amt,True,5441,[]
direct_loans,2015-2016,2015,DL_Dashboard_AY2015_2016_Q4.xls,https://studentaid.gov/sites/default/files/fsawg/datacenter/library/DL_Dashboard_AY2015_2016_Q4.xls,9714726bc16e0d5722768f552b1c7efdc7dc6c9f4684f3a46153e97489fa4d10,Award Year Summary,DL UNSUBSIDIZED- UNDERGRADUATE | # of Disbursements,unsubsidized_undergraduate_disbursements_n,True,5441,[]
direct_loans,2015-2016,2015,DL_Dashboard_AY2015_2016_Q4.xls,https://studentaid.gov/sites/default/files/fsawg/datacenter/library/DL_Dashboard_AY2015_2016_Q4.xls,9714726bc16e0d5722768f552b1c7efdc7dc6c9f4684f3a46153e97489fa4d10,Award Year Summary,DL UNSUBSIDIZED- UNDERGRADUATE | $ of Disbursements,unsubsidized_undergraduate_disbursements,True,5441,[]
direct_loans,2015-2016,2015,DL_Dashboard_AY2015_2016_Q4.xls,https://studentaid.gov/sites/default/files/fsawg/datacenter/library/DL_Dashboard_AY2015_2016_Q4.xls,9714726bc16e0d5722768f552b1c7efdc7dc6c9f4684f3a46153e97489fa4d10,Award Year Summary,DL UNSUBSIDIZED- GRADUATE | Recipients,unsubsidized_graduate_recipients,True,5441,[]
direct_loans,2015-2016,2015,DL_Dashboard_AY2015_2016_Q4.xls,https://studentaid.gov/sites/default/files/fsawg/datacenter/library/DL_Dashboard_AY2015_2016_Q4.xls,9714726bc16e0d5722768f552b1c7efdc7dc6c9f4684f3a46153e97489fa4d10,Award Year Summary,DL UNSUBSIDIZED- GRADUATE | # of Loans Originated,unsubsidized_graduate_loans_originated_n,True,5441,[]
direct_loans,2015-2016,2015,DL_Dashboard_AY2015_2016_Q4.xls,https://studentaid.gov/sites/default/files/fsawg/datacenter/library/DL_Dashboard_AY2015_2016_Q4.xls,9714726bc16e0d5722768f552b1c7efdc7dc6c9f4684f3a46153e97489fa4d10,Award Year Summary,DL UNSUBSIDIZED- GRADUATE | $ of Loans Originated,unsubsidized_graduate_loans_originated_amt,True,5441,[]
direct_loans,2015-2016,2015,DL_Dashboard_AY2015_2016_Q4.xls,https://studentaid.gov/sites/default/files/fsawg/datacenter/library/DL_Dashboard_AY2015_2016_Q4.xls,9714726bc16e0d5722768f552b1c7efdc7dc6c9f4684f3a46153e97489fa4d10,Award Year Summary,DL UNSUBSIDIZED- GRADUATE | # of Disbursements,unsubsidized_graduate_disbursements_n,True,5441,[]
direct_loans,2015-2016,2015,DL_Dashboard_AY2015_2016_Q4.xls,https://studentaid.gov/sites/default/files/fsawg/datacenter/library/DL_Dashboard_AY2015_2016_Q4.xls,9714726bc16e0d5722768f552b1c7efdc7dc6c9f4684f3a46153e97489fa4d10,Award Year Summary,DL UNSUBSIDIZED- GRADUATE | $ of Disbursements,unsubsidized_graduate_disbursements,True,5441,[]
direct_loans,2015-2016,2015,DL_Dashboard_AY2015_2016_Q4.xls,https://studentaid.gov/sites/default/files/fsawg/datacenter/library/DL_Dashboard_AY2015_2016_Q4.xls,9714726bc16e0d5722768f552b1c7efdc7dc6c9f4684f3a46153e97489fa4d10,Award Year Summary,DL PARENT PLUS | Recipients,parent_plus_recipients,True,5441,[]
direct_loans,2015-2016,2015,DL_Dashboard_AY2015_2016_Q4.xls,https://studentaid.gov/sites/default/files/fsawg/datacenter/library/DL_Dashboard_AY2015_2016_Q4.xls,9714726bc16e0d5722768f552b1c7efdc7dc6c9f4684f3a46153e97489fa4d10,Award Year Summary,DL PARENT PLUS | # of Loans Originated,parent_plus_loans_originated_n,True,5441,[]
direct_loans,2015-2016,2015,DL_Dashboard_AY2015_2016_Q4.xls,https://studentaid.gov/sites/default/files/fsawg/datacenter/library/DL_Dashboard_AY2015_2016_Q4.xls,9714726bc16e0d5722768f552b1c7efdc7dc6c9f4684f3a46153e97489fa4d10,Award Year Summary,DL PARENT PLUS | $ of Loans Originated,parent_plus_loans_originated_amt,True,5441,[]
direct_loans,2015-2016,2015,DL_Dashboard_AY2015_2016_Q4.xls,https://studentaid.gov/sites/default/files/fsawg/datacenter/library/DL_Dashboard_AY2015_2016_Q4.xls,9714726bc16e0d5722768f552b1c7efdc7dc6c9f4684f3a46153e97489fa4d10,Award Year Summary,DL PARENT PLUS | # of Disbursements,parent_plus_disbursements_n,True,5441,[]
direct_loans,2015-2016,2015,DL_Dashboard_AY2015_2016_Q4.xls,https://studentaid.gov/sites/default/files/fsawg/datacenter/library/DL_Dashboard_AY2015_2016_Q4.xls,9714726bc16e0d5722768f552b1c7efdc7dc6c9f4684f3a46153e97489fa4d10,Award Year Summary,DL PARENT PLUS | $ of Disbursements,parent_plus_disbursements,True,5441,[]
direct_loans,2015-2016,2015,DL_Dashboard_AY2015_2016_Q4.xls,https://studentaid.gov/sites/default/files/fsawg/datacenter/library/DL_Dashboard_AY2015_2016_Q4.xls,9714726bc16e0d5722768f552b1c7efdc7dc6c9f4684f3a46153e97489fa4d10,Award Year Summary,DL GRAD PLUS | Recipients,grad_plus_recipients,True,5441,[]
direct_loans,2015-2016,2015,DL_Dashboard_AY2015_2016_Q4.xls,https://studentaid.gov/sites/default/files/fsawg/datacenter/library/DL_Dashboard_AY2015_2016_Q4.xls,9714726bc16e0d5722768f552b1c7efdc7dc6c9f4684f3a46153e97489fa4d10,Award Year Summary,DL GRAD PLUS | # of Loans Originated,grad_plus_loans_originated_n,True,5441,[]
direct_loans,2015-2016,2015,DL_Dashboard_AY2015_2016_Q4.xls,https://studentaid.gov/sites/default/files/fsawg/datacenter/library/DL_Dashboard_AY2015_2016_Q4.xls,9714726bc16e0d5722768f552b1c7efdc7dc6c9f4684f3a46153e97489fa4d10,Award Year Summary,DL GRAD PLUS | $ of Loans Originated,grad_plus_loans_originated_amt,True,5441,[]
direct_loans,2015-2016,2015,DL_Dashboard_AY2015_2016_Q4.xls,https://studentaid.gov/sites/default/files/fsawg/datacenter/library/DL_Dashboard_AY2015_2016_Q4.xls,9714726bc16e0d5722768f552b1c7efdc7dc6c9f4684f3a46153e97489fa4d10,Award Year Summary,DL GRAD PLUS | # of Disbursements,grad_plus_disbursements_n,True,5441,[]
direct_loans,2015-2016,2015,DL_Dashboard_AY2015_2016_Q4.xls,https://studentaid.gov/sites/default/files/fsawg/datacenter/library/DL_Dashboard_AY2015_2016_Q4.xls,9714726bc16e0d5722768f552b1c7efdc7dc6c9f4684f3a46153e97489fa4d10,Award Year Summary,DL GRAD PLUS | $ of Disbursements,grad_plus_disbursements,True,5441,[]
direct_loans,2016-2017,2016,DL_Dashboard_AY2016_2017_Q4.xls,https://studentaid.gov/sites/default/files/fsawg/datacenter/library/DL_Dashboard_AY2016_2017_Q4.xls,f40315b5770ed20fd633ce4b4f912dc4d35a2fa4ddf137b0bd53e2d9c9c74746,Award Year Summary,OPE ID,opeid8,True,5339,[]
direct_loans,2016-2017,2016,DL_Dashboard_AY2016_2017_Q4.xls,https://studentaid.gov/sites/default/files/fsawg/datacenter/library/DL_Dashboard_AY2016_2017_Q4.xls,f40315b5770ed20fd633ce4b4f912dc4d35a2fa4ddf137b0bd53e2d9c9c74746,Award Year Summary,School,school,True,5339,[]
direct_loans,2016-2017,2016,DL_Dashboard_AY2016_2017_Q4.xls,https://studentaid.gov/sites/default/files/fsawg/datacenter/library/DL_Dashboard_AY2016_2017_Q4.xls,f40315b5770ed20fd633ce4b4f912dc4d35a2fa4ddf137b0bd53e2d9c9c74746,Award Year Summary,State,state,True,4964,[]
direct_loans,2016-2017,2016,DL_Dashboard_AY2016_2017_Q4.xls,https://studentaid.gov/sites/default/files/fsawg/datacenter/library/DL_Dashboard_AY2016_2017_Q4.xls,f40315b5770ed20fd633ce4b4f912dc4d35a2fa4ddf137b0bd53e2d9c9c74746,Award Year Summary,Zip Code,zip_code,True,5323,[]
direct_loans,2016-2017,2016,DL_Dashboard_AY2016_2017_Q4.xls,https://studentaid.gov/sites/default/files/fsawg/datacenter/library/DL_Dashboard_AY2016_2017_Q4.xls,f40315b5770ed20fd633ce4b4f912dc4d35a2fa4ddf137b0bd53e2d9c9c74746,Award Year Summary,School Type,school_type,True,5339,[]
direct_loans,2016-2017,2016,DL_Dashboard_AY2016_2017_Q4.xls,https://studentaid.gov/sites/default/files/fsawg/datacenter/library/DL_Dashboard_AY2016_2017_Q4.xls,f40315b5770ed20fd633ce4b4f912dc4d35a2fa4ddf137b0bd53e2d9c9c74746,Award Year Summary,DL SUBSIDIZED | Recipients,subsidized_recipients,True,5339,[]
direct_loans,2016-2017,2016,DL_Dashboard_AY2016_2017_Q4.xls,https://studentaid.gov/sites/default/files/fsawg/datacenter/library/DL_Dashboard_AY2016_2017_Q4.xls,f40315b5770ed20fd633ce4b4f912dc4d35a2fa4ddf137b0bd53e2d9c9c74746,Award Year Summary,DL SUBSIDIZED | # of Loans Originated,subsidized_loans_originated_n,True,5339,[]
direct_loans,2016-2017,2016,DL_Dashboard_AY2016_2017_Q4.xls,https://studentaid.gov/sites/default/files/fsawg/datacenter/library/DL_Dashboard_AY2016_2017_Q4.xls,f40315b5770ed20fd633ce4b4f912dc4d35a2fa4ddf137b0bd53e2d9c9c74746,Award Year Summary,DL SUBSIDIZED | $ of Loans Originated,subsidized_loans_originated_amt,True,5339,[]
direct_loans,2016-2017,2016,DL_Dashboard_AY2016_2017_Q4.xls,https://studentaid.gov/sites/default/files/fsawg/datacenter/library/DL_Dashboard_AY2016_2017_Q4.xls,f40315b5770ed20fd633ce4b4f912dc4d35a2fa4ddf137b0bd53e2d9c9c74746,Award Year Summary,DL SUBSIDIZED | # of Disbursements,subsidized_disbursements_n,True,5339,[]
direct_loans,2016-2017,2016,DL_Dashboard_AY2016_2017_Q4.xls,https://studentaid.gov/sites/default/files/fsawg/datacenter/library/DL_Dashboard_AY2016_2017_Q4.xls,f40315b5770ed20fd633ce4b4f912dc4d35a2fa4ddf137b0bd53e2d9c9c74746,Award Year Summary,DL SUBSIDIZED | $ of Disbursements,subsidized_disbursements,True,5339,[]
direct_loans,2016-2017,2016,DL_Dashboard_AY2016_2017_Q4.xls,https://studentaid.gov/sites/default/files/fsawg/datacenter/library/DL_Dashboard_AY2016_2017_Q4.xls,f40315b5770ed20fd633ce4b4f912dc4d35a2fa4ddf137b0bd53e2d9c9c74746,Award Year Summary,DL UNSUBSIDIZED- UNDERGRADUATE | Recipients,unsubsidized_undergraduate_recipients,True,5339,[]
direct_loans,2016-2017,2016,DL_Dashboard_AY2016_2017_Q4.xls,https://studentaid.gov/sites/default/files/fsawg/datacenter/library/DL_Dashboard_AY2016_2017_Q4.xls,f40315b5770ed20fd633ce4b4f912dc4d35a2fa4ddf137b0bd53e2d9c9c74746,Award Year Summary,DL UNSUBSIDIZED- UNDERGRADUATE | # of Loans Originated,unsubsidized_undergraduate_loans_originated_n,True,5339,[]
direct_loans,2016-2017,2016,DL_Dashboard_AY2016_2017_Q4.xls,https://studentaid.gov/sites/default/files/fsawg/datacenter/library/DL_Dashboard_AY2016_2017_Q4.xls,f40315b5770ed20fd633ce4b4f912dc4d35a2fa4ddf137b0bd53e2d9c9c74746,Award Year Summary,DL UNSUBSIDIZED- UNDERGRADUATE | $ of Loans Originated,unsubsidized_undergraduate_loans_originated_amt,True,5339,[]
direct_loans,2016-2017,2016,DL_Dashboard_AY2016_2017_Q4.xls,https://studentaid.gov/sites/default/files/fsawg/datacenter/library/DL_Dashboard_AY2016_2017_Q4.xls,f40315b5770ed20fd633ce4b4f912dc4d35a2fa4ddf137b0bd53e2d9c9c74746,Award Year Summary,DL UNSUBSIDIZED- UNDERGRADUATE | # of Disbursements,unsubsidized_undergraduate_disbursements_n,True,5339,[]
direct_loans,2016-2017,2016,DL_Dashboard_AY2016_2017_Q4.xls,https://studentaid.gov/sites/default/files/fsawg/datacenter/library/DL_Dashboard_AY2016_2017_Q4.xls,f40315b5770ed20fd633ce4b4f912dc4d35a2fa4ddf137b0bd53e2d9c9c74746,Award Year Summary,DL UNSUBSIDIZED- UNDERGRADUATE | $ of Disbursements,unsubsidized_undergraduate_disbursements,True,5339,[]
direct_loans,2016-2017,2016,DL_Dashboard_AY2016_2017_Q4.xls,https://studentaid.gov/sites/default/files/fsawg/datacenter/library/DL_Dashboard_AY2016_2017_Q4.xls,f40315b5770ed20fd633ce4b4f912dc4d35a2fa4ddf137b0bd53e2d9c9c74746,Award Year Summary,DL UNSUBSIDIZED- GRADUATE | Recipients,unsubsidized_graduate_recipients,True,5339,[]
direct_loans,2016-2017,2016,DL_Dashboard_AY2016_2017_Q4.xls,https://studentaid.gov/sites/default/files/fsawg/datacenter/library/DL_Dashboard_AY2016_2017_Q4.xls,f40315b5770ed20fd633ce4b4f912dc4d35a2fa4ddf137b0bd53e2d9c9c74746,Award Year Summary,DL UNSUBSIDIZED- GRADUATE | # of Loans Originated,unsubsidized_graduate_loans_originated_n,True,5339,[]
direct_loans,2016-2017,2016,DL_Dashboard_AY2016_2017_Q4.xls,https://studentaid.gov/sites/default/files/fsawg/datacenter/library/DL_Dashboard_AY2016_2017_Q4.xls,f40315b5770ed20fd633ce4b4f912dc4d35a2fa4ddf137b0bd53e2d9c9c74746,Award Year Summary,DL UNSUBSIDIZED- GRADUATE | $ of Loans Originated,unsubsidized_graduate_loans_originated_amt,True,5339,[]
direct_loans,2016-2017,2016,DL_Dashboard_AY2016_2017_Q4.xls,https://studentaid.gov/sites/default/files/fsawg/datacenter/library/DL_Dashboard_AY2016_2017_Q4.xls,f40315b5770ed20fd633ce4b4f912dc4d35a2fa4ddf137b0bd53e2d9c9c74746,Award Year Summary,DL UNSUBSIDIZED- GRADUATE | # of Disbursements,unsubsidized_graduate_disbursements_n,True,5339,[]
direct_loans,2016-2017,2016,DL_Dashboard_AY2016_2017_Q4.xls,https://studentaid.gov/sites/default/files/fsawg/datacenter/library/DL_Dashboard_AY2016_2017_Q4.xls,f40315b5770ed20fd633ce4b4f912dc4d35a2fa4ddf137b0bd53e2d9c9c74746,Award Year Summary,DL UNSUBSIDIZED- GRADUATE | $ of Disbursements,unsubsidized_graduate_disbursements,True,5339,[]
direct_loans,2016-2017,2016,DL_Dashboard_AY2016_2017_Q4.xls,https://studentaid.gov/sites/default/files/fsawg/datacenter/library/DL_Dashboard_AY2016_2017_Q4.xls,f40315b5770ed20fd633ce4b4f912dc4d35a2fa4ddf137b0bd53e2d9c9c74746,Award Year Summary,DL PARENT PLUS | Recipients,parent_plus_recipients,True,5339,[]
direct_loans,2016-2017,2016,DL_Dashboard_AY2016_2017_Q4.xls,https://studentaid.gov/sites/default/files/fsawg/datacenter/library/DL_Dashboard_AY2016_2017_Q4.xls,f40315b5770ed20fd633ce4b4f912dc4d35a2fa4ddf137b0bd53e2d9c9c74746,Award Year Summary,DL PARENT PLUS | # of Loans Originated,parent_plus_loans_originated_n,True,5339,[]
direct_loans,2016-2017,2016,DL_Dashboard_AY2016_2017_Q4.xls,https://studentaid.gov/sites/default/files/fsawg/datacenter/library/DL_Dashboard_AY2016_2017_Q4.xls,f40315b5770ed20fd633ce4b4f912dc4d35a2fa4ddf137b0bd53e2d9c9c74746,Award Year Summary,DL PARENT PLUS | $ of Loans Originated,parent_plus_loans_originated_amt,True,5339,[]
direct_loans,2016-2017,2016,DL_Dashboard_AY2016_2017_Q4.xls,https://studentaid.gov/sites/default/files/fsawg/datacenter/library/DL_Dashboard_AY2016_2017_Q4.xls,f40315b5770ed20fd633ce4b4f912dc4d35a2fa4ddf137b0bd53e2d9c9c74746,Award Year Summary,DL PARENT PLUS | # of Disbursements,parent_plus_disbursements_n,True,5339,[]
direct_loans,2016-2017,2016,DL_Dashboard_AY2016_2017_Q4.xls,https://studentaid.gov/sites/default/files/fsawg/datacenter/library/DL_Dashboard_AY2016_2017_Q4.xls,f40315b5770ed20fd633ce4b4f912dc4d35a2fa4ddf137b0bd53e2d9c9c74746,Award Year Summary,DL PARENT PLUS | $ of Disbursements,parent_plus_disbursements,True,5339,[]
direct_loans,2016-2017,2016,DL_Dashboard_AY2016_2017_Q4.xls,https://studentaid.gov/sites/default/files/fsawg/datacenter/library/DL_Dashboard_AY2016_2017_Q4.xls,f40315b5770ed20fd633ce4b4f912dc4d35a2fa4ddf137b0bd53e2d9c9c74746,Award Year Summary,DL GRAD PLUS | Recipients,grad_plus_recipients,True,5339,[]
direct_loans,2016-2017,2016,DL_Dashboard_AY2016_2017_Q4.xls,https://studentaid.gov/sites/default/files/fsawg/datacenter/library/DL_Dashboard_AY2016_2017_Q4.xls,f40315b5770ed20fd633ce4b4f912dc4d35a2fa4ddf137b0bd53e2d9c9c74746,Award Year Summary,DL GRAD PLUS | # of Loans Originated,grad_plus_loans_originated_n,True,5339,[]
direct_loans,2016-2017,2016,DL_Dashboard_AY2016_2017_Q4.xls,https://studentaid.gov/sites/default/files/fsawg/datacenter/library/DL_Dashboard_AY2016_2017_Q4.xls,f40315b5770ed20fd633ce4b4f912dc4d35a2fa4ddf137b0bd53e2d9c9c74746,Award Year Summary,DL GRAD PLUS | $ of Loans Originated,grad_plus_loans_originated_amt,True,5339,[]
direct_loans,2016-2017,2016,DL_Dashboard_AY2016_2017_Q4.xls,https://studentaid.gov/sites/default/files/fsawg/datacenter/library/DL_Dashboard_AY2016_2017_Q4.xls,f40315b5770ed20fd633ce4b4f912dc4d35a2fa4ddf137b0bd53e2d9c9c74746,Award Year Summary,DL GRAD PLUS | # of Disbursements,grad_plus_disbursements_n,True,5339,[]
direct_loans,2016-2017,2016,DL_Dashboard_AY2016_2017_Q4.xls,https://studentaid.gov/sites/default/files/fsawg/datacenter/library/DL_Dashboard_AY2016_2017_Q4.xls,f40315b5770ed20fd633ce4b4f912dc4d35a2fa4ddf137b0bd53e2d9c9c74746,Award Year Summary,DL GRAD PLUS | $ of Disbursements,grad_plus_disbursements,True,5339,[]
direct_loans,2017-2018,2017,DL_Dashboard_AY2017_2018_Q4.xls,https://studentaid.gov/sites/default/files/fsawg/datacenter/library/DL_Dashboard_AY2017_2018_Q4.xls,5c2d1067369eccdf43993afed5eba3e61a272988b91c48b6afeecdd8c99c0ea8,Award Year Summary,OPE ID,opeid8,True,5249,[]
direct_loans,2017-2018,2017,DL_Dashboard_AY2017_2018_Q4.xls,https://studentaid.gov/sites/default/files/fsawg/datacenter/library/DL_Dashboard_AY2017_2018_Q4.xls,5c2d1067369eccdf43993afed5eba3e61a272988b91c48b6afeecdd8c99c0ea8,Award Year Summary,School,school,True,5249,[]
direct_loans,2017-2018,2017,DL_Dashboard_AY2017_2018_Q4.xls,https://studentaid.gov/sites/default/files/fsawg/datacenter/library/DL_Dashboard_AY2017_2018_Q4.xls,5c2d1067369eccdf43993afed5eba3e61a272988b91c48b6afeecdd8c99c0ea8,Award Year Summary,State,state,True,4873,[]
direct_loans,2017-2018,2017,DL_Dashboard_AY2017_2018_Q4.xls,https://studentaid.gov/sites/default/files/fsawg/datacenter/library/DL_Dashboard_AY2017_2018_Q4.xls,5c2d1067369eccdf43993afed5eba3e61a272988b91c48b6afeecdd8c99c0ea8,Award Year Summary,Zip Code,zip_code,True,5232,[]
direct_loans,2017-2018,2017,DL_Dashboard_AY2017_2018_Q4.xls,https://studentaid.gov/sites/default/files/fsawg/datacenter/library/DL_Dashboard_AY2017_2018_Q4.xls,5c2d1067369eccdf43993afed5eba3e61a272988b91c48b6afeecdd8c99c0ea8,Award Year Summary,School Type,school_type,True,5249,[]
direct_loans,2017-2018,2017,DL_Dashboard_AY2017_2018_Q4.xls,https://studentaid.gov/sites/default/files/fsawg/datacenter/library/DL_Dashboard_AY2017_2018_Q4.xls,5c2d1067369eccdf43993afed5eba3e61a272988b91c48b6afeecdd8c99c0ea8,Award Year Summary,DL SUBSIDIZED | Recipients,subsidized_recipients,True,5249,"[""-""]"
direct_loans,2017-2018,2017,DL_Dashboard_AY2017_2018_Q4.xls,https://studentaid.gov/sites/default/files/fsawg/datacenter/library/DL_Dashboard_AY2017_2018_Q4.xls,5c2d1067369eccdf43993afed5eba3e61a272988b91c48b6afeecdd8c99c0ea8,Award Year Summary,DL SUBSIDIZED | # of Loans Originated,subsidized_loans_originated_n,True,5249,"[""-""]"
direct_loans,2017-2018,2017,DL_Dashboard_AY2017_2018_Q4.xls,https://studentaid.gov/sites/default/files/fsawg/datacenter/library/DL_Dashboard_AY2017_2018_Q4.xls,5c2d1067369eccdf43993afed5eba3e61a272988b91c48b6afeecdd8c99c0ea8,Award Year Summary,DL SUBSIDIZED | $ of Loans Originated,subsidized_loans_originated_amt,True,5249,"[""-""]"
direct_loans,2017-2018,2017,DL_Dashboard_AY2017_2018_Q4.xls,https://studentaid.gov/sites/default/files/fsawg/datacenter/library/DL_Dashboard_AY2017_2018_Q4.xls,5c2d1067369eccdf43993afed5eba3e61a272988b91c48b6afeecdd8c99c0ea8,Award Year Summary,DL SUBSIDIZED | # of Disbursements,subsidized_disbursements_n,True,5249,"[""-""]"
direct_loans,2017-2018,2017,DL_Dashboard_AY2017_2018_Q4.xls,https://studentaid.gov/sites/default/files/fsawg/datacenter/library/DL_Dashboard_AY2017_2018_Q4.xls,5c2d1067369eccdf43993afed5eba3e61a272988b91c48b6afeecdd8c99c0ea8,Award Year Summary,DL SUBSIDIZED | $ of Disbursements,subsidized_disbursements,True,5249,"[""-""]"
direct_loans,2017-2018,2017,DL_Dashboard_AY2017_2018_Q4.xls,https://studentaid.gov/sites/default/files/fsawg/datacenter/library/DL_Dashboard_AY2017_2018_Q4.xls,5c2d1067369eccdf43993afed5eba3e61a272988b91c48b6afeecdd8c99c0ea8,Award Year Summary,DL UNSUBSIDIZED - UNDERGRADUATE | Recipients,unsubsidized_undergraduate_recipients,True,5249,"[""-""]"
direct_loans,2017-2018,2017,DL_Dashboard_AY2017_2018_Q4.xls,https://studentaid.gov/sites/default/files/fsawg/datacenter/library/DL_Dashboard_AY2017_2018_Q4.xls,5c2d1067369eccdf43993afed5eba3e61a272988b91c48b6afeecdd8c99c0ea8,Award Year Summary,DL UNSUBSIDIZED - UNDERGRADUATE | # of Loans Originated,unsubsidized_undergraduate_loans_originated_n,True,5249,"[""-""]"
direct_loans,2017-2018,2017,DL_Dashboard_AY2017_2018_Q4.xls,https://studentaid.gov/sites/default/files/fsawg/datacenter/library/DL_Dashboard_AY2017_2018_Q4.xls,5c2d1067369eccdf43993afed5eba3e61a272988b91c48b6afeecdd8c99c0ea8,Award Year Summary,DL UNSUBSIDIZED - UNDERGRADUATE | $ of Loans Originated,unsubsidized_undergraduate_loans_originated_amt,True,5249,"[""-""]"
direct_loans,2017-2018,2017,DL_Dashboard_AY2017_2018_Q4.xls,https://studentaid.gov/sites/default/files/fsawg/datacenter/library/DL_Dashboard_AY2017_2018_Q4.xls,5c2d1067369eccdf43993afed5eba3e61a272988b91c48b6afeecdd8c99c0ea8,Award Year Summary,DL UNSUBSIDIZED - UNDERGRADUATE | # of Disbursements,unsubsidized_undergraduate_disbursements_n,True,5249,"[""-""]"
direct_loans,2017-2018,2017,DL_Dashboard_AY2017_2018_Q4.xls,https://studentaid.gov/sites/default/files/fsawg/datacenter/library/DL_Dashboard_AY2017_2018_Q4.xls,5c2d1067369eccdf43993afed5eba3e61a272988b91c48b6afeecdd8c99c0ea8,Award Year Summary,DL UNSUBSIDIZED - UNDERGRADUATE | $ of Disbursements,unsubsidized_undergraduate_disbursements,True,5249,"[""-""]"
direct_loans,2017-2018,2017,DL_Dashboard_AY2017_2018_Q4.xls,https://studentaid.gov/sites/default/files/fsawg/datacenter/library/DL_Dashboard_AY2017_2018_Q4.xls,5c2d1067369eccdf43993afed5eba3e61a272988b91c48b6afeecdd8c99c0ea8,Award Year Summary,DL UNSUBSIDIZED - GRADUATE | Recipients,unsubsidized_graduate_recipients,True,5249,"[""-""]"
direct_loans,2017-2018,2017,DL_Dashboard_AY2017_2018_Q4.xls,https://studentaid.gov/sites/default/files/fsawg/datacenter/library/DL_Dashboard_AY2017_2018_Q4.xls,5c2d1067369eccdf43993afed5eba3e61a272988b91c48b6afeecdd8c99c0ea8,Award Year Summary,DL UNSUBSIDIZED - GRADUATE | # of Loans Originated,unsubsidized_graduate_loans_originated_n,True,5249,"[""-""]"
direct_loans,2017-2018,2017,DL_Dashboard_AY2017_2018_Q4.xls,https://studentaid.gov/sites/default/files/fsawg/datacenter/library/DL_Dashboard_AY2017_2018_Q4.xls,5c2d1067369eccdf43993afed5eba3e61a272988b91c48b6afeecdd8c99c0ea8,Award Year Summary,DL UNSUBSIDIZED - GRADUATE | $ of Loans Originated,unsubsidized_graduate_loans_originated_amt,True,5249,"[""-""]"
direct_loans,2017-2018,2017,DL_Dashboard_AY2017_2018_Q4.xls,https://studentaid.gov/sites/default/files/fsawg/datacenter/library/DL_Dashboard_AY2017_2018_Q4.xls,5c2d1067369eccdf43993afed5eba3e61a272988b91c48b6afeecdd8c99c0ea8,Award Year Summary,DL UNSUBSIDIZED - GRADUATE | # of Disbursements,unsubsidized_graduate_disbursements_n,True,5249,"[""-""]"
direct_loans,2017-2018,2017,DL_Dashboard_AY2017_2018_Q4.xls,https://studentaid.gov/sites/default/files/fsawg/datacenter/library/DL_Dashboard_AY2017_2018_Q4.xls,5c2d1067369eccdf43993afed5eba3e61a272988b91c48b6afeecdd8c99c0ea8,Award Year Summary,DL UNSUBSIDIZED - GRADUATE | $ of Disbursements,unsubsidized_graduate_disbursements,True,5249,"[""-""]"
direct_loans,2017-2018,2017,DL_Dashboard_AY2017_2018_Q4.xls,https://studentaid.gov/sites/default/files/fsawg/datacenter/library/DL_Dashboard_AY2017_2018_Q4.xls,5c2d1067369eccdf43993afed5eba3e61a272988b91c48b6afeecdd8c99c0ea8,Award Year Summary,DL PARENT PLUS | Recipients,parent_plus_recipients,True,5249,"[""-""]"
direct_loans,2017-2018,2017,DL_Dashboard_AY2017_2018_Q4.xls,https://studentaid.gov/sites/default/files/fsawg/datacenter/library/DL_Dashboard_AY2017_2018_Q4.xls,5c2d1067369eccdf43993afed5eba3e61a272988b91c48b6afeecdd8c99c0ea8,Award Year Summary,DL PARENT PLUS | # of Loans Originated,parent_plus_loans_originated_n,True,5249,"[""-""]"
direct_loans,2017-2018,2017,DL_Dashboard_AY2017_2018_Q4.xls,https://studentaid.gov/sites/default/files/fsawg/datacenter/library/DL_Dashboard_AY2017_2018_Q4.xls,5c2d1067369eccdf43993afed5eba3e61a272988b91c48b6afeecdd8c99c0ea8,Award Year Summary,DL PARENT PLUS | $ of Loans Originated,parent_plus_loans_originated_amt,True,5249,"[""-""]"
direct_loans,2017-2018,2017,DL_Dashboard_AY2017_2018_Q4.xls,https://studentaid.gov/sites/default/files/fsawg/datacenter/library/DL_Dashboard_AY2017_2018_Q4.xls,5c2d1067369eccdf43993afed5eba3e61a272988b91c48b6afeecdd8c99c0ea8,Award Year Summary,DL PARENT PLUS | # of Disbursements,parent_plus_disbursements_n,True,5249,"[""-""]"
direct_loans,2017-2018,2017,DL_Dashboard_AY2017_2018_Q4.xls,https://studentaid.gov/sites/default/files/fsawg/datacenter/library/DL_Dashboard_AY2017_2018_Q4.xls,5c2d1067369eccdf43993afed5eba3e61a272988b91c48b6afeecdd8c99c0ea8,Award Year Summary,DL PARENT PLUS | $ of Disbursements,parent_plus_disbursements,True,5249,"[""-""]"
direct_loans,2017-2018,2017,DL_Dashboard_AY2017_2018_Q4.xls,https://studentaid.gov/sites/default/files/fsawg/datacenter/library/DL_Dashboard_AY2017_2018_Q4.xls,5c2d1067369eccdf43993afed5eba3e61a272988b91c48b6afeecdd8c99c0ea8,Award Year Summary,DL GRAD PLUS | Recipients,grad_plus_recipients,True,5249,"[""-""]"
direct_loans,2017-2018,2017,DL_Dashboard_AY2017_2018_Q4.xls,https://studentaid.gov/sites/default/files/fsawg/datacenter/library/DL_Dashboard_AY2017_2018_Q4.xls,5c2d1067369eccdf43993afed5eba3e61a272988b91c48b6afeecdd8c99c0ea8,Award Year Summary,DL GRAD PLUS | # of Loans Originated,grad_plus_loans_originated_n,True,5249,"[""-""]"
direct_loans,2017-2018,2017,DL_Dashboard_AY2017_2018_Q4.xls,https://studentaid.gov/sites/default/files/fsawg/datacenter/library/DL_Dashboard_AY2017_2018_Q4.xls,5c2d1067369eccdf43993afed5eba3e61a272988b91c48b6afeecdd8c99c0ea8,Award Year Summary,DL GRAD PLUS | $ of Loans Originated,grad_plus_loans_originated_amt,True,5249,"[""-""]"
direct_loans,2017-2018,2017,DL_Dashboard_AY2017_2018_Q4.xls,https://studentaid.gov/sites/default/files/fsawg/datacenter/library/DL_Dashboard_AY2017_2018_Q4.xls,5c2d1067369eccdf43993afed5eba3e61a272988b91c48b6afeecdd8c99c0ea8,Award Year Summary,DL GRAD PLUS | # of Disbursements,grad_plus_disbursements_n,True,5249,"[""-""]"
direct_loans,2017-2018,2017,DL_Dashboard_AY2017_2018_Q4.xls,https://studentaid.gov/sites/default/files/fsawg/datacenter/library/DL_Dashboard_AY2017_2018_Q4.xls,5c2d1067369eccdf43993afed5eba3e61a272988b91c48b6afeecdd8c99c0ea8,Award Year Summary,DL GRAD PLUS | $ of Disbursements,grad_plus_disbursements,True,5249,"[""-""]"
direct_loans,2018-2019,2018,dl-dashboard-ay2018-2019-q4.xls,https://studentaid.gov/sites/default/files/fsawg/datacenter/library/dl-dashboard-ay2018-2019-q4.xls,2961ac808a7f09127d407144cd11890bbca9db6bd5d0bd302cfab65fee6365d5,Award Year Summary,OPE ID,opeid8,True,5150,[]
direct_loans,2018-2019,2018,dl-dashboard-ay2018-2019-q4.xls,https://studentaid.gov/sites/default/files/fsawg/datacenter/library/dl-dashboard-ay2018-2019-q4.xls,2961ac808a7f09127d407144cd11890bbca9db6bd5d0bd302cfab65fee6365d5,Award Year Summary,School,school,True,5150,[]
direct_loans,2018-2019,2018,dl-dashboard-ay2018-2019-q4.xls,https://studentaid.gov/sites/default/files/fsawg/datacenter/library/dl-dashboard-ay2018-2019-q4.xls,2961ac808a7f09127d407144cd11890bbca9db6bd5d0bd302cfab65fee6365d5,Award Year Summary,State,state,True,4775,[]
direct_loans,2018-2019,2018,dl-dashboard-ay2018-2019-q4.xls,https://studentaid.gov/sites/default/files/fsawg/datacenter/library/dl-dashboard-ay2018-2019-q4.xls,2961ac808a7f09127d407144cd11890bbca9db6bd5d0bd302cfab65fee6365d5,Award Year Summary,Zip Code,zip_code,True,5133,[]
direct_loans,2018-2019,2018,dl-dashboard-ay2018-2019-q4.xls,https://studentaid.gov/sites/default/files/fsawg/datacenter/library/dl-dashboard-ay2018-2019-q4.xls,2961ac808a7f09127d407144cd11890bbca9db6bd5d0bd302cfab65fee6365d5,Award Year Summary,School Type,school_type,True,5150,[]
direct_loans,2018-2019,2018,dl-dashboard-ay2018-2019-q4.xls,https://studentaid.gov/sites/default/files/fsawg/datacenter/library/dl-dashboard-ay2018-2019-q4.xls,2961ac808a7f09127d407144cd11890bbca9db6bd5d0bd302cfab65fee6365d5,Award Year Summary,DL SUBSIDIZED | Recipients,subsidized_recipients,True,5150,"[""-""]"
direct_loans,2018-2019,2018,dl-dashboard-ay2018-2019-q4.xls,https://studentaid.gov/sites/default/files/fsawg/datacenter/library/dl-dashboard-ay2018-2019-q4.xls,2961ac808a7f09127d407144cd11890bbca9db6bd5d0bd302cfab65fee6365d5,Award Year Summary,DL SUBSIDIZED | # of Loans Originated,subsidized_loans_originated_n,True,5150,"[""-""]"
direct_loans,2018-2019,2018,dl-dashboard-ay2018-2019-q4.xls,https://studentaid.gov/sites/default/files/fsawg/datacenter/library/dl-dashboard-ay2018-2019-q4.xls,2961ac808a7f09127d407144cd11890bbca9db6bd5d0bd302cfab65fee6365d5,Award Year Summary,DL SUBSIDIZED | $ of Loans Originated,subsidized_loans_originated_amt,True,5150,"[""-""]"
direct_loans,2018-2019,2018,dl-dashboard-ay2018-2019-q4.xls,https://studentaid.gov/sites/default/files/fsawg/datacenter/library/dl-dashboard-ay2018-2019-q4.xls,2961ac808a7f09127d407144cd11890bbca9db6bd5d0bd302cfab65fee6365d5,Award Year Summary,DL SUBSIDIZED | # of Disbursements,subsidized_disbursements_n,True,5150,"[""-""]"
direct_loans,2018-2019,2018,dl-dashboard-ay2018-2019-q4.xls,https://studentaid.gov/sites/default/files/fsawg/datacenter/library/dl-dashboard-ay2018-2019-q4.xls,2961ac808a7f09127d407144cd11890bbca9db6bd5d0bd302cfab65fee6365d5,Award Year Summary,DL SUBSIDIZED | $ of Disbursements,subsidized_disbursements,True,5150,"[""-""]"
direct_loans,2018-2019,2018,dl-dashboard-ay2018-2019-q4.xls,https://studentaid.gov/sites/default/files/fsawg/datacenter/library/dl-dashboard-ay2018-2019-q4.xls,2961ac808a7f09127d407144cd11890bbca9db6bd5d0bd302cfab65fee6365d5,Award Year Summary,DL UNSUBSIDIZED - UNDERGRADUATE | Recipients,unsubsidized_undergraduate_recipients,True,5150,"[""-""]"
direct_loans,2018-2019,2018,dl-dashboard-ay2018-2019-q4.xls,https://studentaid.gov/sites/default/files/fsawg/datacenter/library/dl-dashboard-ay2018-2019-q4.xls,2961ac808a7f09127d407144cd11890bbca9db6bd5d0bd302cfab65fee6365d5,Award Year Summary,DL UNSUBSIDIZED - UNDERGRADUATE | # of Loans Originated,unsubsidized_undergraduate_loans_originated_n,True,5150,"[""-""]"
direct_loans,2018-2019,2018,dl-dashboard-ay2018-2019-q4.xls,https://studentaid.gov/sites/default/files/fsawg/datacenter/library/dl-dashboard-ay2018-2019-q4.xls,2961ac808a7f09127d407144cd11890bbca9db6bd5d0bd302cfab65fee6365d5,Award Year Summary,DL UNSUBSIDIZED - UNDERGRADUATE | $ of Loans Originated,unsubsidized_undergraduate_loans_originated_amt,True,5150,"[""-""]"
direct_loans,2018-2019,2018,dl-dashboard-ay2018-2019-q4.xls,https://studentaid.gov/sites/default/files/fsawg/datacenter/library/dl-dashboard-ay2018-2019-q4.xls,2961ac808a7f09127d407144cd11890bbca9db6bd5d0bd302cfab65fee6365d5,Award Year Summary,DL UNSUBSIDIZED - UNDERGRADUATE | # of Disbursements,unsubsidized_undergraduate_disbursements_n,True,5150,"[""-""]"
direct_loans,2018-2019,2018,dl-dashboard-ay2018-2019-q4.xls,https://studentaid.gov/sites/default/files/fsawg/datacenter/library/dl-dashboard-ay2018-2019-q4.xls,2961ac808a7f09127d407144cd11890bbca9db6bd5d0bd302cfab65fee6365d5,Award Year Summary,DL UNSUBSIDIZED - UNDERGRADUATE | $ of Disbursements,unsubsidized_undergraduate_disbursements,True,5150,"[""-""]"
direct_loans,2018-2019,2018,dl-dashboard-ay2018-2019-q4.xls,https://studentaid.gov/sites/default/files/fsawg/datacenter/library/dl-dashboard-ay2018-2019-q4.xls,2961ac808a7f09127d407144cd11890bbca9db6bd5d0bd302cfab65fee6365d5,Award Year Summary,DL UNSUBSIDIZED - GRADUATE | Recipients,unsubsidized_graduate_recipients,True,5150,"[""-""]"
direct_loans,2018-2019,2018,dl-dashboard-ay2018-2019-q4.xls,https://studentaid.gov/sites/default/files/fsawg/datacenter/library/dl-dashboard-ay2018-2019-q4.xls,2961ac808a7f09127d407144cd11890bbca9db6bd5d0bd302cfab65fee6365d5,Award Year Summary,DL UNSUBSIDIZED - GRADUATE | # of Loans Originated,unsubsidized_graduate_loans_originated_n,True,5150,"[""-""]"
direct_loans,2018-2019,2018,dl-dashboard-ay2018-2019-q4.xls,https://studentaid.gov/sites/default/files/fsawg/datacenter/library/dl-dashboard-ay2018-2019-q4.xls,2961ac808a7f09127d407144cd11890bbca9db6bd5d0bd302cfab65fee6365d5,Award Year Summary,DL UNSUBSIDIZED - GRADUATE | $ of Loans Originated,unsubsidized_graduate_loans_originated_amt,True,5150,"[""-""]"
direct_loans,2018-2019,2018,dl-dashboard-ay2018-2019-q4.xls,https://studentaid.gov/sites/default/files/fsawg/datacenter/library/dl-dashboard-ay2018-2019-q4.xls,2961ac808a7f09127d407144cd11890bbca9db6bd5d0bd302cfab65fee6365d5,Award Year Summary,DL UNSUBSIDIZED - GRADUATE | # of Disbursements,unsubsidized_graduate_disbursements_n,True,5150,"[""-""]"
direct_loans,2018-2019,2018,dl-dashboard-ay2018-2019-q4.xls,https://studentaid.gov/sites/default/files/fsawg/datacenter/library/dl-dashboard-ay2018-2019-q4.xls,2961ac808a7f09127d407144cd11890bbca9db6bd5d0bd302cfab65fee6365d5,Award Year Summary,DL UNSUBSIDIZED - GRADUATE | $ of Disbursements,unsubsidized_graduate_disbursements,True,5150,"[""-""]"
direct_loans,2018-2019,2018,dl-dashboard-ay2018-2019-q4.xls,https://studentaid.gov/sites/default/files/fsawg/datacenter/library/dl-dashboard-ay2018-2019-q4.xls,2961ac808a7f09127d407144cd11890bbca9db6bd5d0bd302cfab65fee6365d5,Award Year Summary,DL PARENT PLUS | Recipients,parent_plus_recipients,True,5150,"[""-""]"
direct_loans,2018-2019,2018,dl-dashboard-ay2018-2019-q4.xls,https://studentaid.gov/sites/default/files/fsawg/datacenter/library/dl-dashboard-ay2018-2019-q4.xls,2961ac808a7f09127d407144cd11890bbca9db6bd5d0bd302cfab65fee6365d5,Award Year Summary,DL PARENT PLUS | # of Loans Originated,parent_plus_loans_originated_n,True,5150,"[""-""]"
direct_loans,2018-2019,2018,dl-dashboard-ay2018-2019-q4.xls,https://studentaid.gov/sites/default/files/fsawg/datacenter/library/dl-dashboard-ay2018-2019-q4.xls,2961ac808a7f09127d407144cd11890bbca9db6bd5d0bd302cfab65fee6365d5,Award Year Summary,DL PARENT PLUS | $ of Loans Originated,parent_plus_loans_originated_amt,True,5150,"[""-""]"
direct_loans,2018-2019,2018,dl-dashboard-ay2018-2019-q4.xls,https://studentaid.gov/sites/default/files/fsawg/datacenter/library/dl-dashboard-ay2018-2019-q4.xls,2961ac808a7f09127d407144cd11890bbca9db6bd5d0bd302cfab65fee6365d5,Award Year Summary,DL PARENT PLUS | # of Disbursements,parent_plus_disbursements_n,True,5150,"[""-""]"
direct_loans,2018-2019,2018,dl-dashboard-ay2018-2019-q4.xls,https://studentaid.gov/sites/default/files/fsawg/datacenter/library/dl-dashboard-ay2018-2019-q4.xls,2961ac808a7f09127d407144cd11890bbca9db6bd5d0bd302cfab65fee6365d5,Award Year Summary,DL PARENT PLUS | $ of Disbursements,parent_plus_disbursements,True,5150,"[""-""]"
direct_loans,2018-2019,2018,dl-dashboard-ay2018-2019-q4.xls,https://studentaid.gov/sites/default/files/fsawg/datacenter/library/dl-dashboard-ay2018-2019-q4.xls,2961ac808a7f09127d407144cd11890bbca9db6bd5d0bd302cfab65fee6365d5,Award Year Summary,DL GRAD PLUS | Recipients,grad_plus_recipients,True,5150,"[""-""]"
direct_loans,2018-2019,2018,dl-dashboard-ay2018-2019-q4.xls,https://studentaid.gov/sites/default/files/fsawg/datacenter/library/dl-dashboard-ay2018-2019-q4.xls,2961ac808a7f09127d407144cd11890bbca9db6bd5d0bd302cfab65fee6365d5,Award Year Summary,DL GRAD PLUS | # of Loans Originated,grad_plus_loans_originated_n,True,5150,"[""-""]"
direct_loans,2018-2019,2018,dl-dashboard-ay2018-2019-q4.xls,https://studentaid.gov/sites/default/files/fsawg/datacenter/library/dl-dashboard-ay2018-2019-q4.xls,2961ac808a7f09127d407144cd11890bbca9db6bd5d0bd302cfab65fee6365d5,Award Year Summary,DL GRAD PLUS | $ of Loans Originated,grad_plus_loans_originated_amt,True,5150,"[""-""]"
direct_loans,2018-2019,2018,dl-dashboard-ay2018-2019-q4.xls,https://studentaid.gov/sites/default/files/fsawg/datacenter/library/dl-dashboard-ay2018-2019-q4.xls,2961ac808a7f09127d407144cd11890bbca9db6bd5d0bd302cfab65fee6365d5,Award Year Summary,DL GRAD PLUS | # of Disbursements,grad_plus_disbursements_n,True,5150,"[""-""]"
direct_loans,2018-2019,2018,dl-dashboard-ay2018-2019-q4.xls,https://studentaid.gov/sites/default/files/fsawg/datacenter/library/dl-dashboard-ay2018-2019-q4.xls,2961ac808a7f09127d407144cd11890bbca9db6bd5d0bd302cfab65fee6365d5,Award Year Summary,DL GRAD PLUS | $ of Disbursements,grad_plus_disbursements,True,5150,"[""-""]"
direct_loans,2019-2020,2019,dl-dashboard-ay2019-2020-q4.xls,https://studentaid.gov/sites/default/files/fsawg/datacenter/library/dl-dashboard-ay2019-2020-q4.xls,9f0a3ae2495516cf519e7521978ea2782ee9aea373acd6b391347a1c7c4c3d40,Award Year Summary,OPE ID,opeid8,True,5056,[]
direct_loans,2019-2020,2019,dl-dashboard-ay2019-2020-q4.xls,https://studentaid.gov/sites/default/files/fsawg/datacenter/library/dl-dashboard-ay2019-2020-q4.xls,9f0a3ae2495516cf519e7521978ea2782ee9aea373acd6b391347a1c7c4c3d40,Award Year Summary,School,school,True,5056,[]
direct_loans,2019-2020,2019,dl-dashboard-ay2019-2020-q4.xls,https://studentaid.gov/sites/default/files/fsawg/datacenter/library/dl-dashboard-ay2019-2020-q4.xls,9f0a3ae2495516cf519e7521978ea2782ee9aea373acd6b391347a1c7c4c3d40,Award Year Summary,State,state,True,4678,[]
direct_loans,2019-2020,2019,dl-dashboard-ay2019-2020-q4.xls,https://studentaid.gov/sites/default/files/fsawg/datacenter/library/dl-dashboard-ay2019-2020-q4.xls,9f0a3ae2495516cf519e7521978ea2782ee9aea373acd6b391347a1c7c4c3d40,Award Year Summary,Zip Code,zip_code,True,5038,[]
direct_loans,2019-2020,2019,dl-dashboard-ay2019-2020-q4.xls,https://studentaid.gov/sites/default/files/fsawg/datacenter/library/dl-dashboard-ay2019-2020-q4.xls,9f0a3ae2495516cf519e7521978ea2782ee9aea373acd6b391347a1c7c4c3d40,Award Year Summary,School Type,school_type,True,5056,[]
direct_loans,2019-2020,2019,dl-dashboard-ay2019-2020-q4.xls,https://studentaid.gov/sites/default/files/fsawg/datacenter/library/dl-dashboard-ay2019-2020-q4.xls,9f0a3ae2495516cf519e7521978ea2782ee9aea373acd6b391347a1c7c4c3d40,Award Year Summary,DL SUBSIDIZED | Recipients,subsidized_recipients,True,5056,"[""-""]"
direct_loans,2019-2020,2019,dl-dashboard-ay2019-2020-q4.xls,https://studentaid.gov/sites/default/files/fsawg/datacenter/library/dl-dashboard-ay2019-2020-q4.xls,9f0a3ae2495516cf519e7521978ea2782ee9aea373acd6b391347a1c7c4c3d40,Award Year Summary,DL SUBSIDIZED | # of Loans Originated,subsidized_loans_originated_n,True,5056,"[""-""]"
direct_loans,2019-2020,2019,dl-dashboard-ay2019-2020-q4.xls,https://studentaid.gov/sites/default/files/fsawg/datacenter/library/dl-dashboard-ay2019-2020-q4.xls,9f0a3ae2495516cf519e7521978ea2782ee9aea373acd6b391347a1c7c4c3d40,Award Year Summary,DL SUBSIDIZED | $ of Loans Originated,subsidized_loans_originated_amt,True,5056,"[""-""]"
direct_loans,2019-2020,2019,dl-dashboard-ay2019-2020-q4.xls,https://studentaid.gov/sites/default/files/fsawg/datacenter/library/dl-dashboard-ay2019-2020-q4.xls,9f0a3ae2495516cf519e7521978ea2782ee9aea373acd6b391347a1c7c4c3d40,Award Year Summary,DL SUBSIDIZED | # of Disbursements,subsidized_disbursements_n,True,5056,"[""-""]"
direct_loans,2019-2020,2019,dl-dashboard-ay2019-2020-q4.xls,https://studentaid.gov/sites/default/files/fsawg/datacenter/library/dl-dashboard-ay2019-2020-q4.xls,9f0a3ae2495516cf519e7521978ea2782ee9aea373acd6b391347a1c7c4c3d40,Award Year Summary,DL SUBSIDIZED | $ of Disbursements,subsidized_disbursements,True,5056,"[""-""]"
direct_loans,2019-2020,2019,dl-dashboard-ay2019-2020-q4.xls,https://studentaid.gov/sites/default/files/fsawg/datacenter/library/dl-dashboard-ay2019-2020-q4.xls,9f0a3ae2495516cf519e7521978ea2782ee9aea373acd6b391347a1c7c4c3d40,Award Year Summary,DL UNSUBSIDIZED - UNDERGRADUATE | Recipients,unsubsidized_undergraduate_recipients,True,5056,"[""-""]"
direct_loans,2019-2020,2019,dl-dashboard-ay2019-2020-q4.xls,https://studentaid.gov/sites/default/files/fsawg/datacenter/library/dl-dashboard-ay2019-2020-q4.xls,9f0a3ae2495516cf519e7521978ea2782ee9aea373acd6b391347a1c7c4c3d40,Award Year Summary,DL UNSUBSIDIZED - UNDERGRADUATE | # of Loans Originated,unsubsidized_undergraduate_loans_originated_n,True,5056,"[""-""]"
direct_loans,2019-2020,2019,dl-dashboard-ay2019-2020-q4.xls,https://studentaid.gov/sites/default/files/fsawg/datacenter/library/dl-dashboard-ay2019-2020-q4.xls,9f0a3ae2495516cf519e7521978ea2782ee9aea373acd6b391347a1c7c4c3d40,Award Year Summary,DL UNSUBSIDIZED - UNDERGRADUATE | $ of Loans Originated,unsubsidized_undergraduate_loans_originated_amt,True,5056,"[""-""]"
direct_loans,2019-2020,2019,dl-dashboard-ay2019-2020-q4.xls,https://studentaid.gov/sites/default/files/fsawg/datacenter/library/dl-dashboard-ay2019-2020-q4.xls,9f0a3ae2495516cf519e7521978ea2782ee9aea373acd6b391347a1c7c4c3d40,Award Year Summary,DL UNSUBSIDIZED - UNDERGRADUATE | # of Disbursements,unsubsidized_undergraduate_disbursements_n,True,5056,"[""-""]"
direct_loans,2019-2020,2019,dl-dashboard-ay2019-2020-q4.xls,https://studentaid.gov/sites/default/files/fsawg/datacenter/library/dl-dashboard-ay2019-2020-q4.xls,9f0a3ae2495516cf519e7521978ea2782ee9aea373acd6b391347a1c7c4c3d40,Award Year Summary,DL UNSUBSIDIZED - UNDERGRADUATE | $ of Disbursements,unsubsidized_undergraduate_disbursements,True,5056,"[""-""]"
direct_loans,2019-2020,2019,dl-dashboard-ay2019-2020-q4.xls,https://studentaid.gov/sites/default/files/fsawg/datacenter/library/dl-dashboard-ay2019-2020-q4.xls,9f0a3ae2495516cf519e7521978ea2782ee9aea373acd6b391347a1c7c4c3d40,Award Year Summary,DL UNSUBSIDIZED - GRADUATE | Recipients,unsubsidized_graduate_recipients,True,5056,"[""-""]"
direct_loans,2019-2020,2019,dl-dashboard-ay2019-2020-q4.xls,https://studentaid.gov/sites/default/files/fsawg/datacenter/library/dl-dashboard-ay2019-2020-q4.xls,9f0a3ae2495516cf519e7521978ea2782ee9aea373acd6b391347a1c7c4c3d40,Award Year Summary,DL UNSUBSIDIZED - GRADUATE | # of Loans Originated,unsubsidized_graduate_loans_originated_n,True,5056,"[""-""]"
direct_loans,2019-2020,2019,dl-dashboard-ay2019-2020-q4.xls,https://studentaid.gov/sites/default/files/fsawg/datacenter/library/dl-dashboard-ay2019-2020-q4.xls,9f0a3ae2495516cf519e7521978ea2782ee9aea373acd6b391347a1c7c4c3d40,Award Year Summary,DL UNSUBSIDIZED - GRADUATE | $ of Loans Originated,unsubsidized_graduate_loans_originated_amt,True,5056,"[""-""]"
direct_loans,2019-2020,2019,dl-dashboard-ay2019-2020-q4.xls,https://studentaid.gov/sites/default/files/fsawg/datacenter/library/dl-dashboard-ay2019-2020-q4.xls,9f0a3ae2495516cf519e7521978ea2782ee9aea373acd6b391347a1c7c4c3d40,Award Year Summary,DL UNSUBSIDIZED - GRADUATE | # of Disbursements,unsubsidized_graduate_disbursements_n,True,5056,"[""-""]"
direct_loans,2019-2020,2019,dl-dashboard-ay2019-2020-q4.xls,https://studentaid.gov/sites/default/files/fsawg/datacenter/library/dl-dashboard-ay2019-2020-q4.xls,9f0a3ae2495516cf519e7521978ea2782ee9aea373acd6b391347a1c7c4c3d40,Award Year Summary,DL UNSUBSIDIZED - GRADUATE | $ of Disbursements,unsubsidized_graduate_disbursements,True,5056,"[""-""]"
direct_loans,2019-2020,2019,dl-dashboard-ay2019-2020-q4.xls,https://studentaid.gov/sites/default/files/fsawg/datacenter/library/dl-dashboard-ay2019-2020-q4.xls,9f0a3ae2495516cf519e7521978ea2782ee9aea373acd6b391347a1c7c4c3d40,Award Year Summary,DL PARENT PLUS | Recipients,parent_plus_recipients,True,5056,"[""-""]"
direct_loans,2019-2020,2019,dl-dashboard-ay2019-2020-q4.xls,https://studentaid.gov/sites/default/files/fsawg/datacenter/library/dl-dashboard-ay2019-2020-q4.xls,9f0a3ae2495516cf519e7521978ea2782ee9aea373acd6b391347a1c7c4c3d40,Award Year Summary,DL PARENT PLUS | # of Loans Originated,parent_plus_loans_originated_n,True,5056,"[""-""]"
direct_loans,2019-2020,2019,dl-dashboard-ay2019-2020-q4.xls,https://studentaid.gov/sites/default/files/fsawg/datacenter/library/dl-dashboard-ay2019-2020-q4.xls,9f0a3ae2495516cf519e7521978ea2782ee9aea373acd6b391347a1c7c4c3d40,Award Year Summary,DL PARENT PLUS | $ of Loans Originated,parent_plus_loans_originated_amt,True,5056,"[""-""]"
direct_loans,2019-2020,2019,dl-dashboard-ay2019-2020-q4.xls,https://studentaid.gov/sites/default/files/fsawg/datacenter/library/dl-dashboard-ay2019-2020-q4.xls,9f0a3ae2495516cf519e7521978ea2782ee9aea373acd6b391347a1c7c4c3d40,Award Year Summary,DL PARENT PLUS | # of Disbursements,parent_plus_disbursements_n,True,5056,"[""-""]"
direct_loans,2019-2020,2019,dl-dashboard-ay2019-2020-q4.xls,https://studentaid.gov/sites/default/files/fsawg/datacenter/library/dl-dashboard-ay2019-2020-q4.xls,9f0a3ae2495516cf519e7521978ea2782ee9aea373acd6b391347a1c7c4c3d40,Award Year Summary,DL PARENT PLUS | $ of Disbursements,parent_plus_disbursements,True,5056,"[""-""]"
direct_loans,2019-2020,2019,dl-dashboard-ay2019-2020-q4.xls,https://studentaid.gov/sites/default/files/fsawg/datacenter/library/dl-dashboard-ay2019-2020-q4.xls,9f0a3ae2495516cf519e7521978ea2782ee9aea373acd6b391347a1c7c4c3d40,Award Year Summary,DL GRAD PLUS | Recipients,grad_plus_recipients,True,5056,"[""-""]"
direct_loans,2019-2020,2019,dl-dashboard-ay2019-2020-q4.xls,https://studentaid.gov/sites/default/files/fsawg/datacenter/library/dl-dashboard-ay2019-2020-q4.xls,9f0a3ae2495516cf519e7521978ea2782ee9aea373acd6b391347a1c7c4c3d40,Award Year Summary,DL GRAD PLUS | # of Loans Originated,grad_plus_loans_originated_n,True,5056,"[""-""]"
direct_loans,2019-2020,2019,dl-dashboard-ay2019-2020-q4.xls,https://studentaid.gov/sites/default/files/fsawg/datacenter/library/dl-dashboard-ay2019-2020-q4.xls,9f0a3ae2495516cf519e7521978ea2782ee9aea373acd6b391347a1c7c4c3d40,Award Year Summary,DL GRAD PLUS | $ of Loans Originated,grad_plus_loans_originated_amt,True,5056,"[""-""]"
direct_loans,2019-2020,2019,dl-dashboard-ay2019-2020-q4.xls,https://studentaid.gov/sites/default/files/fsawg/datacenter/library/dl-dashboard-ay2019-2020-q4.xls,9f0a3ae2495516cf519e7521978ea2782ee9aea373acd6b391347a1c7c4c3d40,Award Year Summary,DL GRAD PLUS | # of Disbursements,grad_plus_disbursements_n,True,5056,"[""-""]"
direct_loans,2019-2020,2019,dl-dashboard-ay2019-2020-q4.xls,https://studentaid.gov/sites/default/files/fsawg/datacenter/library/dl-dashboard-ay2019-2020-q4.xls,9f0a3ae2495516cf519e7521978ea2782ee9aea373acd6b391347a1c7c4c3d40,Award Year Summary,DL GRAD PLUS | $ of Disbursements,grad_plus_disbursements,True,5056,"[""-""]"
direct_loans,2020-2021,2020,dl-dashboard-ay2020-2021-q4.xls,https://studentaid.gov/sites/default/files/fsawg/datacenter/library/dl-dashboard-ay2020-2021-q4.xls,24319939df0f8dcd21b298f4de474a4aef343a6a1585a396ec478474482eee8e,Award Year Summary,OPE ID,opeid8,True,5006,[]
direct_loans,2020-2021,2020,dl-dashboard-ay2020-2021-q4.xls,https://studentaid.gov/sites/default/files/fsawg/datacenter/library/dl-dashboard-ay2020-2021-q4.xls,24319939df0f8dcd21b298f4de474a4aef343a6a1585a396ec478474482eee8e,Award Year Summary,School,school,True,5006,[]
direct_loans,2020-2021,2020,dl-dashboard-ay2020-2021-q4.xls,https://studentaid.gov/sites/default/files/fsawg/datacenter/library/dl-dashboard-ay2020-2021-q4.xls,24319939df0f8dcd21b298f4de474a4aef343a6a1585a396ec478474482eee8e,Award Year Summary,State,state,True,4624,[]
direct_loans,2020-2021,2020,dl-dashboard-ay2020-2021-q4.xls,https://studentaid.gov/sites/default/files/fsawg/datacenter/library/dl-dashboard-ay2020-2021-q4.xls,24319939df0f8dcd21b298f4de474a4aef343a6a1585a396ec478474482eee8e,Award Year Summary,Zip Code,zip_code,True,4989,[]
direct_loans,2020-2021,2020,dl-dashboard-ay2020-2021-q4.xls,https://studentaid.gov/sites/default/files/fsawg/datacenter/library/dl-dashboard-ay2020-2021-q4.xls,24319939df0f8dcd21b298f4de474a4aef343a6a1585a396ec478474482eee8e,Award Year Summary,School Type,school_type,True,5006,[]
direct_loans,2020-2021,2020,dl-dashboard-ay2020-2021-q4.xls,https://studentaid.gov/sites/default/files/fsawg/datacenter/library/dl-dashboard-ay2020-2021-q4.xls,24319939df0f8dcd21b298f4de474a4aef343a6a1585a396ec478474482eee8e,Award Year Summary,DL SUBSIDIZED | Recipients,subsidized_recipients,True,5006,"[""-""]"
direct_loans,2020-2021,2020,dl-dashboard-ay2020-2021-q4.xls,https://studentaid.gov/sites/default/files/fsawg/datacenter/library/dl-dashboard-ay2020-2021-q4.xls,24319939df0f8dcd21b298f4de474a4aef343a6a1585a396ec478474482eee8e,Award Year Summary,DL SUBSIDIZED | # of Loans Originated,subsidized_loans_originated_n,True,5006,"[""-""]"
direct_loans,2020-2021,2020,dl-dashboard-ay2020-2021-q4.xls,https://studentaid.gov/sites/default/files/fsawg/datacenter/library/dl-dashboard-ay2020-2021-q4.xls,24319939df0f8dcd21b298f4de474a4aef343a6a1585a396ec478474482eee8e,Award Year Summary,DL SUBSIDIZED | $ of Loans Originated,subsidized_loans_originated_amt,True,5006,"[""-""]"
direct_loans,2020-2021,2020,dl-dashboard-ay2020-2021-q4.xls,https://studentaid.gov/sites/default/files/fsawg/datacenter/library/dl-dashboard-ay2020-2021-q4.xls,24319939df0f8dcd21b298f4de474a4aef343a6a1585a396ec478474482eee8e,Award Year Summary,DL SUBSIDIZED | # of Disbursements,subsidized_disbursements_n,True,5006,"[""-""]"
direct_loans,2020-2021,2020,dl-dashboard-ay2020-2021-q4.xls,https://studentaid.gov/sites/default/files/fsawg/datacenter/library/dl-dashboard-ay2020-2021-q4.xls,24319939df0f8dcd21b298f4de474a4aef343a6a1585a396ec478474482eee8e,Award Year Summary,DL SUBSIDIZED | $ of Disbursements,subsidized_disbursements,True,5006,"[""-""]"
direct_loans,2020-2021,2020,dl-dashboard-ay2020-2021-q4.xls,https://studentaid.gov/sites/default/files/fsawg/datacenter/library/dl-dashboard-ay2020-2021-q4.xls,24319939df0f8dcd21b298f4de474a4aef343a6a1585a396ec478474482eee8e,Award Year Summary,DL UNSUBSIDIZED - UNDERGRADUATE | Recipients,unsubsidized_undergraduate_recipients,True,5006,"[""-""]"
direct_loans,2020-2021,2020,dl-dashboard-ay2020-2021-q4.xls,https://studentaid.gov/sites/default/files/fsawg/datacenter/library/dl-dashboard-ay2020-2021-q4.xls,24319939df0f8dcd21b298f4de474a4aef343a6a1585a396ec478474482eee8e,Award Year Summary,DL UNSUBSIDIZED - UNDERGRADUATE | # of Loans Originated,unsubsidized_undergraduate_loans_originated_n,True,5006,"[""-""]"
direct_loans,2020-2021,2020,dl-dashboard-ay2020-2021-q4.xls,https://studentaid.gov/sites/default/files/fsawg/datacenter/library/dl-dashboard-ay2020-2021-q4.xls,24319939df0f8dcd21b298f4de474a4aef343a6a1585a396ec478474482eee8e,Award Year Summary,DL UNSUBSIDIZED - UNDERGRADUATE | $ of Loans Originated,unsubsidized_undergraduate_loans_originated_amt,True,5006,"[""-""]"
direct_loans,2020-2021,2020,dl-dashboard-ay2020-2021-q4.xls,https://studentaid.gov/sites/default/files/fsawg/datacenter/library/dl-dashboard-ay2020-2021-q4.xls,24319939df0f8dcd21b298f4de474a4aef343a6a1585a396ec478474482eee8e,Award Year Summary,DL UNSUBSIDIZED - UNDERGRADUATE | # of Disbursements,unsubsidized_undergraduate_disbursements_n,True,5006,"[""-""]"
direct_loans,2020-2021,2020,dl-dashboard-ay2020-2021-q4.xls,https://studentaid.gov/sites/default/files/fsawg/datacenter/library/dl-dashboard-ay2020-2021-q4.xls,24319939df0f8dcd21b298f4de474a4aef343a6a1585a396ec478474482eee8e,Award Year Summary,DL UNSUBSIDIZED - UNDERGRADUATE | $ of Disbursements,unsubsidized_undergraduate_disbursements,True,5006,"[""-""]"
direct_loans,2020-2021,2020,dl-dashboard-ay2020-2021-q4.xls,https://studentaid.gov/sites/default/files/fsawg/datacenter/library/dl-dashboard-ay2020-2021-q4.xls,24319939df0f8dcd21b298f4de474a4aef343a6a1585a396ec478474482eee8e,Award Year Summary,DL UNSUBSIDIZED - GRADUATE | Recipients,unsubsidized_graduate_recipients,True,5006,"[""-""]"
direct_loans,2020-2021,2020,dl-dashboard-ay2020-2021-q4.xls,https://studentaid.gov/sites/default/files/fsawg/datacenter/library/dl-dashboard-ay2020-2021-q4.xls,24319939df0f8dcd21b298f4de474a4aef343a6a1585a396ec478474482eee8e,Award Year Summary,DL UNSUBSIDIZED - GRADUATE | # of Loans Originated,unsubsidized_graduate_loans_originated_n,True,5006,"[""-""]"
direct_loans,2020-2021,2020,dl-dashboard-ay2020-2021-q4.xls,https://studentaid.gov/sites/default/files/fsawg/datacenter/library/dl-dashboard-ay2020-2021-q4.xls,24319939df0f8dcd21b298f4de474a4aef343a6a1585a396ec478474482eee8e,Award Year Summary,DL UNSUBSIDIZED - GRADUATE | $ of Loans Originated,unsubsidized_graduate_loans_originated_amt,True,5006,"[""-""]"
direct_loans,2020-2021,2020,dl-dashboard-ay2020-2021-q4.xls,https://studentaid.gov/sites/default/files/fsawg/datacenter/library/dl-dashboard-ay2020-2021-q4.xls,24319939df0f8dcd21b298f4de474a4aef343a6a1585a396ec478474482eee8e,Award Year Summary,DL UNSUBSIDIZED - GRADUATE | # of Disbursements,unsubsidized_graduate_disbursements_n,True,5006,"[""-""]"
direct_loans,2020-2021,2020,dl-dashboard-ay2020-2021-q4.xls,https://studentaid.gov/sites/default/files/fsawg/datacenter/library/dl-dashboard-ay2020-2021-q4.xls,24319939df0f8dcd21b298f4de474a4aef343a6a1585a396ec478474482eee8e,Award Year Summary,DL UNSUBSIDIZED - GRADUATE | $ of Disbursements,unsubsidized_graduate_disbursements,True,5006,"[""-""]"
direct_loans,2020-2021,2020,dl-dashboard-ay2020-2021-q4.xls,https://studentaid.gov/sites/default/files/fsawg/datacenter/library/dl-dashboard-ay2020-2021-q4.xls,24319939df0f8dcd21b298f4de474a4aef343a6a1585a396ec478474482eee8e,Award Year Summary,DL PARENT PLUS | Recipients,parent_plus_recipients,True,5006,"[""-""]"
direct_loans,2020-2021,2020,dl-dashboard-ay2020-2021-q4.xls,https://studentaid.gov/sites/default/files/fsawg/datacenter/library/dl-dashboard-ay2020-2021-q4.xls,24319939df0f8dcd21b298f4de474a4aef343a6a1585a396ec478474482eee8e,Award Year Summary,DL PARENT PLUS | # of Loans Originated,parent_plus_loans_originated_n,True,5006,"[""-""]"
direct_loans,2020-2021,2020,dl-dashboard-ay2020-2021-q4.xls,https://studentaid.gov/sites/default/files/fsawg/datacenter/library/dl-dashboard-ay2020-2021-q4.xls,24319939df0f8dcd21b298f4de474a4aef343a6a1585a396ec478474482eee8e,Award Year Summary,DL PARENT PLUS | $ of Loans Originated,parent_plus_loans_originated_amt,True,5006,"[""-""]"
direct_loans,2020-2021,2020,dl-dashboard-ay2020-2021-q4.xls,https://studentaid.gov/sites/default/files/fsawg/datacenter/library/dl-dashboard-ay2020-2021-q4.xls,24319939df0f8dcd21b298f4de474a4aef343a6a1585a396ec478474482eee8e,Award Year Summary,DL PARENT PLUS | # of Disbursements,parent_plus_disbursements_n,True,5006,"[""-""]"
direct_loans,2020-2021,2020,dl-dashboard-ay2020-2021-q4.xls,https://studentaid.gov/sites/default/files/fsawg/datacenter/library/dl-dashboard-ay2020-2021-q4.xls,24319939df0f8dcd21b298f4de474a4aef343a6a1585a396ec478474482eee8e,Award Year Summary,DL PARENT PLUS | $ of Disbursements,parent_plus_disbursements,True,5006,"[""-""]"
direct_loans,2020-2021,2020,dl-dashboard-ay2020-2021-q4.xls,https://studentaid.gov/sites/default/files/fsawg/datacenter/library/dl-dashboard-ay2020-2021-q4.xls,24319939df0f8dcd21b298f4de474a4aef343a6a1585a396ec478474482eee8e,Award Year Summary,DL GRAD PLUS | Recipients,grad_plus_recipients,True,5006,"[""-""]"
direct_loans,2020-2021,2020,dl-dashboard-ay2020-2021-q4.xls,https://studentaid.gov/sites/default/files/fsawg/datacenter/library/dl-dashboard-ay2020-2021-q4.xls,24319939df0f8dcd21b298f4de474a4aef343a6a1585a396ec478474482eee8e,Award Year Summary,DL GRAD PLUS | # of Loans Originated,grad_plus_loans_originated_n,True,5006,"[""-""]"
direct_loans,2020-2021,2020,dl-dashboard-ay2020-2021-q4.xls,https://studentaid.gov/sites/default/files/fsawg/datacenter/library/dl-dashboard-ay2020-2021-q4.xls,24319939df0f8dcd21b298f4de474a4aef343a6a1585a396ec478474482eee8e,Award Year Summary,DL GRAD PLUS | $ of Loans Originated,grad_plus_loans_originated_amt,True,5006,"[""-""]"
direct_loans,2020-2021,2020,dl-dashboard-ay2020-2021-q4.xls,https://studentaid.gov/sites/default/files/fsawg/datacenter/library/dl-dashboard-ay2020-2021-q4.xls,24319939df0f8dcd21b298f4de474a4aef343a6a1585a396ec478474482eee8e,Award Year Summary,DL GRAD PLUS | # of Disbursements,grad_plus_disbursements_n,True,5006,"[""-""]"
direct_loans,2020-2021,2020,dl-dashboard-ay2020-2021-q4.xls,https://studentaid.gov/sites/default/files/fsawg/datacenter/library/dl-dashboard-ay2020-2021-q4.xls,24319939df0f8dcd21b298f4de474a4aef343a6a1585a396ec478474482eee8e,Award Year Summary,DL GRAD PLUS | $ of Disbursements,grad_plus_disbursements,True,5006,"[""-""]"
direct_loans,2021-2022,2021,dl-dashboard-ay2021-2022-q4.xls,https://studentaid.gov/sites/default/files/fsawg/datacenter/library/dl-dashboard-ay2021-2022-q4.xls,d51ec3fdb203aff229dae0630ec4615cee5df96a9e52f898e0c5fef243d56bde,Award Year Summary,OPE ID,opeid8,True,4958,[]
direct_loans,2021-2022,2021,dl-dashboard-ay2021-2022-q4.xls,https://studentaid.gov/sites/default/files/fsawg/datacenter/library/dl-dashboard-ay2021-2022-q4.xls,d51ec3fdb203aff229dae0630ec4615cee5df96a9e52f898e0c5fef243d56bde,Award Year Summary,School,school,True,4958,[]
direct_loans,2021-2022,2021,dl-dashboard-ay2021-2022-q4.xls,https://studentaid.gov/sites/default/files/fsawg/datacenter/library/dl-dashboard-ay2021-2022-q4.xls,d51ec3fdb203aff229dae0630ec4615cee5df96a9e52f898e0c5fef243d56bde,Award Year Summary,State,state,True,4577,[]
direct_loans,2021-2022,2021,dl-dashboard-ay2021-2022-q4.xls,https://studentaid.gov/sites/default/files/fsawg/datacenter/library/dl-dashboard-ay2021-2022-q4.xls,d51ec3fdb203aff229dae0630ec4615cee5df96a9e52f898e0c5fef243d56bde,Award Year Summary,Zip Code,zip_code,True,4940,[]
direct_loans,2021-2022,2021,dl-dashboard-ay2021-2022-q4.xls,https://studentaid.gov/sites/default/files/fsawg/datacenter/library/dl-dashboard-ay2021-2022-q4.xls,d51ec3fdb203aff229dae0630ec4615cee5df96a9e52f898e0c5fef243d56bde,Award Year Summary,School Type,school_type,True,4958,[]
direct_loans,2021-2022,2021,dl-dashboard-ay2021-2022-q4.xls,https://studentaid.gov/sites/default/files/fsawg/datacenter/library/dl-dashboard-ay2021-2022-q4.xls,d51ec3fdb203aff229dae0630ec4615cee5df96a9e52f898e0c5fef243d56bde,Award Year Summary,DL SUBSIDIZED | Recipients,subsidized_recipients,True,4958,"[""-""]"
direct_loans,2021-2022,2021,dl-dashboard-ay2021-2022-q4.xls,https://studentaid.gov/sites/default/files/fsawg/datacenter/library/dl-dashboard-ay2021-2022-q4.xls,d51ec3fdb203aff229dae0630ec4615cee5df96a9e52f898e0c5fef243d56bde,Award Year Summary,DL SUBSIDIZED | # of Loans Originated,subsidized_loans_originated_n,True,4958,"[""-""]"
direct_loans,2021-2022,2021,dl-dashboard-ay2021-2022-q4.xls,https://studentaid.gov/sites/default/files/fsawg/datacenter/library/dl-dashboard-ay2021-2022-q4.xls,d51ec3fdb203aff229dae0630ec4615cee5df96a9e52f898e0c5fef243d56bde,Award Year Summary,DL SUBSIDIZED | $ of Loans Originated,subsidized_loans_originated_amt,True,4958,"[""-""]"
direct_loans,2021-2022,2021,dl-dashboard-ay2021-2022-q4.xls,https://studentaid.gov/sites/default/files/fsawg/datacenter/library/dl-dashboard-ay2021-2022-q4.xls,d51ec3fdb203aff229dae0630ec4615cee5df96a9e52f898e0c5fef243d56bde,Award Year Summary,DL SUBSIDIZED | # of Disbursements,subsidized_disbursements_n,True,4958,"[""-""]"
direct_loans,2021-2022,2021,dl-dashboard-ay2021-2022-q4.xls,https://studentaid.gov/sites/default/files/fsawg/datacenter/library/dl-dashboard-ay2021-2022-q4.xls,d51ec3fdb203aff229dae0630ec4615cee5df96a9e52f898e0c5fef243d56bde,Award Year Summary,DL SUBSIDIZED | $ of Disbursements,subsidized_disbursements,True,4958,"[""-""]"
direct_loans,2021-2022,2021,dl-dashboard-ay2021-2022-q4.xls,https://studentaid.gov/sites/default/files/fsawg/datacenter/library/dl-dashboard-ay2021-2022-q4.xls,d51ec3fdb203aff229dae0630ec4615cee5df96a9e52f898e0c5fef243d56bde,Award Year Summary,DL UNSUBSIDIZED - UNDERGRADUATE | Recipients,unsubsidized_undergraduate_recipients,True,4958,"[""-""]"
direct_loans,2021-2022,2021,dl-dashboard-ay2021-2022-q4.xls,https://studentaid.gov/sites/default/files/fsawg/datacenter/library/dl-dashboard-ay2021-2022-q4.xls,d51ec3fdb203aff229dae0630ec4615cee5df96a9e52f898e0c5fef243d56bde,Award Year Summary,DL UNSUBSIDIZED - UNDERGRADUATE | # of Loans Originated,unsubsidized_undergraduate_loans_originated_n,True,4958,"[""-""]"
direct_loans,2021-2022,2021,dl-dashboard-ay2021-2022-q4.xls,https://studentaid.gov/sites/default/files/fsawg/datacenter/library/dl-dashboard-ay2021-2022-q4.xls,d51ec3fdb203aff229dae0630ec4615cee5df96a9e52f898e0c5fef243d56bde,Award Year Summary,DL UNSUBSIDIZED - UNDERGRADUATE | $ of Loans Originated,unsubsidized_undergraduate_loans_originated_amt,True,4958,"[""-""]"
direct_loans,2021-2022,2021,dl-dashboard-ay2021-2022-q4.xls,https://studentaid.gov/sites/default/files/fsawg/datacenter/library/dl-dashboard-ay2021-2022-q4.xls,d51ec3fdb203aff229dae0630ec4615cee5df96a9e52f898e0c5fef243d56bde,Award Year Summary,DL UNSUBSIDIZED - UNDERGRADUATE | # of Disbursements,unsubsidized_undergraduate_disbursements_n,True,4958,"[""-""]"
direct_loans,2021-2022,2021,dl-dashboard-ay2021-2022-q4.xls,https://studentaid.gov/sites/default/files/fsawg/datacenter/library/dl-dashboard-ay2021-2022-q4.xls,d51ec3fdb203aff229dae0630ec4615cee5df96a9e52f898e0c5fef243d56bde,Award Year Summary,DL UNSUBSIDIZED - UNDERGRADUATE | $ of Disbursements,unsubsidized_undergraduate_disbursements,True,4958,"[""-""]"
direct_loans,2021-2022,2021,dl-dashboard-ay2021-2022-q4.xls,https://studentaid.gov/sites/default/files/fsawg/datacenter/library/dl-dashboard-ay2021-2022-q4.xls,d51ec3fdb203aff229dae0630ec4615cee5df96a9e52f898e0c5fef243d56bde,Award Year Summary,DL UNSUBSIDIZED - GRADUATE | Recipients,unsubsidized_graduate_recipients,True,4958,"[""-""]"
direct_loans,2021-2022,2021,dl-dashboard-ay2021-2022-q4.xls,https://studentaid.gov/sites/default/files/fsawg/datacenter/library/dl-dashboard-ay2021-2022-q4.xls,d51ec3fdb203aff229dae0630ec4615cee5df96a9e52f898e0c5fef243d56bde,Award Year Summary,DL UNSUBSIDIZED - GRADUATE | # of Loans Originated,unsubsidized_graduate_loans_originated_n,True,4958,"[""-""]"
direct_loans,2021-2022,2021,dl-dashboard-ay2021-2022-q4.xls,https://studentaid.gov/sites/default/files/fsawg/datacenter/library/dl-dashboard-ay2021-2022-q4.xls,d51ec3fdb203aff229dae0630ec4615cee5df96a9e52f898e0c5fef243d56bde,Award Year Summary,DL UNSUBSIDIZED - GRADUATE | $ of Loans Originated,unsubsidized_graduate_loans_originated_amt,True,4958,"[""-""]"
direct_loans,2021-2022,2021,dl-dashboard-ay2021-2022-q4.xls,https://studentaid.gov/sites/default/files/fsawg/datacenter/library/dl-dashboard-ay2021-2022-q4.xls,d51ec3fdb203aff229dae0630ec4615cee5df96a9e52f898e0c5fef243d56bde,Award Year Summary,DL UNSUBSIDIZED - GRADUATE | # of Disbursements,unsubsidized_graduate_disbursements_n,True,4958,"[""-""]"
direct_loans,2021-2022,2021,dl-dashboard-ay2021-2022-q4.xls,https://studentaid.gov/sites/default/files/fsawg/datacenter/library/dl-dashboard-ay2021-2022-q4.xls,d51ec3fdb203aff229dae0630ec4615cee5df96a9e52f898e0c5fef243d56bde,Award Year Summary,DL UNSUBSIDIZED - GRADUATE | $ of Disbursements,unsubsidized_graduate_disbursements,True,4958,"[""-""]"
direct_loans,2021-2022,2021,dl-dashboard-ay2021-2022-q4.xls,https://studentaid.gov/sites/default/files/fsawg/datacenter/library/dl-dashboard-ay2021-2022-q4.xls,d51ec3fdb203aff229dae0630ec4615cee5df96a9e52f898e0c5fef243d56bde,Award Year Summary,DL PARENT PLUS | Recipients,parent_plus_recipients,True,4958,"[""-""]"
direct_loans,2021-2022,2021,dl-dashboard-ay2021-2022-q4.xls,https://studentaid.gov/sites/default/files/fsawg/datacenter/library/dl-dashboard-ay2021-2022-q4.xls,d51ec3fdb203aff229dae0630ec4615cee5df96a9e52f898e0c5fef243d56bde,Award Year Summary,DL PARENT PLUS | # of Loans Originated,parent_plus_loans_originated_n,True,4958,"[""-""]"
direct_loans,2021-2022,2021,dl-dashboard-ay2021-2022-q4.xls,https://studentaid.gov/sites/default/files/fsawg/datacenter/library/dl-dashboard-ay2021-2022-q4.xls,d51ec3fdb203aff229dae0630ec4615cee5df96a9e52f898e0c5fef243d56bde,Award Year Summary,DL PARENT PLUS | $ of Loans Originated,parent_plus_loans_originated_amt,True,4958,"[""-""]"
direct_loans,2021-2022,2021,dl-dashboard-ay2021-2022-q4.xls,https://studentaid.gov/sites/default/files/fsawg/datacenter/library/dl-dashboard-ay2021-2022-q4.xls,d51ec3fdb203aff229dae0630ec4615cee5df96a9e52f898e0c5fef243d56bde,Award Year Summary,DL PARENT PLUS | # of Disbursements,parent_plus_disbursements_n,True,4958,"[""-""]"
direct_loans,2021-2022,2021,dl-dashboard-ay2021-2022-q4.xls,https://studentaid.gov/sites/default/files/fsawg/datacenter/library/dl-dashboard-ay2021-2022-q4.xls,d51ec3fdb203aff229dae0630ec4615cee5df96a9e52f898e0c5fef243d56bde,Award Year Summary,DL PARENT PLUS | $ of Disbursements,parent_plus_disbursements,True,4958,"[""-""]"
direct_loans,2021-2022,2021,dl-dashboard-ay2021-2022-q4.xls,https://studentaid.gov/sites/default/files/fsawg/datacenter/library/dl-dashboard-ay2021-2022-q4.xls,d51ec3fdb203aff229dae0630ec4615cee5df96a9e52f898e0c5fef243d56bde,Award Year Summary,DL GRAD PLUS | Recipients,grad_plus_recipients,True,4958,"[""-""]"
direct_loans,2021-2022,2021,dl-dashboard-ay2021-2022-q4.xls,https://studentaid.gov/sites/default/files/fsawg/datacenter/library/dl-dashboard-ay2021-2022-q4.xls,d51ec3fdb203aff229dae0630ec4615cee5df96a9e52f898e0c5fef243d56bde,Award Year Summary,DL GRAD PLUS | # of Loans Originated,grad_plus_loans_originated_n,True,4958,"[""-""]"
direct_loans,2021-2022,2021,dl-dashboard-ay2021-2022-q4.xls,https://studentaid.gov/sites/default/files/fsawg/datacenter/library/dl-dashboard-ay2021-2022-q4.xls,d51ec3fdb203aff229dae0630ec4615cee5df96a9e52f898e0c5fef243d56bde,Award Year Summary,DL GRAD PLUS | $ of Loans Originated,grad_plus_loans_originated_amt,True,4958,"[""-""]"
direct_loans,2021-2022,2021,dl-dashboard-ay2021-2022-q4.xls,https://studentaid.gov/sites/default/files/fsawg/datacenter/library/dl-dashboard-ay2021-2022-q4.xls,d51ec3fdb203aff229dae0630ec4615cee5df96a9e52f898e0c5fef243d56bde,Award Year Summary,DL GRAD PLUS | # of Disbursements,grad_plus_disbursements_n,True,4958,"[""-""]"
direct_loans,2021-2022,2021,dl-dashboard-ay2021-2022-q4.xls,https://studentaid.gov/sites/default/files/fsawg/datacenter/library/dl-dashboard-ay2021-2022-q4.xls,d51ec3fdb203aff229dae0630ec4615cee5df96a9e52f898e0c5fef243d56bde,Award Year Summary,DL GRAD PLUS | $ of Disbursements,grad_plus_disbursements,True,4958,"[""-""]"
direct_loans,2022-2023,2022,dl-dashboard-ay2022-2023-q4.xls,https://studentaid.gov/sites/default/files/fsawg/datacenter/library/dl-dashboard-ay2022-2023-q4.xls,ab0f94a4e5494b29246eb77e6a8a7dc0eab179ce37690033560497406186586b,Award Year Summary,OPE ID,opeid8,True,4891,[]
direct_loans,2022-2023,2022,dl-dashboard-ay2022-2023-q4.xls,https://studentaid.gov/sites/default/files/fsawg/datacenter/library/dl-dashboard-ay2022-2023-q4.xls,ab0f94a4e5494b29246eb77e6a8a7dc0eab179ce37690033560497406186586b,Award Year Summary,School,school,True,4891,[]
direct_loans,2022-2023,2022,dl-dashboard-ay2022-2023-q4.xls,https://studentaid.gov/sites/default/files/fsawg/datacenter/library/dl-dashboard-ay2022-2023-q4.xls,ab0f94a4e5494b29246eb77e6a8a7dc0eab179ce37690033560497406186586b,Award Year Summary,State,state,True,4527,[]
direct_loans,2022-2023,2022,dl-dashboard-ay2022-2023-q4.xls,https://studentaid.gov/sites/default/files/fsawg/datacenter/library/dl-dashboard-ay2022-2023-q4.xls,ab0f94a4e5494b29246eb77e6a8a7dc0eab179ce37690033560497406186586b,Award Year Summary,Zip Code,zip_code,True,4874,[]
direct_loans,2022-2023,2022,dl-dashboard-ay2022-2023-q4.xls,https://studentaid.gov/sites/default/files/fsawg/datacenter/library/dl-dashboard-ay2022-2023-q4.xls,ab0f94a4e5494b29246eb77e6a8a7dc0eab179ce37690033560497406186586b,Award Year Summary,School Type,school_type,True,4891,[]
direct_loans,2022-2023,2022,dl-dashboard-ay2022-2023-q4.xls,https://studentaid.gov/sites/default/files/fsawg/datacenter/library/dl-dashboard-ay2022-2023-q4.xls,ab0f94a4e5494b29246eb77e6a8a7dc0eab179ce37690033560497406186586b,Award Year Summary,DL SUBSIDIZED | Recipients,subsidized_recipients,True,4891,"[""-""]"
direct_loans,2022-2023,2022,dl-dashboard-ay2022-2023-q4.xls,https://studentaid.gov/sites/default/files/fsawg/datacenter/library/dl-dashboard-ay2022-2023-q4.xls,ab0f94a4e5494b29246eb77e6a8a7dc0eab179ce37690033560497406186586b,Award Year Summary,DL SUBSIDIZED | # of Loans Originated,subsidized_loans_originated_n,True,4891,"[""-""]"
direct_loans,2022-2023,2022,dl-dashboard-ay2022-2023-q4.xls,https://studentaid.gov/sites/default/files/fsawg/datacenter/library/dl-dashboard-ay2022-2023-q4.xls,ab0f94a4e5494b29246eb77e6a8a7dc0eab179ce37690033560497406186586b,Award Year Summary,DL SUBSIDIZED | $ of Loans Originated,subsidized_loans_originated_amt,True,4891,"[""-""]"
direct_loans,2022-2023,2022,dl-dashboard-ay2022-2023-q4.xls,https://studentaid.gov/sites/default/files/fsawg/datacenter/library/dl-dashboard-ay2022-2023-q4.xls,ab0f94a4e5494b29246eb77e6a8a7dc0eab179ce37690033560497406186586b,Award Year Summary,DL SUBSIDIZED | # of Disbursements,subsidized_disbursements_n,True,4891,"[""-""]"
direct_loans,2022-2023,2022,dl-dashboard-ay2022-2023-q4.xls,https://studentaid.gov/sites/default/files/fsawg/datacenter/library/dl-dashboard-ay2022-2023-q4.xls,ab0f94a4e5494b29246eb77e6a8a7dc0eab179ce37690033560497406186586b,Award Year Summary,DL SUBSIDIZED | $ of Disbursements,subsidized_disbursements,True,4891,"[""-""]"
direct_loans,2022-2023,2022,dl-dashboard-ay2022-2023-q4.xls,https://studentaid.gov/sites/default/files/fsawg/datacenter/library/dl-dashboard-ay2022-2023-q4.xls,ab0f94a4e5494b29246eb77e6a8a7dc0eab179ce37690033560497406186586b,Award Year Summary,DL UNSUBSIDIZED - UNDERGRADUATE | Recipients,unsubsidized_undergraduate_recipients,True,4891,"[""-""]"
direct_loans,2022-2023,2022,dl-dashboard-ay2022-2023-q4.xls,https://studentaid.gov/sites/default/files/fsawg/datacenter/library/dl-dashboard-ay2022-2023-q4.xls,ab0f94a4e5494b29246eb77e6a8a7dc0eab179ce37690033560497406186586b,Award Year Summary,DL UNSUBSIDIZED - UNDERGRADUATE | # of Loans Originated,unsubsidized_undergraduate_loans_originated_n,True,4891,"[""-""]"
direct_loans,2022-2023,2022,dl-dashboard-ay2022-2023-q4.xls,https://studentaid.gov/sites/default/files/fsawg/datacenter/library/dl-dashboard-ay2022-2023-q4.xls,ab0f94a4e5494b29246eb77e6a8a7dc0eab179ce37690033560497406186586b,Award Year Summary,DL UNSUBSIDIZED - UNDERGRADUATE | $ of Loans Originated,unsubsidized_undergraduate_loans_originated_amt,True,4891,"[""-""]"
direct_loans,2022-2023,2022,dl-dashboard-ay2022-2023-q4.xls,https://studentaid.gov/sites/default/files/fsawg/datacenter/library/dl-dashboard-ay2022-2023-q4.xls,ab0f94a4e5494b29246eb77e6a8a7dc0eab179ce37690033560497406186586b,Award Year Summary,DL UNSUBSIDIZED - UNDERGRADUATE | # of Disbursements,unsubsidized_undergraduate_disbursements_n,True,4891,"[""-""]"
direct_loans,2022-2023,2022,dl-dashboard-ay2022-2023-q4.xls,https://studentaid.gov/sites/default/files/fsawg/datacenter/library/dl-dashboard-ay2022-2023-q4.xls,ab0f94a4e5494b29246eb77e6a8a7dc0eab179ce37690033560497406186586b,Award Year Summary,DL UNSUBSIDIZED - UNDERGRADUATE | $ of Disbursements,unsubsidized_undergraduate_disbursements,True,4891,"[""-""]"
direct_loans,2022-2023,2022,dl-dashboard-ay2022-2023-q4.xls,https://studentaid.gov/sites/default/files/fsawg/datacenter/library/dl-dashboard-ay2022-2023-q4.xls,ab0f94a4e5494b29246eb77e6a8a7dc0eab179ce37690033560497406186586b,Award Year Summary,DL UNSUBSIDIZED - GRADUATE | Recipients,unsubsidized_graduate_recipients,True,4891,"[""-""]"
direct_loans,2022-2023,2022,dl-dashboard-ay2022-2023-q4.xls,https://studentaid.gov/sites/default/files/fsawg/datacenter/library/dl-dashboard-ay2022-2023-q4.xls,ab0f94a4e5494b29246eb77e6a8a7dc0eab179ce37690033560497406186586b,Award Year Summary,DL UNSUBSIDIZED - GRADUATE | # of Loans Originated,unsubsidized_graduate_loans_originated_n,True,4891,"[""-""]"
direct_loans,2022-2023,2022,dl-dashboard-ay2022-2023-q4.xls,https://studentaid.gov/sites/default/files/fsawg/datacenter/library/dl-dashboard-ay2022-2023-q4.xls,ab0f94a4e5494b29246eb77e6a8a7dc0eab179ce37690033560497406186586b,Award Year Summary,DL UNSUBSIDIZED - GRADUATE | $ of Loans Originated,unsubsidized_graduate_loans_originated_amt,True,4891,"[""-""]"
direct_loans,2022-2023,2022,dl-dashboard-ay2022-2023-q4.xls,https://studentaid.gov/sites/default/files/fsawg/datacenter/library/dl-dashboard-ay2022-2023-q4.xls,ab0f94a4e5494b29246eb77e6a8a7dc0eab179ce37690033560497406186586b,Award Year Summary,DL UNSUBSIDIZED - GRADUATE | # of Disbursements,unsubsidized_graduate_disbursements_n,True,4891,"[""-""]"
direct_loans,2022-2023,2022,dl-dashboard-ay2022-2023-q4.xls,https://studentaid.gov/sites/default/files/fsawg/datacenter/library/dl-dashboard-ay2022-2023-q4.xls,ab0f94a4e5494b29246eb77e6a8a7dc0eab179ce37690033560497406186586b,Award Year Summary,DL UNSUBSIDIZED - GRADUATE | $ of Disbursements,unsubsidized_graduate_disbursements,True,4891,"[""-""]"
direct_loans,2022-2023,2022,dl-dashboard-ay2022-2023-q4.xls,https://studentaid.gov/sites/default/files/fsawg/datacenter/library/dl-dashboard-ay2022-2023-q4.xls,ab0f94a4e5494b29246eb77e6a8a7dc0eab179ce37690033560497406186586b,Award Year Summary,DL PARENT PLUS | Recipients,parent_plus_recipients,True,4891,"[""-""]"
direct_loans,2022-2023,2022,dl-dashboard-ay2022-2023-q4.xls,https://studentaid.gov/sites/default/files/fsawg/datacenter/library/dl-dashboard-ay2022-2023-q4.xls,ab0f94a4e5494b29246eb77e6a8a7dc0eab179ce37690033560497406186586b,Award Year Summary,DL PARENT PLUS | # of Loans Originated,parent_plus_loans_originated_n,True,4891,"[""-""]"
direct_loans,2022-2023,2022,dl-dashboard-ay2022-2023-q4.xls,https://studentaid.gov/sites/default/files/fsawg/datacenter/library/dl-dashboard-ay2022-2023-q4.xls,ab0f94a4e5494b29246eb77e6a8a7dc0eab179ce37690033560497406186586b,Award Year Summary,DL PARENT PLUS | $ of Loans Originated,parent_plus_loans_originated_amt,True,4891,"[""-""]"
direct_loans,2022-2023,2022,dl-dashboard-ay2022-2023-q4.xls,https://studentaid.gov/sites/default/files/fsawg/datacenter/library/dl-dashboard-ay2022-2023-q4.xls,ab0f94a4e5494b29246eb77e6a8a7dc0eab179ce37690033560497406186586b,Award Year Summary,DL PARENT PLUS | # of Disbursements,parent_plus_disbursements_n,True,4891,"[""-""]"
direct_loans,2022-2023,2022,dl-dashboard-ay2022-2023-q4.xls,https://studentaid.gov/sites/default/files/fsawg/datacenter/library/dl-dashboard-ay2022-2023-q4.xls,ab0f94a4e5494b29246eb77e6a8a7dc0eab179ce37690033560497406186586b,Award Year Summary,DL PARENT PLUS | $ of Disbursements,parent_plus_disbursements,True,4891,"[""-""]"
direct_loans,2022-2023,2022,dl-dashboard-ay2022-2023-q4.xls,https://studentaid.gov/sites/default/files/fsawg/datacenter/library/dl-dashboard-ay2022-2023-q4.xls,ab0f94a4e5494b29246eb77e6a8a7dc0eab179ce37690033560497406186586b,Award Year Summary,DL GRAD PLUS | Recipients,grad_plus_recipients,True,4891,"[""-""]"
direct_loans,2022-2023,2022,dl-dashboard-ay2022-2023-q4.xls,https://studentaid.gov/sites/default/files/fsawg/datacenter/library/dl-dashboard-ay2022-2023-q4.xls,ab0f94a4e5494b29246eb77e6a8a7dc0eab179ce37690033560497406186586b,Award Year Summary,DL GRAD PLUS | # of Loans Originated,grad_plus_loans_originated_n,True,4891,"[""-""]"
direct_loans,2022-2023,2022,dl-dashboard-ay2022-2023-q4.xls,https://studentaid.gov/sites/default/files/fsawg/datacenter/library/dl-dashboard-ay2022-2023-q4.xls,ab0f94a4e5494b29246eb77e6a8a7dc0eab179ce37690033560497406186586b,Award Year Summary,DL GRAD PLUS | $ of Loans Originated,grad_plus_loans_originated_amt,True,4891,"[""-""]"
direct_loans,2022-2023,2022,dl-dashboard-ay2022-2023-q4.xls,https://studentaid.gov/sites/default/files/fsawg/datacenter/library/dl-dashboard-ay2022-2023-q4.xls,ab0f94a4e5494b29246eb77e6a8a7dc0eab179ce37690033560497406186586b,Award Year Summary,DL GRAD PLUS | # of Disbursements,grad_plus_disbursements_n,True,4891,"[""-""]"
direct_loans,2022-2023,2022,dl-dashboard-ay2022-2023-q4.xls,https://studentaid.gov/sites/default/files/fsawg/datacenter/library/dl-dashboard-ay2022-2023-q4.xls,ab0f94a4e5494b29246eb77e6a8a7dc0eab179ce37690033560497406186586b,Award Year Summary,DL GRAD PLUS | $ of Disbursements,grad_plus_disbursements,True,4891,"[""-""]"
direct_loans,2023-2024,2023,dl-dashboard-ay2023-2024-q4.xls,https://studentaid.gov/sites/default/files/fsawg/datacenter/library/dl-dashboard-ay2023-2024-q4.xls,edc45861887d67ba664d349143d936172c495e1d2b3640fa3e172943f1b8385b,Award Year Summary,OPE ID,opeid8,True,4816,[]
direct_loans,2023-2024,2023,dl-dashboard-ay2023-2024-q4.xls,https://studentaid.gov/sites/default/files/fsawg/datacenter/library/dl-dashboard-ay2023-2024-q4.xls,edc45861887d67ba664d349143d936172c495e1d2b3640fa3e172943f1b8385b,Award Year Summary,School,school,True,4816,[]
direct_loans,2023-2024,2023,dl-dashboard-ay2023-2024-q4.xls,https://studentaid.gov/sites/default/files/fsawg/datacenter/library/dl-dashboard-ay2023-2024-q4.xls,edc45861887d67ba664d349143d936172c495e1d2b3640fa3e172943f1b8385b,Award Year Summary,State,state,True,4460,[]
direct_loans,2023-2024,2023,dl-dashboard-ay2023-2024-q4.xls,https://studentaid.gov/sites/default/files/fsawg/datacenter/library/dl-dashboard-ay2023-2024-q4.xls,edc45861887d67ba664d349143d936172c495e1d2b3640fa3e172943f1b8385b,Award Year Summary,Zip Code,zip_code,True,4798,[]
direct_loans,2023-2024,2023,dl-dashboard-ay2023-2024-q4.xls,https://studentaid.gov/sites/default/files/fsawg/datacenter/library/dl-dashboard-ay2023-2024-q4.xls,edc45861887d67ba664d349143d936172c495e1d2b3640fa3e172943f1b8385b,Award Year Summary,School Type,school_type,True,4816,[]
direct_loans,2023-2024,2023,dl-dashboard-ay2023-2024-q4.xls,https://studentaid.gov/sites/default/files/fsawg/datacenter/library/dl-dashboard-ay2023-2024-q4.xls,edc45861887d67ba664d349143d936172c495e1d2b3640fa3e172943f1b8385b,Award Year Summary,DL SUBSIDIZED | Recipients,subsidized_recipients,True,4816,"[""-""]"
direct_loans,2023-2024,2023,dl-dashboard-ay2023-2024-q4.xls,https://studentaid.gov/sites/default/files/fsawg/datacenter/library/dl-dashboard-ay2023-2024-q4.xls,edc45861887d67ba664d349143d936172c495e1d2b3640fa3e172943f1b8385b,Award Year Summary,DL SUBSIDIZED | # of Loans Originated,subsidized_loans_originated_n,True,4816,"[""-""]"
direct_loans,2023-2024,2023,dl-dashboard-ay2023-2024-q4.xls,https://studentaid.gov/sites/default/files/fsawg/datacenter/library/dl-dashboard-ay2023-2024-q4.xls,edc45861887d67ba664d349143d936172c495e1d2b3640fa3e172943f1b8385b,Award Year Summary,DL SUBSIDIZED | $ of Loans Originated,subsidized_loans_originated_amt,True,4816,"[""-""]"
direct_loans,2023-2024,2023,dl-dashboard-ay2023-2024-q4.xls,https://studentaid.gov/sites/default/files/fsawg/datacenter/library/dl-dashboard-ay2023-2024-q4.xls,edc45861887d67ba664d349143d936172c495e1d2b3640fa3e172943f1b8385b,Award Year Summary,DL SUBSIDIZED | # of Disbursements,subsidized_disbursements_n,True,4816,"[""-""]"
direct_loans,2023-2024,2023,dl-dashboard-ay2023-2024-q4.xls,https://studentaid.gov/sites/default/files/fsawg/datacenter/library/dl-dashboard-ay2023-2024-q4.xls,edc45861887d67ba664d349143d936172c495e1d2b3640fa3e172943f1b8385b,Award Year Summary,DL SUBSIDIZED | $ of Disbursements,subsidized_disbursements,True,4816,"[""-""]"
direct_loans,2023-2024,2023,dl-dashboard-ay2023-2024-q4.xls,https://studentaid.gov/sites/default/files/fsawg/datacenter/library/dl-dashboard-ay2023-2024-q4.xls,edc45861887d67ba664d349143d936172c495e1d2b3640fa3e172943f1b8385b,Award Year Summary,DL UNSUBSIDIZED - UNDERGRADUATE | Recipients,unsubsidized_undergraduate_recipients,True,4816,"[""-""]"
direct_loans,2023-2024,2023,dl-dashboard-ay2023-2024-q4.xls,https://studentaid.gov/sites/default/files/fsawg/datacenter/library/dl-dashboard-ay2023-2024-q4.xls,edc45861887d67ba664d349143d936172c495e1d2b3640fa3e172943f1b8385b,Award Year Summary,DL UNSUBSIDIZED - UNDERGRADUATE | # of Loans Originated,unsubsidized_undergraduate_loans_originated_n,True,4816,"[""-""]"
direct_loans,2023-2024,2023,dl-dashboard-ay2023-2024-q4.xls,https://studentaid.gov/sites/default/files/fsawg/datacenter/library/dl-dashboard-ay2023-2024-q4.xls,edc45861887d67ba664d349143d936172c495e1d2b3640fa3e172943f1b8385b,Award Year Summary,DL UNSUBSIDIZED - UNDERGRADUATE | $ of Loans Originated,unsubsidized_undergraduate_loans_originated_amt,True,4816,"[""-""]"
direct_loans,2023-2024,2023,dl-dashboard-ay2023-2024-q4.xls,https://studentaid.gov/sites/default/files/fsawg/datacenter/library/dl-dashboard-ay2023-2024-q4.xls,edc45861887d67ba664d349143d936172c495e1d2b3640fa3e172943f1b8385b,Award Year Summary,DL UNSUBSIDIZED - UNDERGRADUATE | # of Disbursements,unsubsidized_undergraduate_disbursements_n,True,4816,"[""-""]"
direct_loans,2023-2024,2023,dl-dashboard-ay2023-2024-q4.xls,https://studentaid.gov/sites/default/files/fsawg/datacenter/library/dl-dashboard-ay2023-2024-q4.xls,edc45861887d67ba664d349143d936172c495e1d2b3640fa3e172943f1b8385b,Award Year Summary,DL UNSUBSIDIZED - UNDERGRADUATE | $ of Disbursements,unsubsidized_undergraduate_disbursements,True,4816,"[""-""]"
direct_loans,2023-2024,2023,dl-dashboard-ay2023-2024-q4.xls,https://studentaid.gov/sites/default/files/fsawg/datacenter/library/dl-dashboard-ay2023-2024-q4.xls,edc45861887d67ba664d349143d936172c495e1d2b3640fa3e172943f1b8385b,Award Year Summary,DL UNSUBSIDIZED - GRADUATE | Recipients,unsubsidized_graduate_recipients,True,4816,"[""-""]"
direct_loans,2023-2024,2023,dl-dashboard-ay2023-2024-q4.xls,https://studentaid.gov/sites/default/files/fsawg/datacenter/library/dl-dashboard-ay2023-2024-q4.xls,edc45861887d67ba664d349143d936172c495e1d2b3640fa3e172943f1b8385b,Award Year Summary,DL UNSUBSIDIZED - GRADUATE | # of Loans Originated,unsubsidized_graduate_loans_originated_n,True,4816,"[""-""]"
direct_loans,2023-2024,2023,dl-dashboard-ay2023-2024-q4.xls,https://studentaid.gov/sites/default/files/fsawg/datacenter/library/dl-dashboard-ay2023-2024-q4.xls,edc45861887d67ba664d349143d936172c495e1d2b3640fa3e172943f1b8385b,Award Year Summary,DL UNSUBSIDIZED - GRADUATE | $ of Loans Originated,unsubsidized_graduate_loans_originated_amt,True,4816,"[""-""]"
direct_loans,2023-2024,2023,dl-dashboard-ay2023-2024-q4.xls,https://studentaid.gov/sites/default/files/fsawg/datacenter/library/dl-dashboard-ay2023-2024-q4.xls,edc45861887d67ba664d349143d936172c495e1d2b3640fa3e172943f1b8385b,Award Year Summary,DL UNSUBSIDIZED - GRADUATE | # of Disbursements,unsubsidized_graduate_disbursements_n,True,4816,"[""-""]"
direct_loans,2023-2024,2023,dl-dashboard-ay2023-2024-q4.xls,https://studentaid.gov/sites/default/files/fsawg/datacenter/library/dl-dashboard-ay2023-2024-q4.xls,edc45861887d67ba664d349143d936172c495e1d2b3640fa3e172943f1b8385b,Award Year Summary,DL UNSUBSIDIZED - GRADUATE | $ of Disbursements,unsubsidized_graduate_disbursements,True,4816,"[""-""]"
direct_loans,2023-2024,2023,dl-dashboard-ay2023-2024-q4.xls,https://studentaid.gov/sites/default/files/fsawg/datacenter/library/dl-dashboard-ay2023-2024-q4.xls,edc45861887d67ba664d349143d936172c495e1d2b3640fa3e172943f1b8385b,Award Year Summary,DL PARENT PLUS | Recipients,parent_plus_recipients,True,4816,"[""-""]"
direct_loans,2023-2024,2023,dl-dashboard-ay2023-2024-q4.xls,https://studentaid.gov/sites/default/files/fsawg/datacenter/library/dl-dashboard-ay2023-2024-q4.xls,edc45861887d67ba664d349143d936172c495e1d2b3640fa3e172943f1b8385b,Award Year Summary,DL PARENT PLUS | # of Loans Originated,parent_plus_loans_originated_n,True,4816,"[""-""]"
direct_loans,2023-2024,2023,dl-dashboard-ay2023-2024-q4.xls,https://studentaid.gov/sites/default/files/fsawg/datacenter/library/dl-dashboard-ay2023-2024-q4.xls,edc45861887d67ba664d349143d936172c495e1d2b3640fa3e172943f1b8385b,Award Year Summary,DL PARENT PLUS | $ of Loans Originated,parent_plus_loans_originated_amt,True,4816,"[""-""]"
direct_loans,2023-2024,2023,dl-dashboard-ay2023-2024-q4.xls,https://studentaid.gov/sites/default/files/fsawg/datacenter/library/dl-dashboard-ay2023-2024-q4.xls,edc45861887d67ba664d349143d936172c495e1d2b3640fa3e172943f1b8385b,Award Year Summary,DL PARENT PLUS | # of Disbursements,parent_plus_disbursements_n,True,4816,"[""-""]"
direct_loans,2023-2024,2023,dl-dashboard-ay2023-2024-q4.xls,https://studentaid.gov/sites/default/files/fsawg/datacenter/library/dl-dashboard-ay2023-2024-q4.xls,edc45861887d67ba664d349143d936172c495e1d2b3640fa3e172943f1b8385b,Award Year Summary,DL PARENT PLUS | $ of Disbursements,parent_plus_disbursements,True,4816,"[""-""]"
direct_loans,2023-2024,2023,dl-dashboard-ay2023-2024-q4.xls,https://studentaid.gov/sites/default/files/fsawg/datacenter/library/dl-dashboard-ay2023-2024-q4.xls,edc45861887d67ba664d349143d936172c495e1d2b3640fa3e172943f1b8385b,Award Year Summary,DL GRAD PLUS | Recipients,grad_plus_recipients,True,4816,"[""-""]"
direct_loans,2023-2024,2023,dl-dashboard-ay2023-2024-q4.xls,https://studentaid.gov/sites/default/files/fsawg/datacenter/library/dl-dashboard-ay2023-2024-q4.xls,edc45861887d67ba664d349143d936172c495e1d2b3640fa3e172943f1b8385b,Award Year Summary,DL GRAD PLUS | # of Loans Originated,grad_plus_loans_originated_n,True,4816,"[""-""]"
direct_loans,2023-2024,2023,dl-dashboard-ay2023-2024-q4.xls,https://studentaid.gov/sites/default/files/fsawg/datacenter/library/dl-dashboard-ay2023-2024-q4.xls,edc45861887d67ba664d349143d936172c495e1d2b3640fa3e172943f1b8385b,Award Year Summary,DL GRAD PLUS | $ of Loans Originated,grad_plus_loans_originated_amt,True,4816,"[""-""]"
direct_loans,2023-2024,2023,dl-dashboard-ay2023-2024-q4.xls,https://studentaid.gov/sites/default/files/fsawg/datacenter/library/dl-dashboard-ay2023-2024-q4.xls,edc45861887d67ba664d349143d936172c495e1d2b3640fa3e172943f1b8385b,Award Year Summary,DL GRAD PLUS | # of Disbursements,grad_plus_disbursements_n,True,4816,"[""-""]"
direct_loans,2023-2024,2023,dl-dashboard-ay2023-2024-q4.xls,https://studentaid.gov/sites/default/files/fsawg/datacenter/library/dl-dashboard-ay2023-2024-q4.xls,edc45861887d67ba664d349143d936172c495e1d2b3640fa3e172943f1b8385b,Award Year Summary,DL GRAD PLUS | $ of Disbursements,grad_plus_disbursements,True,4816,"[""-""]"
direct_loans,2024-2025,2024,dl-dashboard-ay2024-2025-q4.xls,https://studentaid.gov/sites/default/files/fsawg/datacenter/library/dl-dashboard-ay2024-2025-q4.xls,6a8a7790b7647ea1a09d428270561b491bd2afc9b2d36a1a0fcbb4539b177464,Award Year Summary,OPE ID,opeid8,True,4721,[]
direct_loans,2024-2025,2024,dl-dashboard-ay2024-2025-q4.xls,https://studentaid.gov/sites/default/files/fsawg/datacenter/library/dl-dashboard-ay2024-2025-q4.xls,6a8a7790b7647ea1a09d428270561b491bd2afc9b2d36a1a0fcbb4539b177464,Award Year Summary,School,school,True,4721,[]
direct_loans,2024-2025,2024,dl-dashboard-ay2024-2025-q4.xls,https://studentaid.gov/sites/default/files/fsawg/datacenter/library/dl-dashboard-ay2024-2025-q4.xls,6a8a7790b7647ea1a09d428270561b491bd2afc9b2d36a1a0fcbb4539b177464,Award Year Summary,State,state,True,4383,[]
direct_loans,2024-2025,2024,dl-dashboard-ay2024-2025-q4.xls,https://studentaid.gov/sites/default/files/fsawg/datacenter/library/dl-dashboard-ay2024-2025-q4.xls,6a8a7790b7647ea1a09d428270561b491bd2afc9b2d36a1a0fcbb4539b177464,Award Year Summary,Zip Code,zip_code,True,4704,[]
direct_loans,2024-2025,2024,dl-dashboard-ay2024-2025-q4.xls,https://studentaid.gov/sites/default/files/fsawg/datacenter/library/dl-dashboard-ay2024-2025-q4.xls,6a8a7790b7647ea1a09d428270561b491bd2afc9b2d36a1a0fcbb4539b177464,Award Year Summary,School Type,school_type,True,4721,[]
direct_loans,2024-2025,2024,dl-dashboard-ay2024-2025-q4.xls,https://studentaid.gov/sites/default/files/fsawg/datacenter/library/dl-dashboard-ay2024-2025-q4.xls,6a8a7790b7647ea1a09d428270561b491bd2afc9b2d36a1a0fcbb4539b177464,Award Year Summary,DL SUBSIDIZED | Recipients,subsidized_recipients,True,4721,"[""-""]"
direct_loans,2024-2025,2024,dl-dashboard-ay2024-2025-q4.xls,https://studentaid.gov/sites/default/files/fsawg/datacenter/library/dl-dashboard-ay2024-2025-q4.xls,6a8a7790b7647ea1a09d428270561b491bd2afc9b2d36a1a0fcbb4539b177464,Award Year Summary,DL SUBSIDIZED | # of Loans Originated,subsidized_loans_originated_n,True,4721,"[""-""]"
direct_loans,2024-2025,2024,dl-dashboard-ay2024-2025-q4.xls,https://studentaid.gov/sites/default/files/fsawg/datacenter/library/dl-dashboard-ay2024-2025-q4.xls,6a8a7790b7647ea1a09d428270561b491bd2afc9b2d36a1a0fcbb4539b177464,Award Year Summary,DL SUBSIDIZED | $ of Loans Originated,subsidized_loans_originated_amt,True,4721,"[""-""]"
direct_loans,2024-2025,2024,dl-dashboard-ay2024-2025-q4.xls,https://studentaid.gov/sites/default/files/fsawg/datacenter/library/dl-dashboard-ay2024-2025-q4.xls,6a8a7790b7647ea1a09d428270561b491bd2afc9b2d36a1a0fcbb4539b177464,Award Year Summary,DL SUBSIDIZED | # of Disbursements,subsidized_disbursements_n,True,4721,"[""-""]"
direct_loans,2024-2025,2024,dl-dashboard-ay2024-2025-q4.xls,https://studentaid.gov/sites/default/files/fsawg/datacenter/library/dl-dashboard-ay2024-2025-q4.xls,6a8a7790b7647ea1a09d428270561b491bd2afc9b2d36a1a0fcbb4539b177464,Award Year Summary,DL SUBSIDIZED | $ of Disbursements,subsidized_disbursements,True,4721,"[""-""]"
direct_loans,2024-2025,2024,dl-dashboard-ay2024-2025-q4.xls,https://studentaid.gov/sites/default/files/fsawg/datacenter/library/dl-dashboard-ay2024-2025-q4.xls,6a8a7790b7647ea1a09d428270561b491bd2afc9b2d36a1a0fcbb4539b177464,Award Year Summary,DL UNSUBSIDIZED - UNDERGRADUATE | Recipients,unsubsidized_undergraduate_recipients,True,4721,"[""-""]"
direct_loans,2024-2025,2024,dl-dashboard-ay2024-2025-q4.xls,https://studentaid.gov/sites/default/files/fsawg/datacenter/library/dl-dashboard-ay2024-2025-q4.xls,6a8a7790b7647ea1a09d428270561b491bd2afc9b2d36a1a0fcbb4539b177464,Award Year Summary,DL UNSUBSIDIZED - UNDERGRADUATE | # of Loans Originated,unsubsidized_undergraduate_loans_originated_n,True,4721,"[""-""]"
direct_loans,2024-2025,2024,dl-dashboard-ay2024-2025-q4.xls,https://studentaid.gov/sites/default/files/fsawg/datacenter/library/dl-dashboard-ay2024-2025-q4.xls,6a8a7790b7647ea1a09d428270561b491bd2afc9b2d36a1a0fcbb4539b177464,Award Year Summary,DL UNSUBSIDIZED - UNDERGRADUATE | $ of Loans Originated,unsubsidized_undergraduate_loans_originated_amt,True,4721,"[""-""]"
direct_loans,2024-2025,2024,dl-dashboard-ay2024-2025-q4.xls,https://studentaid.gov/sites/default/files/fsawg/datacenter/library/dl-dashboard-ay2024-2025-q4.xls,6a8a7790b7647ea1a09d428270561b491bd2afc9b2d36a1a0fcbb4539b177464,Award Year Summary,DL UNSUBSIDIZED - UNDERGRADUATE | # of Disbursements,unsubsidized_undergraduate_disbursements_n,True,4721,"[""-""]"
direct_loans,2024-2025,2024,dl-dashboard-ay2024-2025-q4.xls,https://studentaid.gov/sites/default/files/fsawg/datacenter/library/dl-dashboard-ay2024-2025-q4.xls,6a8a7790b7647ea1a09d428270561b491bd2afc9b2d36a1a0fcbb4539b177464,Award Year Summary,DL UNSUBSIDIZED - UNDERGRADUATE | $ of Disbursements,unsubsidized_undergraduate_disbursements,True,4721,"[""-""]"
direct_loans,2024-2025,2024,dl-dashboard-ay2024-2025-q4.xls,https://studentaid.gov/sites/default/files/fsawg/datacenter/library/dl-dashboard-ay2024-2025-q4.xls,6a8a7790b7647ea1a09d428270561b491bd2afc9b2d36a1a0fcbb4539b177464,Award Year Summary,DL UNSUBSIDIZED - GRADUATE | Recipients,unsubsidized_graduate_recipients,True,4721,"[""-""]"
direct_loans,2024-2025,2024,dl-dashboard-ay2024-2025-q4.xls,https://studentaid.gov/sites/default/files/fsawg/datacenter/library/dl-dashboard-ay2024-2025-q4.xls,6a8a7790b7647ea1a09d428270561b491bd2afc9b2d36a1a0fcbb4539b177464,Award Year Summary,DL UNSUBSIDIZED - GRADUATE | # of Loans Originated,unsubsidized_graduate_loans_originated_n,True,4721,"[""-""]"
direct_loans,2024-2025,2024,dl-dashboard-ay2024-2025-q4.xls,https://studentaid.gov/sites/default/files/fsawg/datacenter/library/dl-dashboard-ay2024-2025-q4.xls,6a8a7790b7647ea1a09d428270561b491bd2afc9b2d36a1a0fcbb4539b177464,Award Year Summary,DL UNSUBSIDIZED - GRADUATE | $ of Loans Originated,unsubsidized_graduate_loans_originated_amt,True,4721,"[""-""]"
direct_loans,2024-2025,2024,dl-dashboard-ay2024-2025-q4.xls,https://studentaid.gov/sites/default/files/fsawg/datacenter/library/dl-dashboard-ay2024-2025-q4.xls,6a8a7790b7647ea1a09d428270561b491bd2afc9b2d36a1a0fcbb4539b177464,Award Year Summary,DL UNSUBSIDIZED - GRADUATE | # of Disbursements,unsubsidized_graduate_disbursements_n,True,4721,"[""-""]"
direct_loans,2024-2025,2024,dl-dashboard-ay2024-2025-q4.xls,https://studentaid.gov/sites/default/files/fsawg/datacenter/library/dl-dashboard-ay2024-2025-q4.xls,6a8a7790b7647ea1a09d428270561b491bd2afc9b2d36a1a0fcbb4539b177464,Award Year Summary,DL UNSUBSIDIZED - GRADUATE | $ of Disbursements,unsubsidized_graduate_disbursements,True,4721,"[""-""]"
direct_loans,2024-2025,2024,dl-dashboard-ay2024-2025-q4.xls,https://studentaid.gov/sites/default/files/fsawg/datacenter/library/dl-dashboard-ay2024-2025-q4.xls,6a8a7790b7647ea1a09d428270561b491bd2afc9b2d36a1a0fcbb4539b177464,Award Year Summary,DL PARENT PLUS | Recipients,parent_plus_recipients,True,4721,"[""-""]"
direct_loans,2024-2025,2024,dl-dashboard-ay2024-2025-q4.xls,https://studentaid.gov/sites/default/files/fsawg/datacenter/library/dl-dashboard-ay2024-2025-q4.xls,6a8a7790b7647ea1a09d428270561b491bd2afc9b2d36a1a0fcbb4539b177464,Award Year Summary,DL PARENT PLUS | # of Loans Originated,parent_plus_loans_originated_n,True,4721,"[""-""]"
direct_loans,2024-2025,2024,dl-dashboard-ay2024-2025-q4.xls,https://studentaid.gov/sites/default/files/fsawg/datacenter/library/dl-dashboard-ay2024-2025-q4.xls,6a8a7790b7647ea1a09d428270561b491bd2afc9b2d36a1a0fcbb4539b177464,Award Year Summary,DL PARENT PLUS | $ of Loans Originated,parent_plus_loans_originated_amt,True,4721,"[""-""]"
direct_loans,2024-2025,2024,dl-dashboard-ay2024-2025-q4.xls,https://studentaid.gov/sites/default/files/fsawg/datacenter/library/dl-dashboard-ay2024-2025-q4.xls,6a8a7790b7647ea1a09d428270561b491bd2afc9b2d36a1a0fcbb4539b177464,Award Year Summary,DL PARENT PLUS | # of Disbursements,parent_plus_disbursements_n,True,4721,"[""-""]"
direct_loans,2024-2025,2024,dl-dashboard-ay2024-2025-q4.xls,https://studentaid.gov/sites/default/files/fsawg/datacenter/library/dl-dashboard-ay2024-2025-q4.xls,6a8a7790b7647ea1a09d428270561b491bd2afc9b2d36a1a0fcbb4539b177464,Award Year Summary,DL PARENT PLUS | $ of Disbursements,parent_plus_disbursements,True,4721,"[""-""]"
direct_loans,2024-2025,2024,dl-dashboard-ay2024-2025-q4.xls,https://studentaid.gov/sites/default/files/fsawg/datacenter/library/dl-dashboard-ay2024-2025-q4.xls,6a8a7790b7647ea1a09d428270561b491bd2afc9b2d36a1a0fcbb4539b177464,Award Year Summary,DL GRAD PLUS | Recipients,grad_plus_recipients,True,4721,"[""-""]"
direct_loans,2024-2025,2024,dl-dashboard-ay2024-2025-q4.xls,https://studentaid.gov/sites/default/files/fsawg/datacenter/library/dl-dashboard-ay2024-2025-q4.xls,6a8a7790b7647ea1a09d428270561b491bd2afc9b2d36a1a0fcbb4539b177464,Award Year Summary,DL GRAD PLUS | # of Loans Originated,grad_plus_loans_originated_n,True,4721,"[""-""]"
direct_loans,2024-2025,2024,dl-dashboard-ay2024-2025-q4.xls,https://studentaid.gov/sites/default/files/fsawg/datacenter/library/dl-dashboard-ay2024-2025-q4.xls,6a8a7790b7647ea1a09d428270561b491bd2afc9b2d36a1a0fcbb4539b177464,Award Year Summary,DL GRAD PLUS | $ of Loans Originated,grad_plus_loans_originated_amt,True,4721,"[""-""]"
direct_loans,2024-2025,2024,dl-dashboard-ay2024-2025-q4.xls,https://studentaid.gov/sites/default/files/fsawg/datacenter/library/dl-dashboard-ay2024-2025-q4.xls,6a8a7790b7647ea1a09d428270561b491bd2afc9b2d36a1a0fcbb4539b177464,Award Year Summary,DL GRAD PLUS | # of Disbursements,grad_plus_disbursements_n,True,4721,"[""-""]"
direct_loans,2024-2025,2024,dl-dashboard-ay2024-2025-q4.xls,https://studentaid.gov/sites/default/files/fsawg/datacenter/library/dl-dashboard-ay2024-2025-q4.xls,6a8a7790b7647ea1a09d428270561b491bd2afc9b2d36a1a0fcbb4539b177464,Award Year Summary,DL GRAD PLUS | $ of Disbursements,grad_plus_disbursements,True,4721,"[""-""]"
ffel,1999-2000,1999,FFEL_AwardYr_Summary_AY1999_2000_All.xls,https://studentaid.gov/sites/default/files/FFEL_AwardYr_Summary_AY1999_2000_All.xls,4d41deb1a1d2fd4ba3f53728c03a3a848aeb73abab3cf64b644c2ff41d582243,AY1999-2000,OPE ID,opeid8,True,4366,[]
ffel,1999-2000,1999,FFEL_AwardYr_Summary_AY1999_2000_All.xls,https://studentaid.gov/sites/default/files/FFEL_AwardYr_Summary_AY1999_2000_All.xls,4d41deb1a1d2fd4ba3f53728c03a3a848aeb73abab3cf64b644c2ff41d582243,AY1999-2000,School,school,True,4366,[]
ffel,1999-2000,1999,FFEL_AwardYr_Summary_AY1999_2000_All.xls,https://studentaid.gov/sites/default/files/FFEL_AwardYr_Summary_AY1999_2000_All.xls,4d41deb1a1d2fd4ba3f53728c03a3a848aeb73abab3cf64b644c2ff41d582243,AY1999-2000,State,state,True,4366,[]
ffel,1999-2000,1999,FFEL_AwardYr_Summary_AY1999_2000_All.xls,https://studentaid.gov/sites/default/files/FFEL_AwardYr_Summary_AY1999_2000_All.xls,4d41deb1a1d2fd4ba3f53728c03a3a848aeb73abab3cf64b644c2ff41d582243,AY1999-2000,Zip Code,zip_code,True,4338,[]
ffel,1999-2000,1999,FFEL_AwardYr_Summary_AY1999_2000_All.xls,https://studentaid.gov/sites/default/files/FFEL_AwardYr_Summary_AY1999_2000_All.xls,4d41deb1a1d2fd4ba3f53728c03a3a848aeb73abab3cf64b644c2ff41d582243,AY1999-2000,School Type,school_type,True,4366,[]
ffel,1999-2000,1999,FFEL_AwardYr_Summary_AY1999_2000_All.xls,https://studentaid.gov/sites/default/files/FFEL_AwardYr_Summary_AY1999_2000_All.xls,4d41deb1a1d2fd4ba3f53728c03a3a848aeb73abab3cf64b644c2ff41d582243,AY1999-2000,FFEL SUBSIDIZED | Recipients,subsidized_recipients,True,4366,[]
ffel,1999-2000,1999,FFEL_AwardYr_Summary_AY1999_2000_All.xls,https://studentaid.gov/sites/default/files/FFEL_AwardYr_Summary_AY1999_2000_All.xls,4d41deb1a1d2fd4ba3f53728c03a3a848aeb73abab3cf64b644c2ff41d582243,AY1999-2000,FFEL SUBSIDIZED | # of Loans Originated,subsidized_loans_originated_n,True,4366,[]
ffel,1999-2000,1999,FFEL_AwardYr_Summary_AY1999_2000_All.xls,https://studentaid.gov/sites/default/files/FFEL_AwardYr_Summary_AY1999_2000_All.xls,4d41deb1a1d2fd4ba3f53728c03a3a848aeb73abab3cf64b644c2ff41d582243,AY1999-2000,FFEL SUBSIDIZED | $ of Loans Originated,subsidized_loans_originated_amt,True,4366,[]
ffel,1999-2000,1999,FFEL_AwardYr_Summary_AY1999_2000_All.xls,https://studentaid.gov/sites/default/files/FFEL_AwardYr_Summary_AY1999_2000_All.xls,4d41deb1a1d2fd4ba3f53728c03a3a848aeb73abab3cf64b644c2ff41d582243,AY1999-2000,FFEL SUBSIDIZED | # of Disbursements,subsidized_disbursements_n,True,4366,[]
ffel,1999-2000,1999,FFEL_AwardYr_Summary_AY1999_2000_All.xls,https://studentaid.gov/sites/default/files/FFEL_AwardYr_Summary_AY1999_2000_All.xls,4d41deb1a1d2fd4ba3f53728c03a3a848aeb73abab3cf64b644c2ff41d582243,AY1999-2000,FFEL SUBSIDIZED | $ of Disbursements,subsidized_disbursements,True,4366,[]
ffel,1999-2000,1999,FFEL_AwardYr_Summary_AY1999_2000_All.xls,https://studentaid.gov/sites/default/files/FFEL_AwardYr_Summary_AY1999_2000_All.xls,4d41deb1a1d2fd4ba3f53728c03a3a848aeb73abab3cf64b644c2ff41d582243,AY1999-2000,FFEL UNSUBSIDIZED | Recipients,unsubsidized_recipients,True,4366,[]
ffel,1999-2000,1999,FFEL_AwardYr_Summary_AY1999_2000_All.xls,https://studentaid.gov/sites/default/files/FFEL_AwardYr_Summary_AY1999_2000_All.xls,4d41deb1a1d2fd4ba3f53728c03a3a848aeb73abab3cf64b644c2ff41d582243,AY1999-2000,FFEL UNSUBSIDIZED | # of Loans Originated,unsubsidized_loans_originated_n,True,4366,[]
ffel,1999-2000,1999,FFEL_AwardYr_Summary_AY1999_2000_All.xls,https://studentaid.gov/sites/default/files/FFEL_AwardYr_Summary_AY1999_2000_All.xls,4d41deb1a1d2fd4ba3f53728c03a3a848aeb73abab3cf64b644c2ff41d582243,AY1999-2000,FFEL UNSUBSIDIZED | $ of Loans Originated,unsubsidized_loans_originated_amt,True,4366,[]
ffel,1999-2000,1999,FFEL_AwardYr_Summary_AY1999_2000_All.xls,https://studentaid.gov/sites/default/files/FFEL_AwardYr_Summary_AY1999_2000_All.xls,4d41deb1a1d2fd4ba3f53728c03a3a848aeb73abab3cf64b644c2ff41d582243,AY1999-2000,FFEL UNSUBSIDIZED | # of Disbursements,unsubsidized_disbursements_n,True,4366,[]
ffel,1999-2000,1999,FFEL_AwardYr_Summary_AY1999_2000_All.xls,https://studentaid.gov/sites/default/files/FFEL_AwardYr_Summary_AY1999_2000_All.xls,4d41deb1a1d2fd4ba3f53728c03a3a848aeb73abab3cf64b644c2ff41d582243,AY1999-2000,FFEL UNSUBSIDIZED | $ of Disbursements,unsubsidized_disbursements,True,4366,[]
ffel,1999-2000,1999,FFEL_AwardYr_Summary_AY1999_2000_All.xls,https://studentaid.gov/sites/default/files/FFEL_AwardYr_Summary_AY1999_2000_All.xls,4d41deb1a1d2fd4ba3f53728c03a3a848aeb73abab3cf64b644c2ff41d582243,AY1999-2000,FFEL PLUS | Recipients,plus_recipients,True,4366,[]
ffel,1999-2000,1999,FFEL_AwardYr_Summary_AY1999_2000_All.xls,https://studentaid.gov/sites/default/files/FFEL_AwardYr_Summary_AY1999_2000_All.xls,4d41deb1a1d2fd4ba3f53728c03a3a848aeb73abab3cf64b644c2ff41d582243,AY1999-2000,FFEL PLUS | # of Loans Originated,plus_loans_originated_n,True,4366,[]
ffel,1999-2000,1999,FFEL_AwardYr_Summary_AY1999_2000_All.xls,https://studentaid.gov/sites/default/files/FFEL_AwardYr_Summary_AY1999_2000_All.xls,4d41deb1a1d2fd4ba3f53728c03a3a848aeb73abab3cf64b644c2ff41d582243,AY1999-2000,FFEL PLUS | $ of Loans Originated,plus_loans_originated_amt,True,4366,[]
ffel,1999-2000,1999,FFEL_AwardYr_Summary_AY1999_2000_All.xls,https://studentaid.gov/sites/default/files/FFEL_AwardYr_Summary_AY1999_2000_All.xls,4d41deb1a1d2fd4ba3f53728c03a3a848aeb73abab3cf64b644c2ff41d582243,AY1999-2000,FFEL PLUS | # of Disbursements,plus_disbursements_n,True,4366,[]
ffel,1999-2000,1999,FFEL_AwardYr_Summary_AY1999_2000_All.xls,https://studentaid.gov/sites/default/files/FFEL_AwardYr_Summary_AY1999_2000_All.xls,4d41deb1a1d2fd4ba3f53728c03a3a848aeb73abab3cf64b644c2ff41d582243,AY1999-2000,FFEL PLUS | $ of Disbursements,plus_disbursements,True,4366,[]
ffel,2000-2001,2000,FFEL_AwardYr_Summary_AY2000_2001_All.xls,https://studentaid.gov/sites/default/files/FFEL_AwardYr_Summary_AY2000_2001_All.xls,a999c2e527cf384d1026191e7146e0eace81b2374f3a290b9164bbb75c3feada,AY2000-2001,OPE ID,opeid8,True,4397,[]
ffel,2000-2001,2000,FFEL_AwardYr_Summary_AY2000_2001_All.xls,https://studentaid.gov/sites/default/files/FFEL_AwardYr_Summary_AY2000_2001_All.xls,a999c2e527cf384d1026191e7146e0eace81b2374f3a290b9164bbb75c3feada,AY2000-2001,School,school,True,4397,[]
ffel,2000-2001,2000,FFEL_AwardYr_Summary_AY2000_2001_All.xls,https://studentaid.gov/sites/default/files/FFEL_AwardYr_Summary_AY2000_2001_All.xls,a999c2e527cf384d1026191e7146e0eace81b2374f3a290b9164bbb75c3feada,AY2000-2001,State,state,True,4397,[]
ffel,2000-2001,2000,FFEL_AwardYr_Summary_AY2000_2001_All.xls,https://studentaid.gov/sites/default/files/FFEL_AwardYr_Summary_AY2000_2001_All.xls,a999c2e527cf384d1026191e7146e0eace81b2374f3a290b9164bbb75c3feada,AY2000-2001,Zip Code,zip_code,True,4373,[]
ffel,2000-2001,2000,FFEL_AwardYr_Summary_AY2000_2001_All.xls,https://studentaid.gov/sites/default/files/FFEL_AwardYr_Summary_AY2000_2001_All.xls,a999c2e527cf384d1026191e7146e0eace81b2374f3a290b9164bbb75c3feada,AY2000-2001,School Type,school_type,True,4397,[]
ffel,2000-2001,2000,FFEL_AwardYr_Summary_AY2000_2001_All.xls,https://studentaid.gov/sites/default/files/FFEL_AwardYr_Summary_AY2000_2001_All.xls,a999c2e527cf384d1026191e7146e0eace81b2374f3a290b9164bbb75c3feada,AY2000-2001,FFEL SUBSIDIZED | Recipients,subsidized_recipients,True,4397,[]
ffel,2000-2001,2000,FFEL_AwardYr_Summary_AY2000_2001_All.xls,https://studentaid.gov/sites/default/files/FFEL_AwardYr_Summary_AY2000_2001_All.xls,a999c2e527cf384d1026191e7146e0eace81b2374f3a290b9164bbb75c3feada,AY2000-2001,FFEL SUBSIDIZED | # of Loans Originated,subsidized_loans_originated_n,True,4397,[]
ffel,2000-2001,2000,FFEL_AwardYr_Summary_AY2000_2001_All.xls,https://studentaid.gov/sites/default/files/FFEL_AwardYr_Summary_AY2000_2001_All.xls,a999c2e527cf384d1026191e7146e0eace81b2374f3a290b9164bbb75c3feada,AY2000-2001,FFEL SUBSIDIZED | $ of Loans Originated,subsidized_loans_originated_amt,True,4397,[]
ffel,2000-2001,2000,FFEL_AwardYr_Summary_AY2000_2001_All.xls,https://studentaid.gov/sites/default/files/FFEL_AwardYr_Summary_AY2000_2001_All.xls,a999c2e527cf384d1026191e7146e0eace81b2374f3a290b9164bbb75c3feada,AY2000-2001,FFEL SUBSIDIZED | # of Disbursements,subsidized_disbursements_n,True,4397,[]
ffel,2000-2001,2000,FFEL_AwardYr_Summary_AY2000_2001_All.xls,https://studentaid.gov/sites/default/files/FFEL_AwardYr_Summary_AY2000_2001_All.xls,a999c2e527cf384d1026191e7146e0eace81b2374f3a290b9164bbb75c3feada,AY2000-2001,FFEL SUBSIDIZED | $ of Disbursements,subsidized_disbursements,True,4397,[]
ffel,2000-2001,2000,FFEL_AwardYr_Summary_AY2000_2001_All.xls,https://studentaid.gov/sites/default/files/FFEL_AwardYr_Summary_AY2000_2001_All.xls,a999c2e527cf384d1026191e7146e0eace81b2374f3a290b9164bbb75c3feada,AY2000-2001,FFEL UNSUBSIDIZED | Recipients,unsubsidized_recipients,True,4397,[]
ffel,2000-2001,2000,FFEL_AwardYr_Summary_AY2000_2001_All.xls,https://studentaid.gov/sites/default/files/FFEL_AwardYr_Summary_AY2000_2001_All.xls,a999c2e527cf384d1026191e7146e0eace81b2374f3a290b9164bbb75c3feada,AY2000-2001,FFEL UNSUBSIDIZED | # of Loans Originated,unsubsidized_loans_originated_n,True,4397,[]
ffel,2000-2001,2000,FFEL_AwardYr_Summary_AY2000_2001_All.xls,https://studentaid.gov/sites/default/files/FFEL_AwardYr_Summary_AY2000_2001_All.xls,a999c2e527cf384d1026191e7146e0eace81b2374f3a290b9164bbb75c3feada,AY2000-2001,FFEL UNSUBSIDIZED | $ of Loans Originated,unsubsidized_loans_originated_amt,True,4397,[]
ffel,2000-2001,2000,FFEL_AwardYr_Summary_AY2000_2001_All.xls,https://studentaid.gov/sites/default/files/FFEL_AwardYr_Summary_AY2000_2001_All.xls,a999c2e527cf384d1026191e7146e0eace81b2374f3a290b9164bbb75c3feada,AY2000-2001,FFEL UNSUBSIDIZED | # of Disbursements,unsubsidized_disbursements_n,True,4397,[]
ffel,2000-2001,2000,FFEL_AwardYr_Summary_AY2000_2001_All.xls,https://studentaid.gov/sites/default/files/FFEL_AwardYr_Summary_AY2000_2001_All.xls,a999c2e527cf384d1026191e7146e0eace81b2374f3a290b9164bbb75c3feada,AY2000-2001,FFEL UNSUBSIDIZED | $ of Disbursements,unsubsidized_disbursements,True,4397,[]
ffel,2000-2001,2000,FFEL_AwardYr_Summary_AY2000_2001_All.xls,https://studentaid.gov/sites/default/files/FFEL_AwardYr_Summary_AY2000_2001_All.xls,a999c2e527cf384d1026191e7146e0eace81b2374f3a290b9164bbb75c3feada,AY2000-2001,FFEL PLUS | Recipients,plus_recipients,True,4397,[]
ffel,2000-2001,2000,FFEL_AwardYr_Summary_AY2000_2001_All.xls,https://studentaid.gov/sites/default/files/FFEL_AwardYr_Summary_AY2000_2001_All.xls,a999c2e527cf384d1026191e7146e0eace81b2374f3a290b9164bbb75c3feada,AY2000-2001,FFEL PLUS | # of Loans Originated,plus_loans_originated_n,True,4397,[]
ffel,2000-2001,2000,FFEL_AwardYr_Summary_AY2000_2001_All.xls,https://studentaid.gov/sites/default/files/FFEL_AwardYr_Summary_AY2000_2001_All.xls,a999c2e527cf384d1026191e7146e0eace81b2374f3a290b9164bbb75c3feada,AY2000-2001,FFEL PLUS | $ of Loans Originated,plus_loans_originated_amt,True,4397,[]
ffel,2000-2001,2000,FFEL_AwardYr_Summary_AY2000_2001_All.xls,https://studentaid.gov/sites/default/files/FFEL_AwardYr_Summary_AY2000_2001_All.xls,a999c2e527cf384d1026191e7146e0eace81b2374f3a290b9164bbb75c3feada,AY2000-2001,FFEL PLUS | # of Disbursements,plus_disbursements_n,True,4397,[]
ffel,2000-2001,2000,FFEL_AwardYr_Summary_AY2000_2001_All.xls,https://studentaid.gov/sites/default/files/FFEL_AwardYr_Summary_AY2000_2001_All.xls,a999c2e527cf384d1026191e7146e0eace81b2374f3a290b9164bbb75c3feada,AY2000-2001,FFEL PLUS | $ of Disbursements,plus_disbursements,True,4397,[]
ffel,2001-2002,2001,FFEL_AwardYr_Summary_AY2001_2002_All.xls,https://studentaid.gov/sites/default/files/FFEL_AwardYr_Summary_AY2001_2002_All.xls,50bf90feb2ad42a0a80b7c1d458c3d760856fc4066df7d31deef39d5a2e27764,AY2001-2002,OPE ID,opeid8,True,4418,[]
ffel,2001-2002,2001,FFEL_AwardYr_Summary_AY2001_2002_All.xls,https://studentaid.gov/sites/default/files/FFEL_AwardYr_Summary_AY2001_2002_All.xls,50bf90feb2ad42a0a80b7c1d458c3d760856fc4066df7d31deef39d5a2e27764,AY2001-2002,School,school,True,4418,[]
ffel,2001-2002,2001,FFEL_AwardYr_Summary_AY2001_2002_All.xls,https://studentaid.gov/sites/default/files/FFEL_AwardYr_Summary_AY2001_2002_All.xls,50bf90feb2ad42a0a80b7c1d458c3d760856fc4066df7d31deef39d5a2e27764,AY2001-2002,State,state,True,4418,[]
ffel,2001-2002,2001,FFEL_AwardYr_Summary_AY2001_2002_All.xls,https://studentaid.gov/sites/default/files/FFEL_AwardYr_Summary_AY2001_2002_All.xls,50bf90feb2ad42a0a80b7c1d458c3d760856fc4066df7d31deef39d5a2e27764,AY2001-2002,Zip Code,zip_code,True,4396,[]
ffel,2001-2002,2001,FFEL_AwardYr_Summary_AY2001_2002_All.xls,https://studentaid.gov/sites/default/files/FFEL_AwardYr_Summary_AY2001_2002_All.xls,50bf90feb2ad42a0a80b7c1d458c3d760856fc4066df7d31deef39d5a2e27764,AY2001-2002,School Type,school_type,True,4418,[]
ffel,2001-2002,2001,FFEL_AwardYr_Summary_AY2001_2002_All.xls,https://studentaid.gov/sites/default/files/FFEL_AwardYr_Summary_AY2001_2002_All.xls,50bf90feb2ad42a0a80b7c1d458c3d760856fc4066df7d31deef39d5a2e27764,AY2001-2002,FFEL SUBSIDIZED | Recipients,subsidized_recipients,True,4418,[]
ffel,2001-2002,2001,FFEL_AwardYr_Summary_AY2001_2002_All.xls,https://studentaid.gov/sites/default/files/FFEL_AwardYr_Summary_AY2001_2002_All.xls,50bf90feb2ad42a0a80b7c1d458c3d760856fc4066df7d31deef39d5a2e27764,AY2001-2002,FFEL SUBSIDIZED | # of Loans Originated,subsidized_loans_originated_n,True,4418,[]
ffel,2001-2002,2001,FFEL_AwardYr_Summary_AY2001_2002_All.xls,https://studentaid.gov/sites/default/files/FFEL_AwardYr_Summary_AY2001_2002_All.xls,50bf90feb2ad42a0a80b7c1d458c3d760856fc4066df7d31deef39d5a2e27764,AY2001-2002,FFEL SUBSIDIZED | $ of Loans Originated,subsidized_loans_originated_amt,True,4418,[]
ffel,2001-2002,2001,FFEL_AwardYr_Summary_AY2001_2002_All.xls,https://studentaid.gov/sites/default/files/FFEL_AwardYr_Summary_AY2001_2002_All.xls,50bf90feb2ad42a0a80b7c1d458c3d760856fc4066df7d31deef39d5a2e27764,AY2001-2002,FFEL SUBSIDIZED | # of Disbursements,subsidized_disbursements_n,True,4418,[]
ffel,2001-2002,2001,FFEL_AwardYr_Summary_AY2001_2002_All.xls,https://studentaid.gov/sites/default/files/FFEL_AwardYr_Summary_AY2001_2002_All.xls,50bf90feb2ad42a0a80b7c1d458c3d760856fc4066df7d31deef39d5a2e27764,AY2001-2002,FFEL SUBSIDIZED | $ of Disbursements,subsidized_disbursements,True,4418,[]
ffel,2001-2002,2001,FFEL_AwardYr_Summary_AY2001_2002_All.xls,https://studentaid.gov/sites/default/files/FFEL_AwardYr_Summary_AY2001_2002_All.xls,50bf90feb2ad42a0a80b7c1d458c3d760856fc4066df7d31deef39d5a2e27764,AY2001-2002,FFEL UNSUBSIDIZED | Recipients,unsubsidized_recipients,True,4418,[]
ffel,2001-2002,2001,FFEL_AwardYr_Summary_AY2001_2002_All.xls,https://studentaid.gov/sites/default/files/FFEL_AwardYr_Summary_AY2001_2002_All.xls,50bf90feb2ad42a0a80b7c1d458c3d760856fc4066df7d31deef39d5a2e27764,AY2001-2002,FFEL UNSUBSIDIZED | # of Loans Originated,unsubsidized_loans_originated_n,True,4418,[]
ffel,2001-2002,2001,FFEL_AwardYr_Summary_AY2001_2002_All.xls,https://studentaid.gov/sites/default/files/FFEL_AwardYr_Summary_AY2001_2002_All.xls,50bf90feb2ad42a0a80b7c1d458c3d760856fc4066df7d31deef39d5a2e27764,AY2001-2002,FFEL UNSUBSIDIZED | $ of Loans Originated,unsubsidized_loans_originated_amt,True,4418,[]
ffel,2001-2002,2001,FFEL_AwardYr_Summary_AY2001_2002_All.xls,https://studentaid.gov/sites/default/files/FFEL_AwardYr_Summary_AY2001_2002_All.xls,50bf90feb2ad42a0a80b7c1d458c3d760856fc4066df7d31deef39d5a2e27764,AY2001-2002,FFEL UNSUBSIDIZED | # of Disbursements,unsubsidized_disbursements_n,True,4418,[]
ffel,2001-2002,2001,FFEL_AwardYr_Summary_AY2001_2002_All.xls,https://studentaid.gov/sites/default/files/FFEL_AwardYr_Summary_AY2001_2002_All.xls,50bf90feb2ad42a0a80b7c1d458c3d760856fc4066df7d31deef39d5a2e27764,AY2001-2002,FFEL UNSUBSIDIZED | $ of Disbursements,unsubsidized_disbursements,True,4418,[]
ffel,2001-2002,2001,FFEL_AwardYr_Summary_AY2001_2002_All.xls,https://studentaid.gov/sites/default/files/FFEL_AwardYr_Summary_AY2001_2002_All.xls,50bf90feb2ad42a0a80b7c1d458c3d760856fc4066df7d31deef39d5a2e27764,AY2001-2002,FFEL PLUS | Recipients,plus_recipients,True,4418,[]
ffel,2001-2002,2001,FFEL_AwardYr_Summary_AY2001_2002_All.xls,https://studentaid.gov/sites/default/files/FFEL_AwardYr_Summary_AY2001_2002_All.xls,50bf90feb2ad42a0a80b7c1d458c3d760856fc4066df7d31deef39d5a2e27764,AY2001-2002,FFEL PLUS | # of Loans Originated,plus_loans_originated_n,True,4418,[]
ffel,2001-2002,2001,FFEL_AwardYr_Summary_AY2001_2002_All.xls,https://studentaid.gov/sites/default/files/FFEL_AwardYr_Summary_AY2001_2002_All.xls,50bf90feb2ad42a0a80b7c1d458c3d760856fc4066df7d31deef39d5a2e27764,AY2001-2002,FFEL PLUS | $ of Loans Originated,plus_loans_originated_amt,True,4418,[]
ffel,2001-2002,2001,FFEL_AwardYr_Summary_AY2001_2002_All.xls,https://studentaid.gov/sites/default/files/FFEL_AwardYr_Summary_AY2001_2002_All.xls,50bf90feb2ad42a0a80b7c1d458c3d760856fc4066df7d31deef39d5a2e27764,AY2001-2002,FFEL PLUS | # of Disbursements,plus_disbursements_n,True,4418,[]
ffel,2001-2002,2001,FFEL_AwardYr_Summary_AY2001_2002_All.xls,https://studentaid.gov/sites/default/files/FFEL_AwardYr_Summary_AY2001_2002_All.xls,50bf90feb2ad42a0a80b7c1d458c3d760856fc4066df7d31deef39d5a2e27764,AY2001-2002,FFEL PLUS | $ of Disbursements,plus_disbursements,True,4418,[]
ffel,2002-2003,2002,FFEL_AwardYr_Summary_AY2002_2003_All.xls,https://studentaid.gov/sites/default/files/FFEL_AwardYr_Summary_AY2002_2003_All.xls,0b9e6534381294f8d89a5f85343cecb50af5d27c1ce2abc2ab596ed2e097ca06,AY2002-2003,OPE ID,opeid8,True,4448,[]
ffel,2002-2003,2002,FFEL_AwardYr_Summary_AY2002_2003_All.xls,https://studentaid.gov/sites/default/files/FFEL_AwardYr_Summary_AY2002_2003_All.xls,0b9e6534381294f8d89a5f85343cecb50af5d27c1ce2abc2ab596ed2e097ca06,AY2002-2003,School,school,True,4448,[]
ffel,2002-2003,2002,FFEL_AwardYr_Summary_AY2002_2003_All.xls,https://studentaid.gov/sites/default/files/FFEL_AwardYr_Summary_AY2002_2003_All.xls,0b9e6534381294f8d89a5f85343cecb50af5d27c1ce2abc2ab596ed2e097ca06,AY2002-2003,State,state,True,4448,[]
ffel,2002-2003,2002,FFEL_AwardYr_Summary_AY2002_2003_All.xls,https://studentaid.gov/sites/default/files/FFEL_AwardYr_Summary_AY2002_2003_All.xls,0b9e6534381294f8d89a5f85343cecb50af5d27c1ce2abc2ab596ed2e097ca06,AY2002-2003,Zip Code,zip_code,True,4428,[]
ffel,2002-2003,2002,FFEL_AwardYr_Summary_AY2002_2003_All.xls,https://studentaid.gov/sites/default/files/FFEL_AwardYr_Summary_AY2002_2003_All.xls,0b9e6534381294f8d89a5f85343cecb50af5d27c1ce2abc2ab596ed2e097ca06,AY2002-2003,School Type,school_type,True,4448,[]
ffel,2002-2003,2002,FFEL_AwardYr_Summary_AY2002_2003_All.xls,https://studentaid.gov/sites/default/files/FFEL_AwardYr_Summary_AY2002_2003_All.xls,0b9e6534381294f8d89a5f85343cecb50af5d27c1ce2abc2ab596ed2e097ca06,AY2002-2003,FFEL SUBSIDIZED | Recipients,subsidized_recipients,True,4448,[]
ffel,2002-2003,2002,FFEL_AwardYr_Summary_AY2002_2003_All.xls,https://studentaid.gov/sites/default/files/FFEL_AwardYr_Summary_AY2002_2003_All.xls,0b9e6534381294f8d89a5f85343cecb50af5d27c1ce2abc2ab596ed2e097ca06,AY2002-2003,FFEL SUBSIDIZED | # of Loans Originated,subsidized_loans_originated_n,True,4448,[]
ffel,2002-2003,2002,FFEL_AwardYr_Summary_AY2002_2003_All.xls,https://studentaid.gov/sites/default/files/FFEL_AwardYr_Summary_AY2002_2003_All.xls,0b9e6534381294f8d89a5f85343cecb50af5d27c1ce2abc2ab596ed2e097ca06,AY2002-2003,FFEL SUBSIDIZED | $ of Loans Originated,subsidized_loans_originated_amt,True,4448,[]
ffel,2002-2003,2002,FFEL_AwardYr_Summary_AY2002_2003_All.xls,https://studentaid.gov/sites/default/files/FFEL_AwardYr_Summary_AY2002_2003_All.xls,0b9e6534381294f8d89a5f85343cecb50af5d27c1ce2abc2ab596ed2e097ca06,AY2002-2003,FFEL SUBSIDIZED | # of Disbursements,subsidized_disbursements_n,True,4448,[]
ffel,2002-2003,2002,FFEL_AwardYr_Summary_AY2002_2003_All.xls,https://studentaid.gov/sites/default/files/FFEL_AwardYr_Summary_AY2002_2003_All.xls,0b9e6534381294f8d89a5f85343cecb50af5d27c1ce2abc2ab596ed2e097ca06,AY2002-2003,FFEL SUBSIDIZED | $ of Disbursements,subsidized_disbursements,True,4448,[]
ffel,2002-2003,2002,FFEL_AwardYr_Summary_AY2002_2003_All.xls,https://studentaid.gov/sites/default/files/FFEL_AwardYr_Summary_AY2002_2003_All.xls,0b9e6534381294f8d89a5f85343cecb50af5d27c1ce2abc2ab596ed2e097ca06,AY2002-2003,FFEL UNSUBSIDIZED | Recipients,unsubsidized_recipients,True,4448,[]
ffel,2002-2003,2002,FFEL_AwardYr_Summary_AY2002_2003_All.xls,https://studentaid.gov/sites/default/files/FFEL_AwardYr_Summary_AY2002_2003_All.xls,0b9e6534381294f8d89a5f85343cecb50af5d27c1ce2abc2ab596ed2e097ca06,AY2002-2003,FFEL UNSUBSIDIZED | # of Loans Originated,unsubsidized_loans_originated_n,True,4448,[]
ffel,2002-2003,2002,FFEL_AwardYr_Summary_AY2002_2003_All.xls,https://studentaid.gov/sites/default/files/FFEL_AwardYr_Summary_AY2002_2003_All.xls,0b9e6534381294f8d89a5f85343cecb50af5d27c1ce2abc2ab596ed2e097ca06,AY2002-2003,FFEL UNSUBSIDIZED | $ of Loans Originated,unsubsidized_loans_originated_amt,True,4448,[]
ffel,2002-2003,2002,FFEL_AwardYr_Summary_AY2002_2003_All.xls,https://studentaid.gov/sites/default/files/FFEL_AwardYr_Summary_AY2002_2003_All.xls,0b9e6534381294f8d89a5f85343cecb50af5d27c1ce2abc2ab596ed2e097ca06,AY2002-2003,FFEL UNSUBSIDIZED | # of Disbursements,unsubsidized_disbursements_n,True,4448,[]
ffel,2002-2003,2002,FFEL_AwardYr_Summary_AY2002_2003_All.xls,https://studentaid.gov/sites/default/files/FFEL_AwardYr_Summary_AY2002_2003_All.xls,0b9e6534381294f8d89a5f85343cecb50af5d27c1ce2abc2ab596ed2e097ca06,AY2002-2003,FFEL UNSUBSIDIZED | $ of Disbursements,unsubsidized_disbursements,True,4448,[]
ffel,2002-2003,2002,FFEL_AwardYr_Summary_AY2002_2003_All.xls,https://studentaid.gov/sites/default/files/FFEL_AwardYr_Summary_AY2002_2003_All.xls,0b9e6534381294f8d89a5f85343cecb50af5d27c1ce2abc2ab596ed2e097ca06,AY2002-2003,FFEL PLUS | Recipients,plus_recipients,True,4448,[]
ffel,2002-2003,2002,FFEL_AwardYr_Summary_AY2002_2003_All.xls,https://studentaid.gov/sites/default/files/FFEL_AwardYr_Summary_AY2002_2003_All.xls,0b9e6534381294f8d89a5f85343cecb50af5d27c1ce2abc2ab596ed2e097ca06,AY2002-2003,FFEL PLUS | # of Loans Originated,plus_loans_originated_n,True,4448,[]
ffel,2002-2003,2002,FFEL_AwardYr_Summary_AY2002_2003_All.xls,https://studentaid.gov/sites/default/files/FFEL_AwardYr_Summary_AY2002_2003_All.xls,0b9e6534381294f8d89a5f85343cecb50af5d27c1ce2abc2ab596ed2e097ca06,AY2002-2003,FFEL PLUS | $ of Loans Originated,plus_loans_originated_amt,True,4448,[]
ffel,2002-2003,2002,FFEL_AwardYr_Summary_AY2002_2003_All.xls,https://studentaid.gov/sites/default/files/FFEL_AwardYr_Summary_AY2002_2003_All.xls,0b9e6534381294f8d89a5f85343cecb50af5d27c1ce2abc2ab596ed2e097ca06,AY2002-2003,FFEL PLUS | # of Disbursements,plus_disbursements_n,True,4448,[]
ffel,2002-2003,2002,FFEL_AwardYr_Summary_AY2002_2003_All.xls,https://studentaid.gov/sites/default/files/FFEL_AwardYr_Summary_AY2002_2003_All.xls,0b9e6534381294f8d89a5f85343cecb50af5d27c1ce2abc2ab596ed2e097ca06,AY2002-2003,FFEL PLUS | $ of Disbursements,plus_disbursements,True,4448,[]
ffel,2003-2004,2003,FFEL_AwardYr_Summary_AY2003_2004_All.xls,https://studentaid.gov/sites/default/files/FFEL_AwardYr_Summary_AY2003_2004_All.xls,9dbc3220cb83fa881818e39fe522f05f8b93dcea3c6ae82cdd8ebe3715c4e88a,AY2003-2004,OPE ID,opeid8,True,4498,[]
ffel,2003-2004,2003,FFEL_AwardYr_Summary_AY2003_2004_All.xls,https://studentaid.gov/sites/default/files/FFEL_AwardYr_Summary_AY2003_2004_All.xls,9dbc3220cb83fa881818e39fe522f05f8b93dcea3c6ae82cdd8ebe3715c4e88a,AY2003-2004,School,school,True,4498,[]
ffel,2003-2004,2003,FFEL_AwardYr_Summary_AY2003_2004_All.xls,https://studentaid.gov/sites/default/files/FFEL_AwardYr_Summary_AY2003_2004_All.xls,9dbc3220cb83fa881818e39fe522f05f8b93dcea3c6ae82cdd8ebe3715c4e88a,AY2003-2004,State,state,True,4498,[]
ffel,2003-2004,2003,FFEL_AwardYr_Summary_AY2003_2004_All.xls,https://studentaid.gov/sites/default/files/FFEL_AwardYr_Summary_AY2003_2004_All.xls,9dbc3220cb83fa881818e39fe522f05f8b93dcea3c6ae82cdd8ebe3715c4e88a,AY2003-2004,Zip Code,zip_code,True,4479,[]
ffel,2003-2004,2003,FFEL_AwardYr_Summary_AY2003_2004_All.xls,https://studentaid.gov/sites/default/files/FFEL_AwardYr_Summary_AY2003_2004_All.xls,9dbc3220cb83fa881818e39fe522f05f8b93dcea3c6ae82cdd8ebe3715c4e88a,AY2003-2004,School Type,school_type,True,4498,[]
ffel,2003-2004,2003,FFEL_AwardYr_Summary_AY2003_2004_All.xls,https://studentaid.gov/sites/default/files/FFEL_AwardYr_Summary_AY2003_2004_All.xls,9dbc3220cb83fa881818e39fe522f05f8b93dcea3c6ae82cdd8ebe3715c4e88a,AY2003-2004,FFEL SUBSIDIZED | Recipients,subsidized_recipients,True,4498,[]
ffel,2003-2004,2003,FFEL_AwardYr_Summary_AY2003_2004_All.xls,https://studentaid.gov/sites/default/files/FFEL_AwardYr_Summary_AY2003_2004_All.xls,9dbc3220cb83fa881818e39fe522f05f8b93dcea3c6ae82cdd8ebe3715c4e88a,AY2003-2004,FFEL SUBSIDIZED | # of Loans Originated,subsidized_loans_originated_n,True,4498,[]
ffel,2003-2004,2003,FFEL_AwardYr_Summary_AY2003_2004_All.xls,https://studentaid.gov/sites/default/files/FFEL_AwardYr_Summary_AY2003_2004_All.xls,9dbc3220cb83fa881818e39fe522f05f8b93dcea3c6ae82cdd8ebe3715c4e88a,AY2003-2004,FFEL SUBSIDIZED | $ of Loans Originated,subsidized_loans_originated_amt,True,4498,[]
ffel,2003-2004,2003,FFEL_AwardYr_Summary_AY2003_2004_All.xls,https://studentaid.gov/sites/default/files/FFEL_AwardYr_Summary_AY2003_2004_All.xls,9dbc3220cb83fa881818e39fe522f05f8b93dcea3c6ae82cdd8ebe3715c4e88a,AY2003-2004,FFEL SUBSIDIZED | # of Disbursements,subsidized_disbursements_n,True,4498,[]
ffel,2003-2004,2003,FFEL_AwardYr_Summary_AY2003_2004_All.xls,https://studentaid.gov/sites/default/files/FFEL_AwardYr_Summary_AY2003_2004_All.xls,9dbc3220cb83fa881818e39fe522f05f8b93dcea3c6ae82cdd8ebe3715c4e88a,AY2003-2004,FFEL SUBSIDIZED | $ of Disbursements,subsidized_disbursements,True,4498,[]
ffel,2003-2004,2003,FFEL_AwardYr_Summary_AY2003_2004_All.xls,https://studentaid.gov/sites/default/files/FFEL_AwardYr_Summary_AY2003_2004_All.xls,9dbc3220cb83fa881818e39fe522f05f8b93dcea3c6ae82cdd8ebe3715c4e88a,AY2003-2004,FFEL UNSUBSIDIZED | Recipients,unsubsidized_recipients,True,4498,[]
ffel,2003-2004,2003,FFEL_AwardYr_Summary_AY2003_2004_All.xls,https://studentaid.gov/sites/default/files/FFEL_AwardYr_Summary_AY2003_2004_All.xls,9dbc3220cb83fa881818e39fe522f05f8b93dcea3c6ae82cdd8ebe3715c4e88a,AY2003-2004,FFEL UNSUBSIDIZED | # of Loans Originated,unsubsidized_loans_originated_n,True,4498,[]
ffel,2003-2004,2003,FFEL_AwardYr_Summary_AY2003_2004_All.xls,https://studentaid.gov/sites/default/files/FFEL_AwardYr_Summary_AY2003_2004_All.xls,9dbc3220cb83fa881818e39fe522f05f8b93dcea3c6ae82cdd8ebe3715c4e88a,AY2003-2004,FFEL UNSUBSIDIZED | $ of Loans Originated,unsubsidized_loans_originated_amt,True,4498,[]
ffel,2003-2004,2003,FFEL_AwardYr_Summary_AY2003_2004_All.xls,https://studentaid.gov/sites/default/files/FFEL_AwardYr_Summary_AY2003_2004_All.xls,9dbc3220cb83fa881818e39fe522f05f8b93dcea3c6ae82cdd8ebe3715c4e88a,AY2003-2004,FFEL UNSUBSIDIZED | # of Disbursements,unsubsidized_disbursements_n,True,4498,[]
ffel,2003-2004,2003,FFEL_AwardYr_Summary_AY2003_2004_All.xls,https://studentaid.gov/sites/default/files/FFEL_AwardYr_Summary_AY2003_2004_All.xls,9dbc3220cb83fa881818e39fe522f05f8b93dcea3c6ae82cdd8ebe3715c4e88a,AY2003-2004,FFEL UNSUBSIDIZED | $ of Disbursements,unsubsidized_disbursements,True,4498,[]
ffel,2003-2004,2003,FFEL_AwardYr_Summary_AY2003_2004_All.xls,https://studentaid.gov/sites/default/files/FFEL_AwardYr_Summary_AY2003_2004_All.xls,9dbc3220cb83fa881818e39fe522f05f8b93dcea3c6ae82cdd8ebe3715c4e88a,AY2003-2004,FFEL PLUS | Recipients,plus_recipients,True,4498,[]
ffel,2003-2004,2003,FFEL_AwardYr_Summary_AY2003_2004_All.xls,https://studentaid.gov/sites/default/files/FFEL_AwardYr_Summary_AY2003_2004_All.xls,9dbc3220cb83fa881818e39fe522f05f8b93dcea3c6ae82cdd8ebe3715c4e88a,AY2003-2004,FFEL PLUS | # of Loans Originated,plus_loans_originated_n,True,4498,[]
ffel,2003-2004,2003,FFEL_AwardYr_Summary_AY2003_2004_All.xls,https://studentaid.gov/sites/default/files/FFEL_AwardYr_Summary_AY2003_2004_All.xls,9dbc3220cb83fa881818e39fe522f05f8b93dcea3c6ae82cdd8ebe3715c4e88a,AY2003-2004,FFEL PLUS | $ of Loans Originated,plus_loans_originated_amt,True,4498,[]
ffel,2003-2004,2003,FFEL_AwardYr_Summary_AY2003_2004_All.xls,https://studentaid.gov/sites/default/files/FFEL_AwardYr_Summary_AY2003_2004_All.xls,9dbc3220cb83fa881818e39fe522f05f8b93dcea3c6ae82cdd8ebe3715c4e88a,AY2003-2004,FFEL PLUS | # of Disbursements,plus_disbursements_n,True,4498,[]
ffel,2003-2004,2003,FFEL_AwardYr_Summary_AY2003_2004_All.xls,https://studentaid.gov/sites/default/files/FFEL_AwardYr_Summary_AY2003_2004_All.xls,9dbc3220cb83fa881818e39fe522f05f8b93dcea3c6ae82cdd8ebe3715c4e88a,AY2003-2004,FFEL PLUS | $ of Disbursements,plus_disbursements,True,4498,[]
ffel,2004-2005,2004,FFEL_AwardYr_Summary_AY2004_2005_All.xls,https://studentaid.gov/sites/default/files/FFEL_AwardYr_Summary_AY2004_2005_All.xls,af011e1a1095a8e8e6766a4c91944004bbca104bef1cc8aa02fccb25d8fa6522,AY2004-2005,OPE ID,opeid8,True,4515,[]
ffel,2004-2005,2004,FFEL_AwardYr_Summary_AY2004_2005_All.xls,https://studentaid.gov/sites/default/files/FFEL_AwardYr_Summary_AY2004_2005_All.xls,af011e1a1095a8e8e6766a4c91944004bbca104bef1cc8aa02fccb25d8fa6522,AY2004-2005,School,school,True,4515,[]
ffel,2004-2005,2004,FFEL_AwardYr_Summary_AY2004_2005_All.xls,https://studentaid.gov/sites/default/files/FFEL_AwardYr_Summary_AY2004_2005_All.xls,af011e1a1095a8e8e6766a4c91944004bbca104bef1cc8aa02fccb25d8fa6522,AY2004-2005,State,state,True,4515,[]
ffel,2004-2005,2004,FFEL_AwardYr_Summary_AY2004_2005_All.xls,https://studentaid.gov/sites/default/files/FFEL_AwardYr_Summary_AY2004_2005_All.xls,af011e1a1095a8e8e6766a4c91944004bbca104bef1cc8aa02fccb25d8fa6522,AY2004-2005,Zip Code,zip_code,True,4497,[]
ffel,2004-2005,2004,FFEL_AwardYr_Summary_AY2004_2005_All.xls,https://studentaid.gov/sites/default/files/FFEL_AwardYr_Summary_AY2004_2005_All.xls,af011e1a1095a8e8e6766a4c91944004bbca104bef1cc8aa02fccb25d8fa6522,AY2004-2005,School Type,school_type,True,4515,[]
ffel,2004-2005,2004,FFEL_AwardYr_Summary_AY2004_2005_All.xls,https://studentaid.gov/sites/default/files/FFEL_AwardYr_Summary_AY2004_2005_All.xls,af011e1a1095a8e8e6766a4c91944004bbca104bef1cc8aa02fccb25d8fa6522,AY2004-2005,FFEL SUBSIDIZED | Recipients,subsidized_recipients,True,4515,[]
ffel,2004-2005,2004,FFEL_AwardYr_Summary_AY2004_2005_All.xls,https://studentaid.gov/sites/default/files/FFEL_AwardYr_Summary_AY2004_2005_All.xls,af011e1a1095a8e8e6766a4c91944004bbca104bef1cc8aa02fccb25d8fa6522,AY2004-2005,FFEL SUBSIDIZED | # of Loans Originated,subsidized_loans_originated_n,True,4515,[]
ffel,2004-2005,2004,FFEL_AwardYr_Summary_AY2004_2005_All.xls,https://studentaid.gov/sites/default/files/FFEL_AwardYr_Summary_AY2004_2005_All.xls,af011e1a1095a8e8e6766a4c91944004bbca104bef1cc8aa02fccb25d8fa6522,AY2004-2005,FFEL SUBSIDIZED | $ of Loans Originated,subsidized_loans_originated_amt,True,4515,[]
ffel,2004-2005,2004,FFEL_AwardYr_Summary_AY2004_2005_All.xls,https://studentaid.gov/sites/default/files/FFEL_AwardYr_Summary_AY2004_2005_All.xls,af011e1a1095a8e8e6766a4c91944004bbca104bef1cc8aa02fccb25d8fa6522,AY2004-2005,FFEL SUBSIDIZED | # of Disbursements,subsidized_disbursements_n,True,4515,[]
ffel,2004-2005,2004,FFEL_AwardYr_Summary_AY2004_2005_All.xls,https://studentaid.gov/sites/default/files/FFEL_AwardYr_Summary_AY2004_2005_All.xls,af011e1a1095a8e8e6766a4c91944004bbca104bef1cc8aa02fccb25d8fa6522,AY2004-2005,FFEL SUBSIDIZED | $ of Disbursements,subsidized_disbursements,True,4515,[]
ffel,2004-2005,2004,FFEL_AwardYr_Summary_AY2004_2005_All.xls,https://studentaid.gov/sites/default/files/FFEL_AwardYr_Summary_AY2004_2005_All.xls,af011e1a1095a8e8e6766a4c91944004bbca104bef1cc8aa02fccb25d8fa6522,AY2004-2005,FFEL UNSUBSIDIZED | Recipients,unsubsidized_recipients,True,4515,[]
ffel,2004-2005,2004,FFEL_AwardYr_Summary_AY2004_2005_All.xls,https://studentaid.gov/sites/default/files/FFEL_AwardYr_Summary_AY2004_2005_All.xls,af011e1a1095a8e8e6766a4c91944004bbca104bef1cc8aa02fccb25d8fa6522,AY2004-2005,FFEL UNSUBSIDIZED | # of Loans Originated,unsubsidized_loans_originated_n,True,4515,[]
ffel,2004-2005,2004,FFEL_AwardYr_Summary_AY2004_2005_All.xls,https://studentaid.gov/sites/default/files/FFEL_AwardYr_Summary_AY2004_2005_All.xls,af011e1a1095a8e8e6766a4c91944004bbca104bef1cc8aa02fccb25d8fa6522,AY2004-2005,FFEL UNSUBSIDIZED | $ of Loans Originated,unsubsidized_loans_originated_amt,True,4515,[]
ffel,2004-2005,2004,FFEL_AwardYr_Summary_AY2004_2005_All.xls,https://studentaid.gov/sites/default/files/FFEL_AwardYr_Summary_AY2004_2005_All.xls,af011e1a1095a8e8e6766a4c91944004bbca104bef1cc8aa02fccb25d8fa6522,AY2004-2005,FFEL UNSUBSIDIZED | # of Disbursements,unsubsidized_disbursements_n,True,4515,[]
ffel,2004-2005,2004,FFEL_AwardYr_Summary_AY2004_2005_All.xls,https://studentaid.gov/sites/default/files/FFEL_AwardYr_Summary_AY2004_2005_All.xls,af011e1a1095a8e8e6766a4c91944004bbca104bef1cc8aa02fccb25d8fa6522,AY2004-2005,FFEL UNSUBSIDIZED | $ of Disbursements,unsubsidized_disbursements,True,4515,[]
ffel,2004-2005,2004,FFEL_AwardYr_Summary_AY2004_2005_All.xls,https://studentaid.gov/sites/default/files/FFEL_AwardYr_Summary_AY2004_2005_All.xls,af011e1a1095a8e8e6766a4c91944004bbca104bef1cc8aa02fccb25d8fa6522,AY2004-2005,FFEL PLUS | Recipients,plus_recipients,True,4515,[]
ffel,2004-2005,2004,FFEL_AwardYr_Summary_AY2004_2005_All.xls,https://studentaid.gov/sites/default/files/FFEL_AwardYr_Summary_AY2004_2005_All.xls,af011e1a1095a8e8e6766a4c91944004bbca104bef1cc8aa02fccb25d8fa6522,AY2004-2005,FFEL PLUS | # of Loans Originated,plus_loans_originated_n,True,4515,[]
ffel,2004-2005,2004,FFEL_AwardYr_Summary_AY2004_2005_All.xls,https://studentaid.gov/sites/default/files/FFEL_AwardYr_Summary_AY2004_2005_All.xls,af011e1a1095a8e8e6766a4c91944004bbca104bef1cc8aa02fccb25d8fa6522,AY2004-2005,FFEL PLUS | $ of Loans Originated,plus_loans_originated_amt,True,4515,[]
ffel,2004-2005,2004,FFEL_AwardYr_Summary_AY2004_2005_All.xls,https://studentaid.gov/sites/default/files/FFEL_AwardYr_Summary_AY2004_2005_All.xls,af011e1a1095a8e8e6766a4c91944004bbca104bef1cc8aa02fccb25d8fa6522,AY2004-2005,FFEL PLUS | # of Disbursements,plus_disbursements_n,True,4515,[]
ffel,2004-2005,2004,FFEL_AwardYr_Summary_AY2004_2005_All.xls,https://studentaid.gov/sites/default/files/FFEL_AwardYr_Summary_AY2004_2005_All.xls,af011e1a1095a8e8e6766a4c91944004bbca104bef1cc8aa02fccb25d8fa6522,AY2004-2005,FFEL PLUS | $ of Disbursements,plus_disbursements,True,4515,[]
ffel,2005-2006,2005,FFEL_AwardYr_Summary_AY2005_2006_All.xls,https://studentaid.gov/sites/default/files/FFEL_AwardYr_Summary_AY2005_2006_All.xls,ca8e01c881d4859819f38923ed88069e4ecab1bf528d0f4a7b537b9001692d1d,AY2005-2006,OPE ID,opeid8,True,4578,[]
ffel,2005-2006,2005,FFEL_AwardYr_Summary_AY2005_2006_All.xls,https://studentaid.gov/sites/default/files/FFEL_AwardYr_Summary_AY2005_2006_All.xls,ca8e01c881d4859819f38923ed88069e4ecab1bf528d0f4a7b537b9001692d1d,AY2005-2006,School,school,True,4578,[]
ffel,2005-2006,2005,FFEL_AwardYr_Summary_AY2005_2006_All.xls,https://studentaid.gov/sites/default/files/FFEL_AwardYr_Summary_AY2005_2006_All.xls,ca8e01c881d4859819f38923ed88069e4ecab1bf528d0f4a7b537b9001692d1d,AY2005-2006,State,state,True,4578,[]
ffel,2005-2006,2005,FFEL_AwardYr_Summary_AY2005_2006_All.xls,https://studentaid.gov/sites/default/files/FFEL_AwardYr_Summary_AY2005_2006_All.xls,ca8e01c881d4859819f38923ed88069e4ecab1bf528d0f4a7b537b9001692d1d,AY2005-2006,Zip Code,zip_code,True,4557,[]
ffel,2005-2006,2005,FFEL_AwardYr_Summary_AY2005_2006_All.xls,https://studentaid.gov/sites/default/files/FFEL_AwardYr_Summary_AY2005_2006_All.xls,ca8e01c881d4859819f38923ed88069e4ecab1bf528d0f4a7b537b9001692d1d,AY2005-2006,School Type,school_type,True,4578,[]
ffel,2005-2006,2005,FFEL_AwardYr_Summary_AY2005_2006_All.xls,https://studentaid.gov/sites/default/files/FFEL_AwardYr_Summary_AY2005_2006_All.xls,ca8e01c881d4859819f38923ed88069e4ecab1bf528d0f4a7b537b9001692d1d,AY2005-2006,FFEL SUBSIDIZED | Recipients,subsidized_recipients,True,4578,[]
ffel,2005-2006,2005,FFEL_AwardYr_Summary_AY2005_2006_All.xls,https://studentaid.gov/sites/default/files/FFEL_AwardYr_Summary_AY2005_2006_All.xls,ca8e01c881d4859819f38923ed88069e4ecab1bf528d0f4a7b537b9001692d1d,AY2005-2006,FFEL SUBSIDIZED | # of Loans Originated,subsidized_loans_originated_n,True,4578,[]
ffel,2005-2006,2005,FFEL_AwardYr_Summary_AY2005_2006_All.xls,https://studentaid.gov/sites/default/files/FFEL_AwardYr_Summary_AY2005_2006_All.xls,ca8e01c881d4859819f38923ed88069e4ecab1bf528d0f4a7b537b9001692d1d,AY2005-2006,FFEL SUBSIDIZED | $ of Loans Originated,subsidized_loans_originated_amt,True,4578,[]
ffel,2005-2006,2005,FFEL_AwardYr_Summary_AY2005_2006_All.xls,https://studentaid.gov/sites/default/files/FFEL_AwardYr_Summary_AY2005_2006_All.xls,ca8e01c881d4859819f38923ed88069e4ecab1bf528d0f4a7b537b9001692d1d,AY2005-2006,FFEL SUBSIDIZED | # of Disbursements,subsidized_disbursements_n,True,4578,[]
ffel,2005-2006,2005,FFEL_AwardYr_Summary_AY2005_2006_All.xls,https://studentaid.gov/sites/default/files/FFEL_AwardYr_Summary_AY2005_2006_All.xls,ca8e01c881d4859819f38923ed88069e4ecab1bf528d0f4a7b537b9001692d1d,AY2005-2006,FFEL SUBSIDIZED | $ of Disbursements,subsidized_disbursements,True,4578,[]
ffel,2005-2006,2005,FFEL_AwardYr_Summary_AY2005_2006_All.xls,https://studentaid.gov/sites/default/files/FFEL_AwardYr_Summary_AY2005_2006_All.xls,ca8e01c881d4859819f38923ed88069e4ecab1bf528d0f4a7b537b9001692d1d,AY2005-2006,FFEL UNSUBSIDIZED | Recipients,unsubsidized_recipients,True,4578,[]
ffel,2005-2006,2005,FFEL_AwardYr_Summary_AY2005_2006_All.xls,https://studentaid.gov/sites/default/files/FFEL_AwardYr_Summary_AY2005_2006_All.xls,ca8e01c881d4859819f38923ed88069e4ecab1bf528d0f4a7b537b9001692d1d,AY2005-2006,FFEL UNSUBSIDIZED | # of Loans Originated,unsubsidized_loans_originated_n,True,4578,[]
ffel,2005-2006,2005,FFEL_AwardYr_Summary_AY2005_2006_All.xls,https://studentaid.gov/sites/default/files/FFEL_AwardYr_Summary_AY2005_2006_All.xls,ca8e01c881d4859819f38923ed88069e4ecab1bf528d0f4a7b537b9001692d1d,AY2005-2006,FFEL UNSUBSIDIZED | $ of Loans Originated,unsubsidized_loans_originated_amt,True,4578,[]
ffel,2005-2006,2005,FFEL_AwardYr_Summary_AY2005_2006_All.xls,https://studentaid.gov/sites/default/files/FFEL_AwardYr_Summary_AY2005_2006_All.xls,ca8e01c881d4859819f38923ed88069e4ecab1bf528d0f4a7b537b9001692d1d,AY2005-2006,FFEL UNSUBSIDIZED | # of Disbursements,unsubsidized_disbursements_n,True,4578,[]
ffel,2005-2006,2005,FFEL_AwardYr_Summary_AY2005_2006_All.xls,https://studentaid.gov/sites/default/files/FFEL_AwardYr_Summary_AY2005_2006_All.xls,ca8e01c881d4859819f38923ed88069e4ecab1bf528d0f4a7b537b9001692d1d,AY2005-2006,FFEL UNSUBSIDIZED | $ of Disbursements,unsubsidized_disbursements,True,4578,[]
ffel,2005-2006,2005,FFEL_AwardYr_Summary_AY2005_2006_All.xls,https://studentaid.gov/sites/default/files/FFEL_AwardYr_Summary_AY2005_2006_All.xls,ca8e01c881d4859819f38923ed88069e4ecab1bf528d0f4a7b537b9001692d1d,AY2005-2006,FFEL PLUS | Recipients,plus_recipients,True,4578,[]
ffel,2005-2006,2005,FFEL_AwardYr_Summary_AY2005_2006_All.xls,https://studentaid.gov/sites/default/files/FFEL_AwardYr_Summary_AY2005_2006_All.xls,ca8e01c881d4859819f38923ed88069e4ecab1bf528d0f4a7b537b9001692d1d,AY2005-2006,FFEL PLUS | # of Loans Originated,plus_loans_originated_n,True,4578,[]
ffel,2005-2006,2005,FFEL_AwardYr_Summary_AY2005_2006_All.xls,https://studentaid.gov/sites/default/files/FFEL_AwardYr_Summary_AY2005_2006_All.xls,ca8e01c881d4859819f38923ed88069e4ecab1bf528d0f4a7b537b9001692d1d,AY2005-2006,FFEL PLUS | $ of Loans Originated,plus_loans_originated_amt,True,4578,[]
ffel,2005-2006,2005,FFEL_AwardYr_Summary_AY2005_2006_All.xls,https://studentaid.gov/sites/default/files/FFEL_AwardYr_Summary_AY2005_2006_All.xls,ca8e01c881d4859819f38923ed88069e4ecab1bf528d0f4a7b537b9001692d1d,AY2005-2006,FFEL PLUS | # of Disbursements,plus_disbursements_n,True,4578,[]
ffel,2005-2006,2005,FFEL_AwardYr_Summary_AY2005_2006_All.xls,https://studentaid.gov/sites/default/files/FFEL_AwardYr_Summary_AY2005_2006_All.xls,ca8e01c881d4859819f38923ed88069e4ecab1bf528d0f4a7b537b9001692d1d,AY2005-2006,FFEL PLUS | $ of Disbursements,plus_disbursements,True,4578,[]
ffel,2005-2006,2005,FFEL_AwardYr_Summary_AY2005_2006_All.xls,https://studentaid.gov/sites/default/files/FFEL_AwardYr_Summary_AY2005_2006_All.xls,ca8e01c881d4859819f38923ed88069e4ecab1bf528d0f4a7b537b9001692d1d,AY2005-2006,FFEL GRAD PLUS | Recipients,grad_plus_recipients,True,4578,[]
ffel,2005-2006,2005,FFEL_AwardYr_Summary_AY2005_2006_All.xls,https://studentaid.gov/sites/default/files/FFEL_AwardYr_Summary_AY2005_2006_All.xls,ca8e01c881d4859819f38923ed88069e4ecab1bf528d0f4a7b537b9001692d1d,AY2005-2006,FFEL GRAD PLUS | # of Loans Originated,grad_plus_loans_originated_n,True,4578,[]
ffel,2005-2006,2005,FFEL_AwardYr_Summary_AY2005_2006_All.xls,https://studentaid.gov/sites/default/files/FFEL_AwardYr_Summary_AY2005_2006_All.xls,ca8e01c881d4859819f38923ed88069e4ecab1bf528d0f4a7b537b9001692d1d,AY2005-2006,FFEL GRAD PLUS | $ of Loans Originated,grad_plus_loans_originated_amt,True,4578,[]
ffel,2005-2006,2005,FFEL_AwardYr_Summary_AY2005_2006_All.xls,https://studentaid.gov/sites/default/files/FFEL_AwardYr_Summary_AY2005_2006_All.xls,ca8e01c881d4859819f38923ed88069e4ecab1bf528d0f4a7b537b9001692d1d,AY2005-2006,FFEL GRAD PLUS | # of Disbursements,grad_plus_disbursements_n,True,4578,[]
ffel,2005-2006,2005,FFEL_AwardYr_Summary_AY2005_2006_All.xls,https://studentaid.gov/sites/default/files/FFEL_AwardYr_Summary_AY2005_2006_All.xls,ca8e01c881d4859819f38923ed88069e4ecab1bf528d0f4a7b537b9001692d1d,AY2005-2006,FFEL GRAD PLUS | $ of Disbursements,grad_plus_disbursements,True,4578,[]
ffel,2006-2007,2006,FL_Dashboard_AY2006_2007_Q4.xls,https://studentaid.gov/sites/default/files/FL_Dashboard_AY2006_2007_Q4.xls,8662fbffc20f4d5119356f93e67b26361025bc285d0999702eac8bfbdc4af686,Award Year Summary,OPE ID,opeid8,True,4617,[]
ffel,2006-2007,2006,FL_Dashboard_AY2006_2007_Q4.xls,https://studentaid.gov/sites/default/files/FL_Dashboard_AY2006_2007_Q4.xls,8662fbffc20f4d5119356f93e67b26361025bc285d0999702eac8bfbdc4af686,Award Year Summary,School,school,True,4617,[]
ffel,2006-2007,2006,FL_Dashboard_AY2006_2007_Q4.xls,https://studentaid.gov/sites/default/files/FL_Dashboard_AY2006_2007_Q4.xls,8662fbffc20f4d5119356f93e67b26361025bc285d0999702eac8bfbdc4af686,Award Year Summary,State,state,True,4617,[]
ffel,2006-2007,2006,FL_Dashboard_AY2006_2007_Q4.xls,https://studentaid.gov/sites/default/files/FL_Dashboard_AY2006_2007_Q4.xls,8662fbffc20f4d5119356f93e67b26361025bc285d0999702eac8bfbdc4af686,Award Year Summary,Zip Code,zip_code,True,4598,[]
ffel,2006-2007,2006,FL_Dashboard_AY2006_2007_Q4.xls,https://studentaid.gov/sites/default/files/FL_Dashboard_AY2006_2007_Q4.xls,8662fbffc20f4d5119356f93e67b26361025bc285d0999702eac8bfbdc4af686,Award Year Summary,School Type,school_type,True,4617,[]
ffel,2006-2007,2006,FL_Dashboard_AY2006_2007_Q4.xls,https://studentaid.gov/sites/default/files/FL_Dashboard_AY2006_2007_Q4.xls,8662fbffc20f4d5119356f93e67b26361025bc285d0999702eac8bfbdc4af686,Award Year Summary,FFEL SUBSIDIZED | Recipients,subsidized_recipients,True,4617,[]
ffel,2006-2007,2006,FL_Dashboard_AY2006_2007_Q4.xls,https://studentaid.gov/sites/default/files/FL_Dashboard_AY2006_2007_Q4.xls,8662fbffc20f4d5119356f93e67b26361025bc285d0999702eac8bfbdc4af686,Award Year Summary,FFEL SUBSIDIZED | # of Loans Originated,subsidized_loans_originated_n,True,4617,[]
ffel,2006-2007,2006,FL_Dashboard_AY2006_2007_Q4.xls,https://studentaid.gov/sites/default/files/FL_Dashboard_AY2006_2007_Q4.xls,8662fbffc20f4d5119356f93e67b26361025bc285d0999702eac8bfbdc4af686,Award Year Summary,FFEL SUBSIDIZED | $ of Loans Originated,subsidized_loans_originated_amt,True,4617,[]
ffel,2006-2007,2006,FL_Dashboard_AY2006_2007_Q4.xls,https://studentaid.gov/sites/default/files/FL_Dashboard_AY2006_2007_Q4.xls,8662fbffc20f4d5119356f93e67b26361025bc285d0999702eac8bfbdc4af686,Award Year Summary,FFEL SUBSIDIZED | # of Disbursements,subsidized_disbursements_n,True,4617,[]
ffel,2006-2007,2006,FL_Dashboard_AY2006_2007_Q4.xls,https://studentaid.gov/sites/default/files/FL_Dashboard_AY2006_2007_Q4.xls,8662fbffc20f4d5119356f93e67b26361025bc285d0999702eac8bfbdc4af686,Award Year Summary,FFEL SUBSIDIZED | $ of Disbursements,subsidized_disbursements,True,4617,[]
ffel,2006-2007,2006,FL_Dashboard_AY2006_2007_Q4.xls,https://studentaid.gov/sites/default/files/FL_Dashboard_AY2006_2007_Q4.xls,8662fbffc20f4d5119356f93e67b26361025bc285d0999702eac8bfbdc4af686,Award Year Summary,FFEL UNSUBSIDIZED | Recipients,unsubsidized_recipients,True,4617,[]
ffel,2006-2007,2006,FL_Dashboard_AY2006_2007_Q4.xls,https://studentaid.gov/sites/default/files/FL_Dashboard_AY2006_2007_Q4.xls,8662fbffc20f4d5119356f93e67b26361025bc285d0999702eac8bfbdc4af686,Award Year Summary,FFEL UNSUBSIDIZED | # of Loans Originated,unsubsidized_loans_originated_n,True,4617,[]
ffel,2006-2007,2006,FL_Dashboard_AY2006_2007_Q4.xls,https://studentaid.gov/sites/default/files/FL_Dashboard_AY2006_2007_Q4.xls,8662fbffc20f4d5119356f93e67b26361025bc285d0999702eac8bfbdc4af686,Award Year Summary,FFEL UNSUBSIDIZED | $ of Loans Originated,unsubsidized_loans_originated_amt,True,4617,[]
ffel,2006-2007,2006,FL_Dashboard_AY2006_2007_Q4.xls,https://studentaid.gov/sites/default/files/FL_Dashboard_AY2006_2007_Q4.xls,8662fbffc20f4d5119356f93e67b26361025bc285d0999702eac8bfbdc4af686,Award Year Summary,FFEL UNSUBSIDIZED | # of Disbursements,unsubsidized_disbursements_n,True,4617,[]
ffel,2006-2007,2006,FL_Dashboard_AY2006_2007_Q4.xls,https://studentaid.gov/sites/default/files/FL_Dashboard_AY2006_2007_Q4.xls,8662fbffc20f4d5119356f93e67b26361025bc285d0999702eac8bfbdc4af686,Award Year Summary,FFEL UNSUBSIDIZED | $ of Disbursements,unsubsidized_disbursements,True,4617,[]
ffel,2006-2007,2006,FL_Dashboard_AY2006_2007_Q4.xls,https://studentaid.gov/sites/default/files/FL_Dashboard_AY2006_2007_Q4.xls,8662fbffc20f4d5119356f93e67b26361025bc285d0999702eac8bfbdc4af686,Award Year Summary,FFEL PARENT PLUS | Recipients,parent_plus_recipients,True,4617,[]
ffel,2006-2007,2006,FL_Dashboard_AY2006_2007_Q4.xls,https://studentaid.gov/sites/default/files/FL_Dashboard_AY2006_2007_Q4.xls,8662fbffc20f4d5119356f93e67b26361025bc285d0999702eac8bfbdc4af686,Award Year Summary,FFEL PARENT PLUS | # of Loans Originated,parent_plus_loans_originated_n,True,4617,[]
ffel,2006-2007,2006,FL_Dashboard_AY2006_2007_Q4.xls,https://studentaid.gov/sites/default/files/FL_Dashboard_AY2006_2007_Q4.xls,8662fbffc20f4d5119356f93e67b26361025bc285d0999702eac8bfbdc4af686,Award Year Summary,FFEL PARENT PLUS | $ of Loans Originated,parent_plus_loans_originated_amt,True,4617,[]
ffel,2006-2007,2006,FL_Dashboard_AY2006_2007_Q4.xls,https://studentaid.gov/sites/default/files/FL_Dashboard_AY2006_2007_Q4.xls,8662fbffc20f4d5119356f93e67b26361025bc285d0999702eac8bfbdc4af686,Award Year Summary,FFEL PARENT PLUS | # of Disbursements,parent_plus_disbursements_n,True,4617,[]
ffel,2006-2007,2006,FL_Dashboard_AY2006_2007_Q4.xls,https://studentaid.gov/sites/default/files/FL_Dashboard_AY2006_2007_Q4.xls,8662fbffc20f4d5119356f93e67b26361025bc285d0999702eac8bfbdc4af686,Award Year Summary,FFEL PARENT PLUS | $ of Disbursements,parent_plus_disbursements,True,4617,[]
ffel,2006-2007,2006,FL_Dashboard_AY2006_2007_Q4.xls,https://studentaid.gov/sites/default/files/FL_Dashboard_AY2006_2007_Q4.xls,8662fbffc20f4d5119356f93e67b26361025bc285d0999702eac8bfbdc4af686,Award Year Summary,FFEL GRAD PLUS | Recipients,grad_plus_recipients,True,4617,[]
ffel,2006-2007,2006,FL_Dashboard_AY2006_2007_Q4.xls,https://studentaid.gov/sites/default/files/FL_Dashboard_AY2006_2007_Q4.xls,8662fbffc20f4d5119356f93e67b26361025bc285d0999702eac8bfbdc4af686,Award Year Summary,FFEL GRAD PLUS | # of Loans Originated,grad_plus_loans_originated_n,True,4617,[]
ffel,2006-2007,2006,FL_Dashboard_AY2006_2007_Q4.xls,https://studentaid.gov/sites/default/files/FL_Dashboard_AY2006_2007_Q4.xls,8662fbffc20f4d5119356f93e67b26361025bc285d0999702eac8bfbdc4af686,Award Year Summary,FFEL GRAD PLUS | $ of Loans Originated,grad_plus_loans_originated_amt,True,4617,[]
ffel,2006-2007,2006,FL_Dashboard_AY2006_2007_Q4.xls,https://studentaid.gov/sites/default/files/FL_Dashboard_AY2006_2007_Q4.xls,8662fbffc20f4d5119356f93e67b26361025bc285d0999702eac8bfbdc4af686,Award Year Summary,FFEL GRAD PLUS | # of Disbursements,grad_plus_disbursements_n,True,4617,[]
ffel,2006-2007,2006,FL_Dashboard_AY2006_2007_Q4.xls,https://studentaid.gov/sites/default/files/FL_Dashboard_AY2006_2007_Q4.xls,8662fbffc20f4d5119356f93e67b26361025bc285d0999702eac8bfbdc4af686,Award Year Summary,FFEL GRAD PLUS | $ of Disbursements,grad_plus_disbursements,True,4617,[]
ffel,2007-2008,2007,FL_Dashboard_AY2007_2008_Q4.xls,https://studentaid.gov/sites/default/files/FL_Dashboard_AY2007_2008_Q4.xls,732d744c9d2327f44d33d6c6377b21a555e8220b8bae5ca5569a8296da4908ee,Award Year Summary,OPE ID,opeid8,True,4847,[]
ffel,2007-2008,2007,FL_Dashboard_AY2007_2008_Q4.xls,https://studentaid.gov/sites/default/files/FL_Dashboard_AY2007_2008_Q4.xls,732d744c9d2327f44d33d6c6377b21a555e8220b8bae5ca5569a8296da4908ee,Award Year Summary,School,school,True,4847,[]
ffel,2007-2008,2007,FL_Dashboard_AY2007_2008_Q4.xls,https://studentaid.gov/sites/default/files/FL_Dashboard_AY2007_2008_Q4.xls,732d744c9d2327f44d33d6c6377b21a555e8220b8bae5ca5569a8296da4908ee,Award Year Summary,State,state,True,4847,[]
ffel,2007-2008,2007,FL_Dashboard_AY2007_2008_Q4.xls,https://studentaid.gov/sites/default/files/FL_Dashboard_AY2007_2008_Q4.xls,732d744c9d2327f44d33d6c6377b21a555e8220b8bae5ca5569a8296da4908ee,Award Year Summary,Zip Code,zip_code,True,4828,[]
ffel,2007-2008,2007,FL_Dashboard_AY2007_2008_Q4.xls,https://studentaid.gov/sites/default/files/FL_Dashboard_AY2007_2008_Q4.xls,732d744c9d2327f44d33d6c6377b21a555e8220b8bae5ca5569a8296da4908ee,Award Year Summary,School Type,school_type,True,4847,[]
ffel,2007-2008,2007,FL_Dashboard_AY2007_2008_Q4.xls,https://studentaid.gov/sites/default/files/FL_Dashboard_AY2007_2008_Q4.xls,732d744c9d2327f44d33d6c6377b21a555e8220b8bae5ca5569a8296da4908ee,Award Year Summary,FFEL SUBSIDIZED | Recipients,subsidized_recipients,True,4847,[]
ffel,2007-2008,2007,FL_Dashboard_AY2007_2008_Q4.xls,https://studentaid.gov/sites/default/files/FL_Dashboard_AY2007_2008_Q4.xls,732d744c9d2327f44d33d6c6377b21a555e8220b8bae5ca5569a8296da4908ee,Award Year Summary,FFEL SUBSIDIZED | # of Loans Originated,subsidized_loans_originated_n,True,4847,[]
ffel,2007-2008,2007,FL_Dashboard_AY2007_2008_Q4.xls,https://studentaid.gov/sites/default/files/FL_Dashboard_AY2007_2008_Q4.xls,732d744c9d2327f44d33d6c6377b21a555e8220b8bae5ca5569a8296da4908ee,Award Year Summary,FFEL SUBSIDIZED | $ of Loans Originated,subsidized_loans_originated_amt,True,4847,[]
ffel,2007-2008,2007,FL_Dashboard_AY2007_2008_Q4.xls,https://studentaid.gov/sites/default/files/FL_Dashboard_AY2007_2008_Q4.xls,732d744c9d2327f44d33d6c6377b21a555e8220b8bae5ca5569a8296da4908ee,Award Year Summary,FFEL SUBSIDIZED | # of Disbursements,subsidized_disbursements_n,True,4847,[]
ffel,2007-2008,2007,FL_Dashboard_AY2007_2008_Q4.xls,https://studentaid.gov/sites/default/files/FL_Dashboard_AY2007_2008_Q4.xls,732d744c9d2327f44d33d6c6377b21a555e8220b8bae5ca5569a8296da4908ee,Award Year Summary,FFEL SUBSIDIZED | $ of Disbursements,subsidized_disbursements,True,4847,[]
ffel,2007-2008,2007,FL_Dashboard_AY2007_2008_Q4.xls,https://studentaid.gov/sites/default/files/FL_Dashboard_AY2007_2008_Q4.xls,732d744c9d2327f44d33d6c6377b21a555e8220b8bae5ca5569a8296da4908ee,Award Year Summary,FFEL UNSUBSIDIZED | Recipients,unsubsidized_recipients,True,4847,[]
ffel,2007-2008,2007,FL_Dashboard_AY2007_2008_Q4.xls,https://studentaid.gov/sites/default/files/FL_Dashboard_AY2007_2008_Q4.xls,732d744c9d2327f44d33d6c6377b21a555e8220b8bae5ca5569a8296da4908ee,Award Year Summary,FFEL UNSUBSIDIZED | # of Loans Originated,unsubsidized_loans_originated_n,True,4847,[]
ffel,2007-2008,2007,FL_Dashboard_AY2007_2008_Q4.xls,https://studentaid.gov/sites/default/files/FL_Dashboard_AY2007_2008_Q4.xls,732d744c9d2327f44d33d6c6377b21a555e8220b8bae5ca5569a8296da4908ee,Award Year Summary,FFEL UNSUBSIDIZED | $ of Loans Originated,unsubsidized_loans_originated_amt,True,4847,[]
ffel,2007-2008,2007,FL_Dashboard_AY2007_2008_Q4.xls,https://studentaid.gov/sites/default/files/FL_Dashboard_AY2007_2008_Q4.xls,732d744c9d2327f44d33d6c6377b21a555e8220b8bae5ca5569a8296da4908ee,Award Year Summary,FFEL UNSUBSIDIZED | # of Disbursements,unsubsidized_disbursements_n,True,4847,[]
ffel,2007-2008,2007,FL_Dashboard_AY2007_2008_Q4.xls,https://studentaid.gov/sites/default/files/FL_Dashboard_AY2007_2008_Q4.xls,732d744c9d2327f44d33d6c6377b21a555e8220b8bae5ca5569a8296da4908ee,Award Year Summary,FFEL UNSUBSIDIZED | $ of Disbursements,unsubsidized_disbursements,True,4847,[]
ffel,2007-2008,2007,FL_Dashboard_AY2007_2008_Q4.xls,https://studentaid.gov/sites/default/files/FL_Dashboard_AY2007_2008_Q4.xls,732d744c9d2327f44d33d6c6377b21a555e8220b8bae5ca5569a8296da4908ee,Award Year Summary,FFEL PARENT PLUS | Recipients,parent_plus_recipients,True,4847,[]
ffel,2007-2008,2007,FL_Dashboard_AY2007_2008_Q4.xls,https://studentaid.gov/sites/default/files/FL_Dashboard_AY2007_2008_Q4.xls,732d744c9d2327f44d33d6c6377b21a555e8220b8bae5ca5569a8296da4908ee,Award Year Summary,FFEL PARENT PLUS | # of Loans Originated,parent_plus_loans_originated_n,True,4847,[]
ffel,2007-2008,2007,FL_Dashboard_AY2007_2008_Q4.xls,https://studentaid.gov/sites/default/files/FL_Dashboard_AY2007_2008_Q4.xls,732d744c9d2327f44d33d6c6377b21a555e8220b8bae5ca5569a8296da4908ee,Award Year Summary,FFEL PARENT PLUS | $ of Loans Originated,parent_plus_loans_originated_amt,True,4847,[]
ffel,2007-2008,2007,FL_Dashboard_AY2007_2008_Q4.xls,https://studentaid.gov/sites/default/files/FL_Dashboard_AY2007_2008_Q4.xls,732d744c9d2327f44d33d6c6377b21a555e8220b8bae5ca5569a8296da4908ee,Award Year Summary,FFEL PARENT PLUS | # of Disbursements,parent_plus_disbursements_n,True,4847,[]
ffel,2007-2008,2007,FL_Dashboard_AY2007_2008_Q4.xls,https://studentaid.gov/sites/default/files/FL_Dashboard_AY2007_2008_Q4.xls,732d744c9d2327f44d33d6c6377b21a555e8220b8bae5ca5569a8296da4908ee,Award Year Summary,FFEL PARENT PLUS | $ of Disbursements,parent_plus_disbursements,True,4847,[]
ffel,2007-2008,2007,FL_Dashboard_AY2007_2008_Q4.xls,https://studentaid.gov/sites/default/files/FL_Dashboard_AY2007_2008_Q4.xls,732d744c9d2327f44d33d6c6377b21a555e8220b8bae5ca5569a8296da4908ee,Award Year Summary,FFEL GRAD PLUS | Recipients,grad_plus_recipients,True,4847,[]
ffel,2007-2008,2007,FL_Dashboard_AY2007_2008_Q4.xls,https://studentaid.gov/sites/default/files/FL_Dashboard_AY2007_2008_Q4.xls,732d744c9d2327f44d33d6c6377b21a555e8220b8bae5ca5569a8296da4908ee,Award Year Summary,FFEL GRAD PLUS | # of Loans Originated,grad_plus_loans_originated_n,True,4847,[]
ffel,2007-2008,2007,FL_Dashboard_AY2007_2008_Q4.xls,https://studentaid.gov/sites/default/files/FL_Dashboard_AY2007_2008_Q4.xls,732d744c9d2327f44d33d6c6377b21a555e8220b8bae5ca5569a8296da4908ee,Award Year Summary,FFEL GRAD PLUS | $ of Loans Originated,grad_plus_loans_originated_amt,True,4847,[]
ffel,2007-2008,2007,FL_Dashboard_AY2007_2008_Q4.xls,https://studentaid.gov/sites/default/files/FL_Dashboard_AY2007_2008_Q4.xls,732d744c9d2327f44d33d6c6377b21a555e8220b8bae5ca5569a8296da4908ee,Award Year Summary,FFEL GRAD PLUS | # of Disbursements,grad_plus_disbursements_n,True,4847,[]
ffel,2007-2008,2007,FL_Dashboard_AY2007_2008_Q4.xls,https://studentaid.gov/sites/default/files/FL_Dashboard_AY2007_2008_Q4.xls,732d744c9d2327f44d33d6c6377b21a555e8220b8bae5ca5569a8296da4908ee,Award Year Summary,FFEL GRAD PLUS | $ of Disbursements,grad_plus_disbursements,True,4847,[]
ffel,2008-2009,2008,FL_Dashboard_AY2008_2009_Q4.xls,https://studentaid.gov/sites/default/files/FL_Dashboard_AY2008_2009_Q4.xls,d9c035b488f444de2f620517ecccbc3e9272c541ce8139a0990fd7b384c9fe54,Award Year Summary,OPE ID,opeid8,True,4543,[]
ffel,2008-2009,2008,FL_Dashboard_AY2008_2009_Q4.xls,https://studentaid.gov/sites/default/files/FL_Dashboard_AY2008_2009_Q4.xls,d9c035b488f444de2f620517ecccbc3e9272c541ce8139a0990fd7b384c9fe54,Award Year Summary,School,school,True,4543,[]
ffel,2008-2009,2008,FL_Dashboard_AY2008_2009_Q4.xls,https://studentaid.gov/sites/default/files/FL_Dashboard_AY2008_2009_Q4.xls,d9c035b488f444de2f620517ecccbc3e9272c541ce8139a0990fd7b384c9fe54,Award Year Summary,State,state,True,4543,[]
ffel,2008-2009,2008,FL_Dashboard_AY2008_2009_Q4.xls,https://studentaid.gov/sites/default/files/FL_Dashboard_AY2008_2009_Q4.xls,d9c035b488f444de2f620517ecccbc3e9272c541ce8139a0990fd7b384c9fe54,Award Year Summary,Zip Code,zip_code,True,4522,[]
ffel,2008-2009,2008,FL_Dashboard_AY2008_2009_Q4.xls,https://studentaid.gov/sites/default/files/FL_Dashboard_AY2008_2009_Q4.xls,d9c035b488f444de2f620517ecccbc3e9272c541ce8139a0990fd7b384c9fe54,Award Year Summary,School Type,school_type,True,4543,[]
ffel,2008-2009,2008,FL_Dashboard_AY2008_2009_Q4.xls,https://studentaid.gov/sites/default/files/FL_Dashboard_AY2008_2009_Q4.xls,d9c035b488f444de2f620517ecccbc3e9272c541ce8139a0990fd7b384c9fe54,Award Year Summary,FFEL SUBSIDIZED | Recipients,subsidized_recipients,True,4543,[]
ffel,2008-2009,2008,FL_Dashboard_AY2008_2009_Q4.xls,https://studentaid.gov/sites/default/files/FL_Dashboard_AY2008_2009_Q4.xls,d9c035b488f444de2f620517ecccbc3e9272c541ce8139a0990fd7b384c9fe54,Award Year Summary,FFEL SUBSIDIZED | # of Loans Originated,subsidized_loans_originated_n,True,4543,[]
ffel,2008-2009,2008,FL_Dashboard_AY2008_2009_Q4.xls,https://studentaid.gov/sites/default/files/FL_Dashboard_AY2008_2009_Q4.xls,d9c035b488f444de2f620517ecccbc3e9272c541ce8139a0990fd7b384c9fe54,Award Year Summary,FFEL SUBSIDIZED | $ of Loans Originated,subsidized_loans_originated_amt,True,4543,[]
ffel,2008-2009,2008,FL_Dashboard_AY2008_2009_Q4.xls,https://studentaid.gov/sites/default/files/FL_Dashboard_AY2008_2009_Q4.xls,d9c035b488f444de2f620517ecccbc3e9272c541ce8139a0990fd7b384c9fe54,Award Year Summary,FFEL SUBSIDIZED | # of Disbursements,subsidized_disbursements_n,True,4543,[]
ffel,2008-2009,2008,FL_Dashboard_AY2008_2009_Q4.xls,https://studentaid.gov/sites/default/files/FL_Dashboard_AY2008_2009_Q4.xls,d9c035b488f444de2f620517ecccbc3e9272c541ce8139a0990fd7b384c9fe54,Award Year Summary,FFEL SUBSIDIZED | $ of Disbursements,subsidized_disbursements,True,4543,[]
ffel,2008-2009,2008,FL_Dashboard_AY2008_2009_Q4.xls,https://studentaid.gov/sites/default/files/FL_Dashboard_AY2008_2009_Q4.xls,d9c035b488f444de2f620517ecccbc3e9272c541ce8139a0990fd7b384c9fe54,Award Year Summary,FFEL UNSUBSIDIZED | Recipients,unsubsidized_recipients,True,4543,[]
ffel,2008-2009,2008,FL_Dashboard_AY2008_2009_Q4.xls,https://studentaid.gov/sites/default/files/FL_Dashboard_AY2008_2009_Q4.xls,d9c035b488f444de2f620517ecccbc3e9272c541ce8139a0990fd7b384c9fe54,Award Year Summary,FFEL UNSUBSIDIZED | # of Loans Originated,unsubsidized_loans_originated_n,True,4543,[]
ffel,2008-2009,2008,FL_Dashboard_AY2008_2009_Q4.xls,https://studentaid.gov/sites/default/files/FL_Dashboard_AY2008_2009_Q4.xls,d9c035b488f444de2f620517ecccbc3e9272c541ce8139a0990fd7b384c9fe54,Award Year Summary,FFEL UNSUBSIDIZED | $ of Loans Originated,unsubsidized_loans_originated_amt,True,4543,[]
ffel,2008-2009,2008,FL_Dashboard_AY2008_2009_Q4.xls,https://studentaid.gov/sites/default/files/FL_Dashboard_AY2008_2009_Q4.xls,d9c035b488f444de2f620517ecccbc3e9272c541ce8139a0990fd7b384c9fe54,Award Year Summary,FFEL UNSUBSIDIZED | # of Disbursements,unsubsidized_disbursements_n,True,4543,[]
ffel,2008-2009,2008,FL_Dashboard_AY2008_2009_Q4.xls,https://studentaid.gov/sites/default/files/FL_Dashboard_AY2008_2009_Q4.xls,d9c035b488f444de2f620517ecccbc3e9272c541ce8139a0990fd7b384c9fe54,Award Year Summary,FFEL UNSUBSIDIZED | $ of Disbursements,unsubsidized_disbursements,True,4543,[]
ffel,2008-2009,2008,FL_Dashboard_AY2008_2009_Q4.xls,https://studentaid.gov/sites/default/files/FL_Dashboard_AY2008_2009_Q4.xls,d9c035b488f444de2f620517ecccbc3e9272c541ce8139a0990fd7b384c9fe54,Award Year Summary,FFEL PARENT PLUS | Recipients,parent_plus_recipients,True,4543,[]
ffel,2008-2009,2008,FL_Dashboard_AY2008_2009_Q4.xls,https://studentaid.gov/sites/default/files/FL_Dashboard_AY2008_2009_Q4.xls,d9c035b488f444de2f620517ecccbc3e9272c541ce8139a0990fd7b384c9fe54,Award Year Summary,FFEL PARENT PLUS | # of Loans Originated,parent_plus_loans_originated_n,True,4543,[]
ffel,2008-2009,2008,FL_Dashboard_AY2008_2009_Q4.xls,https://studentaid.gov/sites/default/files/FL_Dashboard_AY2008_2009_Q4.xls,d9c035b488f444de2f620517ecccbc3e9272c541ce8139a0990fd7b384c9fe54,Award Year Summary,FFEL PARENT PLUS | $ of Loans Originated,parent_plus_loans_originated_amt,True,4543,[]
ffel,2008-2009,2008,FL_Dashboard_AY2008_2009_Q4.xls,https://studentaid.gov/sites/default/files/FL_Dashboard_AY2008_2009_Q4.xls,d9c035b488f444de2f620517ecccbc3e9272c541ce8139a0990fd7b384c9fe54,Award Year Summary,FFEL PARENT PLUS | # of Disbursements,parent_plus_disbursements_n,True,4543,[]
ffel,2008-2009,2008,FL_Dashboard_AY2008_2009_Q4.xls,https://studentaid.gov/sites/default/files/FL_Dashboard_AY2008_2009_Q4.xls,d9c035b488f444de2f620517ecccbc3e9272c541ce8139a0990fd7b384c9fe54,Award Year Summary,FFEL PARENT PLUS | $ of Disbursements,parent_plus_disbursements,True,4543,[]
ffel,2008-2009,2008,FL_Dashboard_AY2008_2009_Q4.xls,https://studentaid.gov/sites/default/files/FL_Dashboard_AY2008_2009_Q4.xls,d9c035b488f444de2f620517ecccbc3e9272c541ce8139a0990fd7b384c9fe54,Award Year Summary,FFEL GRAD PLUS | Recipients,grad_plus_recipients,True,4543,[]
ffel,2008-2009,2008,FL_Dashboard_AY2008_2009_Q4.xls,https://studentaid.gov/sites/default/files/FL_Dashboard_AY2008_2009_Q4.xls,d9c035b488f444de2f620517ecccbc3e9272c541ce8139a0990fd7b384c9fe54,Award Year Summary,FFEL GRAD PLUS | # of Loans Originated,grad_plus_loans_originated_n,True,4543,[]
ffel,2008-2009,2008,FL_Dashboard_AY2008_2009_Q4.xls,https://studentaid.gov/sites/default/files/FL_Dashboard_AY2008_2009_Q4.xls,d9c035b488f444de2f620517ecccbc3e9272c541ce8139a0990fd7b384c9fe54,Award Year Summary,FFEL GRAD PLUS | $ of Loans Originated,grad_plus_loans_originated_amt,True,4543,[]
ffel,2008-2009,2008,FL_Dashboard_AY2008_2009_Q4.xls,https://studentaid.gov/sites/default/files/FL_Dashboard_AY2008_2009_Q4.xls,d9c035b488f444de2f620517ecccbc3e9272c541ce8139a0990fd7b384c9fe54,Award Year Summary,FFEL GRAD PLUS | # of Disbursements,grad_plus_disbursements_n,True,4543,[]
ffel,2008-2009,2008,FL_Dashboard_AY2008_2009_Q4.xls,https://studentaid.gov/sites/default/files/FL_Dashboard_AY2008_2009_Q4.xls,d9c035b488f444de2f620517ecccbc3e9272c541ce8139a0990fd7b384c9fe54,Award Year Summary,FFEL GRAD PLUS | $ of Disbursements,grad_plus_disbursements,True,4543,[]
ffel,2009-2010,2009,FL_Dashboard_AY2009_2010_Q4.xls,https://studentaid.gov/sites/default/files/FL_Dashboard_AY2009_2010_Q4.xls,2921f3d7fc9ac7d6c11b16bc199f6a8cbe5b7cdb7bbfbed3fb07652cb26bf0a4,Award Year Summary,OPE ID,opeid8,True,4188,[]
ffel,2009-2010,2009,FL_Dashboard_AY2009_2010_Q4.xls,https://studentaid.gov/sites/default/files/FL_Dashboard_AY2009_2010_Q4.xls,2921f3d7fc9ac7d6c11b16bc199f6a8cbe5b7cdb7bbfbed3fb07652cb26bf0a4,Award Year Summary,School,school,True,4188,[]
ffel,2009-2010,2009,FL_Dashboard_AY2009_2010_Q4.xls,https://studentaid.gov/sites/default/files/FL_Dashboard_AY2009_2010_Q4.xls,2921f3d7fc9ac7d6c11b16bc199f6a8cbe5b7cdb7bbfbed3fb07652cb26bf0a4,Award Year Summary,State,state,True,4188,[]
ffel,2009-2010,2009,FL_Dashboard_AY2009_2010_Q4.xls,https://studentaid.gov/sites/default/files/FL_Dashboard_AY2009_2010_Q4.xls,2921f3d7fc9ac7d6c11b16bc199f6a8cbe5b7cdb7bbfbed3fb07652cb26bf0a4,Award Year Summary,Zip Code,zip_code,True,4167,[]
ffel,2009-2010,2009,FL_Dashboard_AY2009_2010_Q4.xls,https://studentaid.gov/sites/default/files/FL_Dashboard_AY2009_2010_Q4.xls,2921f3d7fc9ac7d6c11b16bc199f6a8cbe5b7cdb7bbfbed3fb07652cb26bf0a4,Award Year Summary,School Type,school_type,True,4188,[]
ffel,2009-2010,2009,FL_Dashboard_AY2009_2010_Q4.xls,https://studentaid.gov/sites/default/files/FL_Dashboard_AY2009_2010_Q4.xls,2921f3d7fc9ac7d6c11b16bc199f6a8cbe5b7cdb7bbfbed3fb07652cb26bf0a4,Award Year Summary,FFEL SUBSIDIZED | Recipients,subsidized_recipients,True,4188,[]
ffel,2009-2010,2009,FL_Dashboard_AY2009_2010_Q4.xls,https://studentaid.gov/sites/default/files/FL_Dashboard_AY2009_2010_Q4.xls,2921f3d7fc9ac7d6c11b16bc199f6a8cbe5b7cdb7bbfbed3fb07652cb26bf0a4,Award Year Summary,FFEL SUBSIDIZED | # of Loans Originated,subsidized_loans_originated_n,True,4188,[]
ffel,2009-2010,2009,FL_Dashboard_AY2009_2010_Q4.xls,https://studentaid.gov/sites/default/files/FL_Dashboard_AY2009_2010_Q4.xls,2921f3d7fc9ac7d6c11b16bc199f6a8cbe5b7cdb7bbfbed3fb07652cb26bf0a4,Award Year Summary,FFEL SUBSIDIZED | $ of Loans Originated,subsidized_loans_originated_amt,True,4188,[]
ffel,2009-2010,2009,FL_Dashboard_AY2009_2010_Q4.xls,https://studentaid.gov/sites/default/files/FL_Dashboard_AY2009_2010_Q4.xls,2921f3d7fc9ac7d6c11b16bc199f6a8cbe5b7cdb7bbfbed3fb07652cb26bf0a4,Award Year Summary,FFEL SUBSIDIZED | # of Disbursements,subsidized_disbursements_n,True,4188,[]
ffel,2009-2010,2009,FL_Dashboard_AY2009_2010_Q4.xls,https://studentaid.gov/sites/default/files/FL_Dashboard_AY2009_2010_Q4.xls,2921f3d7fc9ac7d6c11b16bc199f6a8cbe5b7cdb7bbfbed3fb07652cb26bf0a4,Award Year Summary,FFEL SUBSIDIZED | $ of Disbursements,subsidized_disbursements,True,4188,[]
ffel,2009-2010,2009,FL_Dashboard_AY2009_2010_Q4.xls,https://studentaid.gov/sites/default/files/FL_Dashboard_AY2009_2010_Q4.xls,2921f3d7fc9ac7d6c11b16bc199f6a8cbe5b7cdb7bbfbed3fb07652cb26bf0a4,Award Year Summary,FFEL UNSUBSIDIZED | Recipients,unsubsidized_recipients,True,4188,[]
ffel,2009-2010,2009,FL_Dashboard_AY2009_2010_Q4.xls,https://studentaid.gov/sites/default/files/FL_Dashboard_AY2009_2010_Q4.xls,2921f3d7fc9ac7d6c11b16bc199f6a8cbe5b7cdb7bbfbed3fb07652cb26bf0a4,Award Year Summary,FFEL UNSUBSIDIZED | # of Loans Originated,unsubsidized_loans_originated_n,True,4188,[]
ffel,2009-2010,2009,FL_Dashboard_AY2009_2010_Q4.xls,https://studentaid.gov/sites/default/files/FL_Dashboard_AY2009_2010_Q4.xls,2921f3d7fc9ac7d6c11b16bc199f6a8cbe5b7cdb7bbfbed3fb07652cb26bf0a4,Award Year Summary,FFEL UNSUBSIDIZED | $ of Loans Originated,unsubsidized_loans_originated_amt,True,4188,[]
ffel,2009-2010,2009,FL_Dashboard_AY2009_2010_Q4.xls,https://studentaid.gov/sites/default/files/FL_Dashboard_AY2009_2010_Q4.xls,2921f3d7fc9ac7d6c11b16bc199f6a8cbe5b7cdb7bbfbed3fb07652cb26bf0a4,Award Year Summary,FFEL UNSUBSIDIZED | # of Disbursements,unsubsidized_disbursements_n,True,4188,[]
ffel,2009-2010,2009,FL_Dashboard_AY2009_2010_Q4.xls,https://studentaid.gov/sites/default/files/FL_Dashboard_AY2009_2010_Q4.xls,2921f3d7fc9ac7d6c11b16bc199f6a8cbe5b7cdb7bbfbed3fb07652cb26bf0a4,Award Year Summary,FFEL UNSUBSIDIZED | $ of Disbursements,unsubsidized_disbursements,True,4188,[]
ffel,2009-2010,2009,FL_Dashboard_AY2009_2010_Q4.xls,https://studentaid.gov/sites/default/files/FL_Dashboard_AY2009_2010_Q4.xls,2921f3d7fc9ac7d6c11b16bc199f6a8cbe5b7cdb7bbfbed3fb07652cb26bf0a4,Award Year Summary,FFEL PARENT PLUS | Recipients,parent_plus_recipients,True,4188,[]
ffel,2009-2010,2009,FL_Dashboard_AY2009_2010_Q4.xls,https://studentaid.gov/sites/default/files/FL_Dashboard_AY2009_2010_Q4.xls,2921f3d7fc9ac7d6c11b16bc199f6a8cbe5b7cdb7bbfbed3fb07652cb26bf0a4,Award Year Summary,FFEL PARENT PLUS | # of Loans Originated,parent_plus_loans_originated_n,True,4188,[]
ffel,2009-2010,2009,FL_Dashboard_AY2009_2010_Q4.xls,https://studentaid.gov/sites/default/files/FL_Dashboard_AY2009_2010_Q4.xls,2921f3d7fc9ac7d6c11b16bc199f6a8cbe5b7cdb7bbfbed3fb07652cb26bf0a4,Award Year Summary,FFEL PARENT PLUS | $ of Loans Originated,parent_plus_loans_originated_amt,True,4188,[]
ffel,2009-2010,2009,FL_Dashboard_AY2009_2010_Q4.xls,https://studentaid.gov/sites/default/files/FL_Dashboard_AY2009_2010_Q4.xls,2921f3d7fc9ac7d6c11b16bc199f6a8cbe5b7cdb7bbfbed3fb07652cb26bf0a4,Award Year Summary,FFEL PARENT PLUS | # of Disbursements,parent_plus_disbursements_n,True,4188,[]
ffel,2009-2010,2009,FL_Dashboard_AY2009_2010_Q4.xls,https://studentaid.gov/sites/default/files/FL_Dashboard_AY2009_2010_Q4.xls,2921f3d7fc9ac7d6c11b16bc199f6a8cbe5b7cdb7bbfbed3fb07652cb26bf0a4,Award Year Summary,FFEL PARENT PLUS | $ of Disbursements,parent_plus_disbursements,True,4188,[]
ffel,2009-2010,2009,FL_Dashboard_AY2009_2010_Q4.xls,https://studentaid.gov/sites/default/files/FL_Dashboard_AY2009_2010_Q4.xls,2921f3d7fc9ac7d6c11b16bc199f6a8cbe5b7cdb7bbfbed3fb07652cb26bf0a4,Award Year Summary,FFEL GRAD PLUS | Recipients,grad_plus_recipients,True,4188,[]
ffel,2009-2010,2009,FL_Dashboard_AY2009_2010_Q4.xls,https://studentaid.gov/sites/default/files/FL_Dashboard_AY2009_2010_Q4.xls,2921f3d7fc9ac7d6c11b16bc199f6a8cbe5b7cdb7bbfbed3fb07652cb26bf0a4,Award Year Summary,FFEL GRAD PLUS | # of Loans Originated,grad_plus_loans_originated_n,True,4188,[]
ffel,2009-2010,2009,FL_Dashboard_AY2009_2010_Q4.xls,https://studentaid.gov/sites/default/files/FL_Dashboard_AY2009_2010_Q4.xls,2921f3d7fc9ac7d6c11b16bc199f6a8cbe5b7cdb7bbfbed3fb07652cb26bf0a4,Award Year Summary,FFEL GRAD PLUS | $ of Loans Originated,grad_plus_loans_originated_amt,True,4188,[]
ffel,2009-2010,2009,FL_Dashboard_AY2009_2010_Q4.xls,https://studentaid.gov/sites/default/files/FL_Dashboard_AY2009_2010_Q4.xls,2921f3d7fc9ac7d6c11b16bc199f6a8cbe5b7cdb7bbfbed3fb07652cb26bf0a4,Award Year Summary,FFEL GRAD PLUS | # of Disbursements,grad_plus_disbursements_n,True,4188,[]
ffel,2009-2010,2009,FL_Dashboard_AY2009_2010_Q4.xls,https://studentaid.gov/sites/default/files/FL_Dashboard_AY2009_2010_Q4.xls,2921f3d7fc9ac7d6c11b16bc199f6a8cbe5b7cdb7bbfbed3fb07652cb26bf0a4,Award Year Summary,FFEL GRAD PLUS | $ of Disbursements,grad_plus_disbursements,True,4188,[]
