opeid8,award_year,source_prefix,raw_postal_token,normalized_postal_token
00137400,2006-2007,grant,65111189,06511-1189
00137400,2007-2008,grant,65111189,06511-1189
00137400,2009-2010,grant,65111189,06511-1189
00137400,2010-2011,grant,65111189,06511-1189
00137400,2011-2012,grant,65111189,06511-1189
00137400,2012-2013,grant,65111189,06511-1189
00137400,2013-2014,grant,65111189,06511-1189
00137800,2006-2007,grant,60502490,06050-2490
00137800,2007-2008,grant,60502490,06050-2490
00137800,2009-2010,grant,60502490,06050-2490
00137800,2010-2011,grant,60502490,06050-2490
00137800,2011-2012,grant,60502490,06050-2490
00137800,2012-2013,grant,60502490,06050-2490
00137800,2013-2014,grant,60502490,06050-2490
00137900,2006-2007,grant,63204196,06320-4196
00137900,2007-2008,grant,63204196,06320-4196
00137900,2009-2010,grant,63204196,06320-4196
00137900,2010-2011,grant,63204196,06320-4196
00137900,2011-2012,grant,63204196,06320-4196
00137900,2012-2013,grant,63204196,06320-4196
00137900,2013-2014,grant,63204196,06320-4196
00138000,2006-2007,grant,68106826,06810-6826
00138000,2007-2008,grant,68106826,06810-6826
00138000,2009-2010,grant,68106826,06810-6826
00138000,2010-2011,grant,68106826,06810-6826
00138000,2011-2012,grant,68106826,06810-6826
00138000,2012-2013,grant,68106826,06810-6826
00138000,2013-2014,grant,68106826,06810-6826
00138500,2006-2007,grant,68245171,06824-5171
00138500,2007-2008,grant,68245171,06824-5171
00138500,2009-2010,grant,68245171,06824-5171
00138500,2010-2011,grant,68245171,06824-5171
00138500,2011-2012,grant,68245171,06824-5171
00138500,2012-2013,grant,68245171,06824-5171
00138500,2013-2014,grant,68245171,06824-5171
00138900,2006-2007,grant,64162005,06416-2005
00138900,2007-2008,grant,64162005,06416-2005
00138900,2009-2010,grant,64162005,06416-2005
00138900,2010-2011,grant,64162027,06416-2027
00138900,2011-2012,grant,64162027,06416-2027
00138900,2012-2013,grant,64162027,06416-2027
00138900,2013-2014,grant,64162027,06416-2027
00139200,2006-2007,grant,60451046,06045-1046
00139200,2007-2008,grant,60451046,06045-1046
00139200,2009-2010,grant,60451046,06045-1046
00139200,2010-2011,grant,60451046,06045-1046
00139200,2011-2012,grant,60451046,06045-1046
00139200,2012-2013,grant,60451046,06045-1046
00139200,2013-2014,grant,60451046,06045-1046
00139300,2006-2007,grant,63204498,06320-4498
00139300,2007-2008,grant,63204498,06320-4498
00139300,2009-2010,grant,63204498,06320-4498
00139300,2010-2011,grant,63204498,06320-4498
00139300,2011-2012,grant,63204498,06320-4498
00139300,2012-2013,grant,63204498,06320-4498
00139300,2013-2014,grant,63204498,06320-4498
00139700,2006-2007,grant,65161999,06516-1999
00139700,2007-2008,grant,65161999,06516-1999
00139700,2009-2010,grant,65161999,06516-1999
00139700,2010-2011,grant,65161999,06516-1999
00139700,2011-2012,grant,65161999,06516-1999
00139700,2012-2013,grant,65161999,06516-1999
00139700,2013-2014,grant,65161999,06516-1999
00139800,2006-2007,grant,60981747,06098-1747
00139800,2007-2008,grant,60981747,06098-1747
00139800,2009-2010,grant,60981747,06098-1747
00139800,2010-2011,grant,60981747,06098-1747
00139800,2011-2012,grant,60981747,06098-1747
00139800,2012-2013,grant,60981747,06098-1747
00139800,2013-2014,grant,60981747,06098-1747
00139900,2006-2007,grant,68541655,06854-1655
00139900,2007-2008,grant,68541655,06854-1655
00139900,2009-2010,grant,68541655,06854-1655
00139900,2010-2011,grant,68541655,06854-1655
00139900,2011-2012,grant,68541655,06854-1655
00139900,2012-2013,grant,68541655,06854-1655
00139900,2013-2014,grant,68541655,06854-1655
00140100,2006-2007,grant,67233240,06723-3240
00140100,2007-2008,grant,67233240,06723-3240
00140100,2009-2010,grant,67233240,06723-3240
00140100,2010-2011,grant,67233240,06723-3240
00140100,2011-2012,grant,67233240,06723-3240
00140100,2012-2013,grant,67233240,06723-3240
00140100,2013-2014,grant,67233240,06723-3240
00140200,2006-2007,grant,65181908,06518-1908
00140200,2007-2008,grant,65181908,06518-1908
00140200,2009-2010,grant,65181908,06518-1908
00140200,2010-2011,grant,65181908,06518-1908
00140200,2011-2012,grant,65181908,06518-1908
00140200,2012-2013,grant,65181908,06518-1908
00140200,2013-2014,grant,65181908,06518-1908
00140300,2006-2007,grant,68251000,06825-1000
00140300,2007-2008,grant,68251000,06825-1000
00140300,2009-2010,grant,68251000,06825-1000
00140300,2010-2011,grant,68251000,06825-1000
00140300,2011-2012,grant,68251000,06825-1000
00140300,2012-2013,grant,68251000,06825-1000
00140300,2013-2014,grant,68251000,06825-1000
00140600,2006-2007,grant,65151355,06515-1355
00140600,2007-2008,grant,65151355,06515-1355
00140600,2009-2010,grant,65151355,06515-1355
00140600,2010-2011,grant,65151355,06515-1355
00140600,2011-2012,grant,65151355,06515-1355
00140600,2012-2013,grant,65151355,06515-1355
00140600,2013-2014,grant,65151355,06515-1355
00140900,2006-2007,grant,61172791,06117-2791
00140900,2007-2008,grant,61172791,06117-2791
00140900,2009-2010,grant,61172791,06117-2791
00140900,2010-2011,grant,61172791,06117-2791
00140900,2011-2012,grant,61172791,06117-2791
00140900,2012-2013,grant,61172791,06117-2791
00140900,2013-2014,grant,61172791,06117-2791
00141400,2006-2007,grant,61063100,06106-3100
00141400,2007-2008,grant,61063100,06106-3100
00141400,2009-2010,grant,61063100,06106-3100
00141400,2010-2011,grant,61063100,06106-3100
00141400,2011-2012,grant,61063100,06106-3100
00141400,2012-2013,grant,61063100,06106-3100
00141400,2013-2014,grant,61063100,06106-3100
00141600,2006-2007,grant,66015650,06601-5650
00141600,2007-2008,grant,66015650,06601-5650
00141600,2009-2010,grant,66015650,06601-5650
00141600,2010-2011,grant,66015650,06601-5650
00141600,2011-2012,grant,66015650,06601-5650
00141600,2012-2013,grant,66015650,06601-5650
00141600,2013-2014,grant,66015650,06601-5650
00141700,2006-2007,grant,62692151,06269-2151
00141700,2007-2008,grant,62692151,06269-2151
00141700,2009-2010,grant,62692151,06269-2151
00141700,2010-2011,grant,62692151,06269-2151
00141700,2011-2012,grant,62692151,06269-2151
00141700,2012-2013,grant,62692151,06269-2151
00141700,2013-2014,grant,62692151,06269-2151
00141704,2009-2010,grant,62692151,06269-2151
00142200,2006-2007,grant,61171599,06117-1599
00142200,2007-2008,grant,61171599,06117-1599
00142200,2009-2010,grant,61171599,06117-1599
00142200,2010-2011,grant,61171599,06117-1599
00142200,2011-2012,grant,61171599,06117-1599
00142200,2012-2013,grant,61171599,06117-1599
00142200,2013-2014,grant,61171599,06117-1599
00142400,2006-2007,grant,64593208,06459-3208
00142400,2007-2008,grant,64593208,06459-3208
00142400,2009-2010,grant,64593208,06459-3208
00142400,2010-2011,grant,64593208,06459-3208
00142400,2011-2012,grant,64593208,06459-3208
00142400,2012-2013,grant,64593208,06459-3208
00142400,2013-2014,grant,64593208,06459-3208
00142500,2006-2007,grant,62262295,06226-2295
00142500,2007-2008,grant,62262295,06226-2295
00142500,2009-2010,grant,62262295,06226-2295
00142500,2010-2011,grant,62262295,06226-2295
00142500,2011-2012,grant,62262295,06226-2295
00142500,2012-2013,grant,62262295,06226-2295
00142500,2013-2014,grant,62262295,06226-2295
00142600,2006-2007,grant,65208288,06520-8288
00142600,2007-2008,grant,65208288,06520-8288
00142600,2009-2010,grant,65208288,06520-8288
00142600,2010-2011,grant,65208288,06520-8288
00142600,2011-2012,grant,65208288,06520-8288
00142600,2012-2013,grant,65208288,06520-8288
00142600,2013-2014,grant,65208229,06520-8229
00203300,2006-2007,grant,47692888,04769-2888
00203300,2007-2008,grant,47692888,04769-2888
00203300,2009-2010,grant,47692888,04769-2888
00203300,2010-2011,grant,47692888,04769-2888
00203300,2011-2012,grant,47692888,04769-2888
00203300,2012-2013,grant,47692888,04769-2888
00203300,2013-2014,grant,47692888,04769-2888
00203500,2006-2007,grant,44020411,04402-0411
00203500,2007-2008,grant,44020411,04402-0411
00203500,2009-2010,grant,44020411,04402-0411
00203500,2010-2011,grant,44020411,04402-0411
00203600,2006-2007,grant,42406028,04240-6028
00203600,2007-2008,grant,42406028,04240-6028
00203600,2009-2010,grant,42406028,04240-6028
00203600,2010-2011,grant,42406028,04240-6028
00203600,2011-2012,grant,42406028,04240-6028
00203600,2012-2013,grant,42406028,04240-6028
00203600,2013-2014,grant,42406028,04240-6028
00203800,2006-2007,grant,40118451,04011-8451
00203800,2007-2008,grant,40118451,04011-8451
00203800,2009-2010,grant,40118451,04011-8451
00203800,2010-2011,grant,40118451,04011-8451
00203800,2011-2012,grant,40118451,04011-8451
00203800,2012-2013,grant,40118451,04011-8451
00203800,2013-2014,grant,40118451,04011-8451
00203900,2006-2007,grant,49018840,04901-8840
00203900,2007-2008,grant,49018840,04901-8840
00203900,2009-2010,grant,49018840,04901-8840
00203900,2010-2011,grant,49018840,04901-8840
00203900,2011-2012,grant,49018840,04901-8840
00203900,2012-2013,grant,49018840,04901-8840
00203900,2013-2014,grant,49018840,04901-8840
00204000,2006-2007,grant,49381990,04938-1990
00204000,2007-2008,grant,49381990,04938-1990
00204000,2009-2010,grant,49381990,04938-1990
00204000,2010-2011,grant,49381990,04938-1990
00204000,2011-2012,grant,49381990,04938-1990
00204000,2012-2013,grant,49381990,04938-1990
00204000,2013-2014,grant,49381990,04938-1990
00204100,2006-2007,grant,47431292,04743-1292
00204100,2007-2008,grant,47431292,04743-1292
00204100,2009-2010,grant,47431292,04743-1292
00204100,2010-2011,grant,47431292,04743-1292
00204100,2011-2012,grant,47431292,04743-1292
00204100,2012-2013,grant,47431292,04743-1292
00204100,2013-2014,grant,47431292,04743-1292
00204300,2006-2007,grant,44012999,04401-2999
00204300,2007-2008,grant,44012999,04401-2999
00204300,2009-2010,grant,44012999,04401-2999
00204300,2010-2011,grant,44012999,04401-2999
00204300,2011-2012,grant,44012999,04401-2999
00204300,2012-2013,grant,44012999,04401-2999
00204300,2013-2014,grant,44012999,04401-2999
00204400,2006-2007,grant,44200001,04420-0001
00204400,2007-2008,grant,44200001,04420-0001
00204400,2009-2010,grant,44200001,04420-0001
00204400,2010-2011,grant,44200001,04420-0001
00204400,2011-2012,grant,44200001,04420-0001
00204400,2012-2013,grant,44200001,04420-0001
00204400,2013-2014,grant,44200001,04420-0001
00205000,2006-2007,grant,40059599,04005-9599
00205000,2007-2008,grant,40059599,04005-9599
00205000,2009-2010,grant,40059599,04005-9599
00205000,2010-2011,grant,40059599,04005-9599
00205000,2011-2012,grant,40059599,04005-9599
00205000,2012-2013,grant,40059599,04005-9599
00205000,2013-2014,grant,40059599,04005-9599
00205100,2006-2007,grant,40845263,04084-5263
00205100,2007-2008,grant,40845263,04084-5263
00205100,2009-2010,grant,40845263,04084-5263
00205100,2010-2011,grant,40845236,04084-5236
00205100,2011-2012,grant,40845236,04084-5236
00205100,2012-2013,grant,40845236,04084-5236
00205100,2013-2014,grant,40845236,04084-5236
00205200,2006-2007,grant,49015097,04901-5097
00205200,2007-2008,grant,49015097,04901-5097
00205200,2009-2010,grant,49015097,04901-5097
00205200,2010-2011,grant,49015097,04901-5097
00205200,2011-2012,grant,49015097,04901-5097
00205200,2012-2013,grant,49015097,04901-5097
00205200,2013-2014,grant,49015097,04901-5097
00205300,2006-2007,grant,44690001,04469-0001
00205300,2007-2008,grant,44690001,04469-0001
00205300,2009-2010,grant,44690001,04469-0001
00205300,2010-2011,grant,44690001,04469-0001
00205300,2011-2012,grant,44690001,04469-0001
00205300,2012-2013,grant,44690001,04469-0001
00205300,2013-2014,grant,44690001,04469-0001
00205400,2006-2007,grant,41044864,04104-4864
00205400,2007-2008,grant,41044864,04104-4864
00205400,2009-2010,grant,41044864,04104-4864
00205400,2010-2011,grant,41044864,04104-4864
00205400,2011-2012,grant,41044864,04104-4864
00205400,2012-2013,grant,41049301,04104-9301
00205400,2013-2014,grant,41049301,04104-9301
00205500,2006-2007,grant,46541397,04654-1397
00205500,2007-2008,grant,46541397,04654-1397
00205500,2009-2010,grant,46541397,04654-1397
00205500,2010-2011,grant,46541397,04654-1397
00205500,2011-2012,grant,46541397,04654-1397
00205500,2012-2013,grant,46541397,04654-1397
00205500,2013-2014,grant,46541397,04654-1397
00211400,2006-2007,grant,11093189,01109-3189
00211400,2007-2008,grant,11093189,01109-3189
00211400,2009-2010,grant,11093189,01109-3189
00211400,2010-2011,grant,11093189,01109-3189
00211400,2011-2012,grant,11093189,01109-3189
00211400,2012-2013,grant,11093189,01109-3189
00211400,2013-2014,grant,11093189,01109-3189
00211500,2006-2007,grant,10025000,01002-5000
00211500,2007-2008,grant,10025000,01002-5000
00211500,2009-2010,grant,10025000,01002-5000
00211500,2010-2011,grant,10025000,01002-5000
00211500,2011-2012,grant,10025000,01002-5000
00211500,2012-2013,grant,10025000,01002-5000
00211500,2013-2014,grant,10025000,01002-5000
00211700,2006-2007,grant,16121198,01612-1198
00211700,2007-2008,grant,16121198,01612-1198
00211700,2009-2010,grant,16121198,01612-1198
00211700,2010-2011,grant,16121198,01612-1198
00211700,2011-2012,grant,16121198,01612-1198
00211700,2012-2013,grant,16121198,01612-1198
00211700,2013-2014,grant,16121198,01612-1198
00211800,2006-2007,grant,16151294,01615-1294
00211800,2007-2008,grant,16151294,01615-1294
00211800,2009-2010,grant,16151294,01615-1294
00211800,2010-2011,grant,16151294,01615-1294
00211800,2011-2012,grant,16151294,01615-1294
00211800,2012-2013,grant,16151294,01615-1294
00211800,2013-2014,grant,16151294,01615-1294
00211900,2006-2007,grant,15611000,01561-1000
00211900,2007-2008,grant,15611000,01561-1000
00211900,2009-2010,grant,15611000,01561-1000
00211900,2010-2011,grant,15611000,01561-1000
00211900,2011-2012,grant,15611000,01561-1000
00212000,2006-2007,grant,18455800,01845-5800
00212000,2007-2008,grant,18455800,01845-5800
00212000,2009-2010,grant,18455800,01845-5800
00212000,2010-2011,grant,18455800,01845-5800
00212000,2011-2012,grant,18455800,01845-5800
00212000,2012-2013,grant,18455800,01845-5800
00212000,2013-2014,grant,18455800,01845-5800
00212100,2006-2007,grant,24570310,02457-0310
00212100,2007-2008,grant,24570310,02457-0310
00212100,2009-2010,grant,24570310,02457-0310
00212100,2010-2011,grant,24570310,02457-0310
00212100,2011-2012,grant,24570310,02457-0310
00212100,2012-2013,grant,24570310,02457-0310
00212100,2013-2014,grant,24570310,02457-0310
00212200,2006-2007,grant,11062212,01106-2212
00212200,2007-2008,grant,11062212,01106-2212
00212200,2009-2010,grant,11062212,01106-2212
00212200,2010-2011,grant,11062212,01106-2212
00212200,2011-2012,grant,11062212,01106-2212
00212200,2012-2013,grant,11062212,01106-2212
00212200,2013-2014,grant,11062212,01106-2212
00212300,2006-2007,grant,16150071,01615-0071
00212300,2007-2008,grant,16150071,01615-0071
00212300,2009-2010,grant,16150071,01615-0071
00212300,2010-2011,grant,16150071,01615-0071
00212300,2011-2012,grant,16150071,01615-0071
00212300,2012-2013,grant,16150071,01615-0071
00212300,2013-2014,grant,16150071,01615-0071
00212400,2006-2007,grant,24524705,02452-4705
00212400,2007-2008,grant,24524705,02452-4705
00212400,2009-2010,grant,24524705,02452-4705
00212400,2010-2011,grant,24524705,02452-4705
00212400,2011-2012,grant,24524705,02452-4705
00212400,2012-2013,grant,24524705,02452-4705
00212400,2013-2014,grant,24524705,02452-4705
00212600,2006-2007,grant,22153693,02215-3693
00212600,2007-2008,grant,22153693,02215-3693
00212600,2009-2010,grant,22153693,02215-3693
00212600,2010-2011,grant,22153693,02215-3693
00212600,2011-2012,grant,22153693,02215-3693
00212600,2012-2013,grant,22153693,02215-3693
00212600,2013-2014,grant,22153693,02215-3693
00212800,2006-2007,grant,24673800,02467-3800
00212800,2007-2008,grant,24673800,02467-3800
00212800,2009-2010,grant,24673800,02467-3800
00212800,2010-2011,grant,24673800,02467-3800
00212800,2011-2012,grant,24673800,02467-3800
00212800,2012-2013,grant,24673800,02467-3800
00212800,2013-2014,grant,24673800,02467-3800
00212900,2006-2007,grant,22159830,02215-9830
00212900,2007-2008,grant,22159830,02215-9830
00212900,2009-2010,grant,22159830,02215-9830
00212900,2010-2011,grant,22159830,02215-9830
00212900,2011-2012,grant,22159830,02215-9830
00212900,2012-2013,grant,22159830,02215-9830
00212900,2013-2014,grant,22159830,02215-9830
00213000,2006-2007,grant,22151789,02215-1789
00213000,2007-2008,grant,22151789,02215-1789
00213000,2009-2010,grant,22151789,02215-1789
00213000,2010-2011,grant,22151789,02215-1789
00213000,2011-2012,grant,22151789,02215-1789
00213000,2012-2013,grant,22151789,02215-1789
00213000,2013-2014,grant,22151789,02215-1789
00213300,2006-2007,grant,24532700,02453-2700
00213300,2007-2008,grant,24532700,02453-2700
00213300,2009-2010,grant,24532700,02453-2700
00213300,2010-2011,grant,24532700,02453-2700
00213300,2011-2012,grant,24532700,02453-2700
00213300,2012-2013,grant,24532700,02453-2700
00213300,2013-2014,grant,24532728,02453-2728
00213900,2006-2007,grant,16101473,01610-1473
00213900,2007-2008,grant,16101473,01610-1473
00213900,2009-2010,grant,16101473,01610-1473
00213900,2010-2011,grant,16101473,01610-1473
00213900,2011-2012,grant,16101473,01610-1473
00213900,2012-2013,grant,16101473,01610-1473
00213900,2013-2014,grant,16101473,01610-1473
00214000,2006-2007,grant,10132839,01013-2839
00214000,2007-2008,grant,10132839,01013-2839
00214000,2009-2010,grant,10132839,01013-2839
00214000,2010-2011,grant,10132839,01013-2839
00214000,2011-2012,grant,10132839,01013-2839
00214000,2012-2013,grant,10132839,01013-2839
00214000,2013-2014,grant,10132839,01013-2839
00214100,2006-2007,grant,16102395,01610-2395
00214100,2007-2008,grant,16102395,01610-2395
00214100,2009-2010,grant,16102395,01610-2395
00214100,2010-2011,grant,16102395,01610-2395
00214100,2011-2012,grant,16102395,01610-2395
00214100,2012-2013,grant,16102395,01610-2395
00214100,2013-2014,grant,16102395,01610-2395
00214300,2006-2007,grant,21862395,02186-2395
00214300,2007-2008,grant,21862395,02186-2395
00214300,2009-2010,grant,21862395,02186-2395
00214300,2010-2011,grant,21862395,02186-2395
00214300,2011-2012,grant,21862395,02186-2395
00214300,2012-2013,grant,21862395,02186-2395
00214300,2013-2014,grant,21862395,02186-2395
00214400,2006-2007,grant,20381994,02038-1994
00214400,2007-2008,grant,20381994,02038-1994
00214400,2009-2010,grant,20381994,02038-1994
00214400,2010-2011,grant,20381994,02038-1994
00214400,2011-2012,grant,20381994,02038-1994
00214400,2012-2013,grant,20381994,02038-1994
00214400,2013-2014,grant,20381994,02038-1994
00214500,2006-2007,grant,21702999,02170-2999
00214500,2007-2008,grant,21702999,02170-2999
00214500,2009-2010,grant,21702999,02170-2999
00214500,2010-2011,grant,21702999,02170-2999
00214500,2011-2012,grant,21702999,02170-2999
00214500,2012-2013,grant,21702999,02170-2999
00214500,2013-2014,grant,21702999,02170-2999
00214600,2006-2007,grant,21164624,02116-4624
00214600,2007-2008,grant,21164624,02116-4624
00214600,2009-2010,grant,21164624,02116-4624
00214600,2010-2011,grant,21164624,02116-4624
00214600,2011-2012,grant,21164624,02116-4624
00214600,2012-2013,grant,21164624,02116-4624
00214600,2013-2014,grant,21164624,02116-4624
00214700,2006-2007,grant,21155798,02115-5798
00214700,2007-2008,grant,21155798,02115-5798
00214700,2009-2010,grant,21155798,02115-5798
00214700,2010-2011,grant,21155798,02115-5798
00214700,2011-2012,grant,21155798,02115-5798
00214700,2012-2013,grant,21155798,02115-5798
00214700,2013-2014,grant,21155798,02115-5798
00214800,2006-2007,grant,19152098,01915-2098
00214800,2007-2008,grant,19152098,01915-2098
00214800,2009-2010,grant,19152098,01915-2098
00214800,2010-2011,grant,19152098,01915-2098
00214800,2011-2012,grant,19152098,01915-2098
00214800,2012-2013,grant,19152098,01915-2098
00214800,2013-2014,grant,19152098,01915-2098
00215000,2006-2007,grant,21161500,02116-1500
00215000,2007-2008,grant,21161500,02116-1500
00215000,2009-2010,grant,21161500,02116-1500
00215000,2010-2011,grant,21161500,02116-1500
00215000,2011-2012,grant,21161500,02116-1500
00215000,2012-2013,grant,21161500,02116-1500
00215000,2013-2014,grant,21161500,02116-1500
00215100,2006-2007,grant,21166296,02116-6296
00215100,2007-2008,grant,21166296,02116-6296
00215100,2009-2010,grant,21166296,02116-6296
00215100,2010-2011,grant,21166296,02116-6296
00215100,2011-2012,grant,21166296,02116-6296
00215100,2012-2013,grant,21166296,02116-6296
00215100,2013-2014,grant,21166296,02116-6296
00215300,2006-2007,grant,19841899,01984-1899
00215300,2007-2008,grant,19841899,01984-1899
00215300,2009-2010,grant,19841899,01984-1899
00215300,2010-2011,grant,19841899,01984-1899
00215300,2011-2012,grant,19841899,01984-1899
00215300,2012-2013,grant,19841899,01984-1899
00215300,2013-2014,grant,19841899,01984-1899
00215400,2006-2007,grant,24457496,02445-7496
00215400,2007-2008,grant,24457496,02445-7496
00215400,2009-2010,grant,24457496,02445-7496
00215400,2010-2011,grant,24457496,02445-7496
00215400,2011-2012,grant,24457496,02445-7496
00215400,2012-2013,grant,24457496,02445-7496
00215400,2013-2014,grant,24457496,02445-7496
00215500,2006-2007,grant,21383800,02138-3800
00215500,2007-2008,grant,21383800,02138-3800
00215500,2009-2010,grant,21383800,02138-3800
00215500,2010-2011,grant,21383800,02138-3800
00215500,2011-2012,grant,21383800,02138-3800
00215500,2012-2013,grant,21383800,02138-3800
00215500,2013-2014,grant,21383800,02138-3800
00215700,2007-2008,grant,24592237,02459-2237
00215700,2009-2010,grant,24592237,02459-2237
00215700,2010-2011,grant,24592237,02459-2237
00215700,2011-2012,grant,24592237,02459-2237
00215700,2012-2013,grant,24592237,02459-2237
00215700,2013-2014,grant,24592237,02459-2237
00215800,2006-2007,grant,24662716,02466-2716
00215800,2007-2008,grant,24662716,02466-2716
00215800,2009-2010,grant,24662716,02466-2716
00215800,2010-2011,grant,24662716,02466-2716
00215800,2011-2012,grant,24662716,02466-2716
00215800,2012-2013,grant,24662716,02466-2716
00215800,2013-2014,grant,24662716,02466-2716
00216000,2006-2007,grant,21382790,02138-2790
00216000,2007-2008,grant,21382790,02138-2790
00216000,2009-2010,grant,21382790,02138-2790
00216000,2010-2011,grant,21382790,02138-2790
00216000,2011-2012,grant,21382790,02138-2790
00216000,2012-2013,grant,21382790,02138-2790
00216000,2013-2014,grant,21382790,02138-2790
00216100,2006-2007,grant,18542881,01854-2881
00216100,2007-2008,grant,18542881,01854-2881
00216100,2009-2010,grant,18542881,01854-2881
00216100,2010-2011,grant,18542881,01854-2881
00216100,2011-2012,grant,18542881,01854-2881
00216100,2012-2013,grant,18542881,01854-2881
00216100,2013-2014,grant,18542881,01854-2881
00216500,2006-2007,grant,21155804,02115-5804
00216500,2007-2008,grant,21155804,02115-5804
00216500,2009-2010,grant,21155804,02115-5804
00216500,2010-2011,grant,21155804,02115-5804
00216500,2011-2012,grant,21155804,02115-5804
00216500,2012-2013,grant,21155804,02115-5804
00216500,2013-2014,grant,21155804,02115-5804
00216700,2006-2007,grant,12015786,01201-5786
00216700,2007-2008,grant,12015786,01201-5786
00216700,2009-2010,grant,12015786,01201-5786
00216700,2010-2011,grant,12015786,01201-5786
00216700,2011-2012,grant,12015786,01201-5786
00216700,2012-2013,grant,12015786,01201-5786
00216700,2013-2014,grant,12015786,01201-5786
00216800,2006-2007,grant,26681599,02668-1599
00216800,2007-2008,grant,26681599,02668-1599
00216800,2009-2010,grant,26681599,02668-1599
00216800,2010-2011,grant,26681599,02668-1599
00216800,2011-2012,grant,26681599,02668-1599
00216800,2012-2013,grant,26681599,02668-1599
00216800,2013-2014,grant,26681599,02668-1599
00216900,2006-2007,grant,13019739,01301-9739
00216900,2007-2008,grant,13019739,01301-9739
00216900,2009-2010,grant,13019739,01301-9739
00216900,2010-2011,grant,13019739,01301-9739
00216900,2011-2012,grant,13019739,01301-9739
00216900,2012-2013,grant,13019739,01301-9739
00216900,2013-2014,grant,13019739,01301-9739
00217000,2006-2007,grant,10401099,01040-1099
00217000,2007-2008,grant,10401099,01040-1099
00217000,2009-2010,grant,10401099,01040-1099
00217000,2010-2011,grant,10401099,01040-1099
00217000,2011-2012,grant,10401099,01040-1099
00217000,2012-2013,grant,10401099,01040-1099
00217000,2013-2014,grant,10401099,01040-1099
00217100,2006-2007,grant,24815399,02481-5399
00217100,2007-2008,grant,24815399,02481-5399
00217100,2009-2010,grant,24815399,02481-5399
00217100,2010-2011,grant,24815399,02481-5399
00217100,2011-2012,grant,24815399,02481-5399
00217100,2012-2013,grant,24815399,02481-5399
00217100,2013-2014,grant,24815399,02481-5399
00217200,2006-2007,grant,14401000,01440-1000
00217200,2007-2008,grant,14401000,01440-1000
00217200,2009-2010,grant,14401000,01440-1000
00217200,2010-2011,grant,14401000,01440-1000
00217200,2011-2012,grant,14401000,01440-1000
00217200,2012-2013,grant,14401000,01440-1000
00217200,2013-2014,grant,14401000,01440-1000
00217300,2006-2007,grant,19234093,01923-4093
00217300,2007-2008,grant,19234093,01923-4093
00217300,2009-2010,grant,19234093,01923-4093
00217300,2010-2011,grant,19234093,01923-4093
00217300,2011-2012,grant,19234093,01923-4093
00217300,2012-2013,grant,19234093,01923-4093
00217300,2013-2014,grant,19234093,01923-4093
00217400,2006-2007,grant,18302399,01830-2399
00217400,2007-2008,grant,18302399,01830-2399
00217400,2009-2010,grant,18302399,01830-2399
00217400,2010-2011,grant,18302399,01830-2399
00217400,2011-2012,grant,18302399,01830-2399
00217400,2012-2013,grant,18302399,01830-2399
00217400,2013-2014,grant,18302399,01830-2399
00217500,2006-2007,grant,16062092,01606-2092
00217500,2007-2008,grant,16062092,01606-2092
00217500,2009-2010,grant,16062092,01606-2092
00217500,2010-2011,grant,16062092,01606-2092
00217500,2011-2012,grant,16062092,01606-2092
00217500,2012-2013,grant,16062092,01606-2092
00217500,2013-2014,grant,16062092,01606-2092
00217600,2006-2007,grant,27207399,02720-7399
00217600,2007-2008,grant,27207399,02720-7399
00217600,2009-2010,grant,27207399,02720-7399
00217600,2010-2011,grant,27207399,02720-7399
00217600,2011-2012,grant,27207399,02720-7399
00217600,2012-2013,grant,27207399,02720-7399
00217600,2013-2014,grant,27207399,02720-7399
00217700,2006-2007,grant,23023996,02302-3996
00217700,2007-2008,grant,23023996,02302-3996
00217700,2009-2010,grant,23023996,02302-3996
00217700,2010-2011,grant,23023996,02302-3996
00217700,2011-2012,grant,23023996,02302-3996
00217700,2012-2013,grant,23023996,02302-3996
00217700,2013-2014,grant,23023996,02302-3996
00217800,2006-2007,grant,21394307,02139-4307
00217800,2007-2008,grant,21394307,02139-4307
00217800,2009-2010,grant,21394307,02139-4307
00217800,2010-2011,grant,21394307,02139-4307
00217800,2011-2012,grant,21394307,02139-4307
00217800,2012-2013,grant,21394307,02139-4307
00217800,2013-2014,grant,21394307,02139-4307
00218000,2006-2007,grant,21155803,02115-5803
00218000,2007-2008,grant,21155803,02115-5803
00218000,2009-2010,grant,21155803,02115-5803
00218000,2010-2011,grant,21155803,02115-5803
00218000,2011-2012,grant,21155803,02115-5803
00218000,2012-2013,grant,21155803,02115-5803
00218000,2013-2014,grant,21155803,02115-5803
00218100,2006-2007,grant,25323400,02532-3400
00218100,2007-2008,grant,25323400,02532-3400
00218100,2009-2010,grant,25323400,02532-3400
00218100,2010-2011,grant,25323400,02532-3400
00218100,2011-2012,grant,25323400,02532-3400
00218100,2012-2013,grant,25323400,02532-3400
00218100,2013-2014,grant,25323400,02532-3400
00218300,2006-2007,grant,23250001,02325-0001
00218300,2007-2008,grant,23250001,02325-0001
00218300,2009-2010,grant,23250001,02325-0001
00218300,2010-2011,grant,23250001,02325-0001
00218300,2011-2012,grant,23250001,02325-0001
00218300,2012-2013,grant,23250001,02325-0001
00218300,2013-2014,grant,23250001,02325-0001
00218400,2006-2007,grant,14202697,01420-2697
00218400,2007-2008,grant,14202697,01420-2697
00218400,2009-2010,grant,14202697,01420-2697
00218400,2010-2011,grant,14202697,01420-2697
00218400,2011-2012,grant,14202697,01420-2697
00218400,2012-2013,grant,14202697,01420-2697
00218400,2013-2014,grant,14202697,01420-2697
00218500,2006-2007,grant,17022471,01702-2471
00218500,2007-2008,grant,17022471,01702-2471
00218500,2009-2010,grant,17022471,01702-2471
00218500,2010-2011,grant,17022471,01702-2471
00218500,2011-2012,grant,17022471,01702-2471
00218500,2012-2013,grant,17022471,01702-2471
00218500,2013-2014,grant,17022471,01702-2471
00218700,2006-2007,grant,12474100,01247-4100
00218700,2007-2008,grant,12474100,01247-4100
00218700,2009-2010,grant,12474100,01247-4100
00218700,2010-2011,grant,12474100,01247-4100
00218700,2011-2012,grant,12474100,01247-4100
00218700,2012-2013,grant,12474100,01247-4100
00218700,2013-2014,grant,12474100,01247-4100
00218800,2006-2007,grant,19705353,01970-5353
00218800,2007-2008,grant,19705353,01970-5353
00218800,2009-2010,grant,19705353,01970-5353
00218800,2010-2011,grant,19705353,01970-5353
00218800,2011-2012,grant,19705353,01970-5353
00218800,2012-2013,grant,19705353,01970-5353
00218800,2013-2014,grant,19705353,01970-5353
00218900,2006-2007,grant,10861630,01086-1630
00218900,2007-2008,grant,10861630,01086-1630
00218900,2009-2010,grant,10861630,01086-1630
00218900,2010-2011,grant,10861630,01086-1630
00218900,2011-2012,grant,10861630,01086-1630
00218900,2012-2013,grant,10861630,01086-1630
00218900,2013-2014,grant,10861630,01086-1630
00219000,2006-2007,grant,16022597,01602-2597
00219000,2007-2008,grant,16022597,01602-2597
00219000,2009-2010,grant,16022597,01602-2597
00219000,2010-2011,grant,16022597,01602-2597
00219000,2011-2012,grant,16022597,01602-2597
00219000,2012-2013,grant,16022597,01602-2597
00219000,2013-2014,grant,16022597,01602-2597
00219200,2006-2007,grant,10751492,01075-1492
00219200,2007-2008,grant,10751492,01075-1492
00219200,2009-2010,grant,10751492,01075-1492
00219200,2010-2011,grant,10751492,01075-1492
00219200,2011-2012,grant,10751492,01075-1492
00219200,2012-2013,grant,10751492,01075-1492
00219200,2013-2014,grant,10751492,01075-1492
00219300,2006-2007,grant,24593323,02459-3323
00219300,2007-2008,grant,24593323,02459-3323
00219300,2009-2010,grant,24593323,02459-3323
00219300,2010-2011,grant,24593323,02459-3323
00219300,2011-2012,grant,24593323,02459-3323
00219300,2012-2013,grant,24593323,02459-3323
00219300,2013-2014,grant,24593323,02459-3323
00219400,2006-2007,grant,21155018,02115-5018
00219400,2007-2008,grant,21155018,02115-5018
00219400,2009-2010,grant,21155018,02115-5018
00219400,2010-2011,grant,21155018,02115-5018
00219400,2011-2012,grant,21155018,02115-5018
00219400,2012-2013,grant,21155018,02115-5018
00219400,2013-2014,grant,21155018,02115-5018
00219700,2006-2007,grant,15716346,01571-6346
00219700,2007-2008,grant,15716346,01571-6346
00219700,2009-2010,grant,15716346,01571-6346
00219700,2010-2011,grant,15716346,01571-6346
00219700,2011-2012,grant,15716346,01571-6346
00219700,2012-2013,grant,15716346,01571-6346
00219700,2013-2014,grant,15716346,01571-6346
00219900,2006-2007,grant,21155000,02115-5000
00219900,2007-2008,grant,21155000,02115-5000
00219900,2009-2010,grant,21155000,02115-5000
00219900,2010-2011,grant,21155000,02115-5000
00219900,2011-2012,grant,21155000,02115-5000
00219900,2012-2013,grant,21155000,02115-5000
00219900,2013-2014,grant,21155000,02115-5000
00220100,2006-2007,grant,24672332,02467-2332
00220100,2007-2008,grant,24672332,02467-2332
00220100,2009-2010,grant,24672332,02467-2332
00220100,2010-2011,grant,24672332,02467-2332
00220100,2011-2012,grant,24672332,02467-2332
00220100,2012-2013,grant,24672332,02467-2332
00220100,2013-2014,grant,24672332,02467-2332
00220500,2006-2007,grant,21694501,02169-4501
00220500,2007-2008,grant,21694501,02169-4501
00220500,2009-2010,grant,21694501,02169-4501
00220500,2010-2011,grant,21694324,02169-4324
00220500,2011-2012,grant,21694324,02169-4324
00220500,2012-2013,grant,21694324,02169-4324
00220500,2013-2014,grant,21694324,02169-4324
00220600,2006-2007,grant,24931571,02493-1571
00220600,2007-2008,grant,24931571,02493-1571
00220600,2009-2010,grant,24931571,02493-1571
00220600,2010-2011,grant,24931571,02493-1571
00220600,2011-2012,grant,24931571,02493-1571
00220600,2012-2013,grant,24931571,02493-1571
00220600,2013-2014,grant,24931571,02493-1571
00220800,2006-2007,grant,21155898,02115-5898
00220800,2007-2008,grant,21155898,02115-5898
00220800,2009-2010,grant,21155898,02115-5898
00220800,2010-2011,grant,21155898,02115-5898
00220800,2011-2012,grant,21155898,02115-5898
00220800,2012-2013,grant,21155898,02115-5898
00220800,2013-2014,grant,21155898,02115-5898
00220900,2006-2007,grant,10632936,01063-2936
00220900,2007-2008,grant,10632936,01063-2936
00220900,2009-2010,grant,10632936,01063-2936
00220900,2010-2011,grant,10632936,01063-2936
00220900,2011-2012,grant,10632936,01063-2936
00220900,2012-2013,grant,10632936,01063-2936
00220900,2013-2014,grant,10632936,01063-2936
00221000,2006-2007,grant,27472300,02747-2300
00221000,2007-2008,grant,27472300,02747-2300
00221000,2009-2010,grant,27472300,02747-2300
00221000,2010-2011,grant,27472300,02747-2300
00221000,2011-2012,grant,27472300,02747-2300
00221000,2012-2013,grant,27472300,02747-2300
00221000,2013-2014,grant,27472300,02747-2300
00221100,2006-2007,grant,11093797,01109-3797
00221100,2007-2008,grant,11093797,01109-3797
00221100,2009-2010,grant,11093797,01109-3797
00221100,2010-2011,grant,11093797,01109-3797
00221100,2011-2012,grant,11093797,01109-3797
00221100,2012-2013,grant,11093797,01109-3797
00221100,2013-2014,grant,11093797,01109-3797
00221400,2011-2012,grant,21358839,02135-8839
00221700,2006-2007,grant,23576110,02357-6110
00221700,2007-2008,grant,23576110,02357-6110
00221700,2009-2010,grant,23576110,02357-6110
00221700,2010-2011,grant,23576110,02357-6110
00221700,2011-2012,grant,23576110,02357-6110
00221700,2012-2013,grant,23576110,02357-6110
00221700,2013-2014,grant,23576110,02357-6110
00221800,2006-2007,grant,21082770,02108-2770
00221800,2007-2008,grant,21082770,02108-2770
00221800,2009-2010,grant,21082770,02108-2770
00221800,2010-2011,grant,21082770,02108-2770
00221800,2011-2012,grant,21082770,02108-2770
00221800,2012-2013,grant,21082770,02108-2770
00221800,2013-2014,grant,21082770,02108-2770
00221900,2006-2007,grant,21555808,02155-5808
00221900,2007-2008,grant,21555808,02155-5808
00221900,2009-2010,grant,21555808,02155-5808
00221900,2010-2011,grant,21555808,02155-5808
00221900,2011-2012,grant,21555808,02155-5808
00221900,2012-2013,grant,21555808,02155-5808
00221900,2013-2014,grant,21555808,02155-5808
00222100,2006-2007,grant,10030000,01003-0000
00222100,2007-2008,grant,10030000,01003-0000
00222100,2009-2010,grant,10030000,01003-0000
00222100,2010-2011,grant,10030000,01003-0000
00222100,2011-2012,grant,10030000,01003-0000
00222100,2012-2013,grant,10030000,01003-0000
00222100,2013-2014,grant,10030000,01003-0000
00222200,2006-2007,grant,21253393,02125-3393
00222200,2007-2008,grant,21253393,02125-3393
00222200,2009-2010,grant,21253393,02125-3393
00222200,2010-2011,grant,21253393,02125-3393
00222200,2011-2012,grant,21253393,02125-3393
00222200,2012-2013,grant,21253393,02125-3393
00222200,2013-2014,grant,21253393,02125-3393
00222400,2006-2007,grant,24818203,02481-8203
00222400,2007-2008,grant,24818203,02481-8203
00222400,2009-2010,grant,24818203,02481-8203
00222400,2010-2011,grant,24818203,02481-8203
00222400,2011-2012,grant,24818203,02481-8203
00222400,2012-2013,grant,24818203,02481-8203
00222400,2013-2014,grant,24818203,02481-8203
00222500,2006-2007,grant,21155998,02115-5998
00222500,2007-2008,grant,21155998,02115-5998
00222500,2009-2010,grant,21155998,02115-5998
00222500,2010-2011,grant,21155998,02115-5998
00222500,2011-2012,grant,21155998,02115-5998
00222500,2012-2013,grant,21155998,02115-5998
00222500,2013-2014,grant,21155998,02115-5998
00222600,2006-2007,grant,11192654,01119-2654
00222600,2007-2008,grant,11192654,01119-2654
00222600,2009-2010,grant,11192654,01119-2654
00222600,2010-2011,grant,11192654,01119-2654
00222600,2011-2012,grant,11192654,01119-2654
00222600,2012-2013,grant,11192654,01119-2654
00222600,2013-2014,grant,11192654,01119-2654
00222700,2006-2007,grant,27662322,02766-2322
00222700,2007-2008,grant,27662322,02766-2322
00222700,2009-2010,grant,27662322,02766-2322
00222700,2010-2011,grant,27662322,02766-2322
00222700,2011-2012,grant,27662322,02766-2322
00222700,2012-2013,grant,27662322,02766-2322
00222700,2013-2014,grant,27662322,02766-2322
00222800,2006-2007,grant,22154176,02215-4176
00222800,2007-2008,grant,22154176,02215-4176
00222800,2009-2010,grant,22154176,02215-4176
00222800,2010-2011,grant,22154176,02215-4176
00222800,2011-2012,grant,22154176,02215-4176
00222800,2012-2013,grant,22154176,02215-4176
00222800,2013-2014,grant,22154176,02215-4176
00222900,2006-2007,grant,12672600,01267-2600
00222900,2007-2008,grant,12672600,01267-2600
00222900,2009-2010,grant,12672600,01267-2600
00222900,2010-2011,grant,12672600,01267-2600
00222900,2011-2012,grant,12672600,01267-2600
00222900,2012-2013,grant,12672600,01267-2600
00222900,2013-2014,grant,12672600,01267-2600
00223300,2006-2007,grant,16092280,01609-2280
00223300,2007-2008,grant,16092280,01609-2280
00223300,2009-2010,grant,16092280,01609-2280
00223300,2010-2011,grant,16092280,01609-2280
00223300,2011-2012,grant,16092280,01609-2280
00223300,2012-2013,grant,16092280,01609-2280
00223300,2013-2014,grant,16092280,01609-2280
00257200,2006-2007,grant,32574648,03257-4648
00257200,2007-2008,grant,32574648,03257-4648
00257200,2009-2010,grant,32574648,03257-4648
00257200,2010-2011,grant,32574648,03257-4648
00257200,2011-2012,grant,32574648,03257-4648
00257200,2012-2013,grant,32574648,03257-4648
00257200,2013-2014,grant,32574648,03257-4648
00257300,2006-2007,grant,37553529,03755-3529
00257300,2007-2008,grant,37553529,03755-3529
00257300,2009-2010,grant,37553529,03755-3529
00257300,2010-2011,grant,37553529,03755-3529
00257300,2011-2012,grant,37553529,03755-3529
00257300,2012-2013,grant,37553529,03755-3529
00257300,2013-2014,grant,37553529,03755-3529
00257500,2006-2007,grant,34610060,03461-0060
00257500,2007-2008,grant,34610060,03461-0060
00257500,2009-2010,grant,34610060,03461-0060
00257500,2010-2011,grant,34610060,03461-0060
00257500,2011-2012,grant,34610060,03461-0060
00257500,2012-2013,grant,34610060,03461-0060
00257500,2013-2014,grant,34610060,03461-0060
00257900,2006-2007,grant,32423293,03242-3293
00257900,2007-2008,grant,32423293,03242-3293
00257900,2009-2010,grant,32423293,03242-3293
00257900,2010-2011,grant,32423293,03242-3293
00257900,2011-2012,grant,32423293,03242-3293
00257900,2012-2013,grant,32423293,03242-3293
00257900,2013-2014,grant,32423293,03242-3293
00258000,2006-2007,grant,31061045,03106-1045
00258000,2007-2008,grant,31061045,03106-1045
00258000,2009-2010,grant,31061045,03106-1045
00258000,2010-2011,grant,31061045,03106-1045
00258000,2011-2012,grant,31061045,03106-1045
00258000,2012-2013,grant,31061045,03106-1045
00258000,2013-2014,grant,31061045,03106-1045
00258100,2006-2007,grant,33017412,03301-7412
00258100,2007-2008,grant,33017412,03301-7412
00258100,2009-2010,grant,33017412,03301-7412
00258100,2010-2011,grant,33017412,03301-7412
00258100,2011-2012,grant,33017412,03301-7412
00258100,2012-2013,grant,33017412,03301-7412
00258100,2013-2014,grant,33017412,03301-7412
00258200,2006-2007,grant,31028518,03102-8518
00258200,2007-2008,grant,31028518,03102-8518
00258200,2009-2010,grant,31028518,03102-8518
00258200,2010-2011,grant,31028518,03102-8518
00258200,2011-2012,grant,31028518,03102-8518
00258200,2012-2013,grant,31028518,03102-8518
00258200,2013-2014,grant,31028518,03102-8518
00258300,2006-2007,grant,38850000,03885-0000
00258300,2007-2008,grant,38850000,03885-0000
00258300,2009-2010,grant,38012807,03801-2807
00258300,2010-2011,grant,38012807,03801-2807
00258300,2011-2012,grant,38012807,03801-2807
00258300,2012-2013,grant,38012807,03801-2807
00258300,2013-2014,grant,38012807,03801-2807
00258600,2006-2007,grant,30605086,03060-5086
00258600,2007-2008,grant,30605086,03060-5086
00258600,2009-2010,grant,30605086,03060-5086
00258600,2010-2011,grant,30605086,03060-5086
00258600,2011-2012,grant,30605086,03060-5086
00258600,2012-2013,grant,30605086,03060-5086
00258600,2013-2014,grant,30605086,03060-5086
00258700,2006-2007,grant,31021310,03102-1310
00258700,2007-2008,grant,31021310,03102-1310
00258700,2009-2010,grant,31021310,03102-1310
00258700,2010-2011,grant,31021310,03102-1310
00258700,2011-2012,grant,31021310,03102-1310
00258700,2012-2013,grant,31021310,03102-1310
00258700,2013-2014,grant,31021310,03102-1310
00258900,2006-2007,grant,38242511,03824-2511
00258900,2007-2008,grant,38242511,03824-2511
00258900,2009-2010,grant,38242511,03824-2511
00258900,2010-2011,grant,38242511,03824-2511
00258900,2011-2012,grant,38242511,03824-2511
00258900,2012-2013,grant,38242511,03824-2511
00258900,2013-2014,grant,38242511,03824-2511
00259000,2006-2007,grant,34351504,03435-1504
00259000,2007-2008,grant,34351504,03435-1504
00259000,2009-2010,grant,34351504,03435-1504
00259000,2010-2011,grant,34351504,03435-1504
00259000,2011-2012,grant,34351504,03435-1504
00259000,2012-2013,grant,34351504,03435-1504
00259000,2013-2014,grant,34351504,03435-1504
00259100,2006-2007,grant,32641595,03264-1595
00259100,2007-2008,grant,32641595,03264-1595
00259100,2009-2010,grant,32641595,03264-1595
00259100,2010-2011,grant,32641595,03264-1595
00259100,2011-2012,grant,32641595,03264-1595
00259100,2012-2013,grant,32641595,03264-1595
00259100,2013-2014,grant,32641595,03264-1595
00259600,2006-2007,grant,83302699,08330-2699
00259600,2007-2008,grant,83302699,08330-2699
00259600,2009-2010,grant,83302699,08330-2699
00259600,2010-2011,grant,83302699,08330-2699
00259600,2011-2012,grant,83302699,08330-2699
00259600,2012-2013,grant,83302699,08330-2699
00259600,2013-2014,grant,83302699,08330-2699
00259700,2006-2007,grant,70033425,07003-3425
00259700,2007-2008,grant,70033425,07003-3425
00259700,2009-2010,grant,70033425,07003-3425
00259700,2010-2011,grant,70033425,07003-3425
00259700,2011-2012,grant,70033425,07003-3425
00259700,2012-2013,grant,70033425,07003-3425
00259700,2013-2014,grant,70033425,07003-3425
00259800,2006-2007,grant,70066195,07006-6195
00259800,2007-2008,grant,70066195,07006-6195
00259800,2009-2010,grant,70066195,07006-6195
00259800,2010-2011,grant,70066195,07006-6195
00259800,2011-2012,grant,70066195,07006-6195
00259800,2012-2013,grant,70066195,07006-6195
00259800,2013-2014,grant,70066195,07006-6195
00259900,2006-2007,grant,78402184,07840-2184
00259900,2007-2008,grant,78402184,07840-2184
00259900,2009-2010,grant,78402184,07840-2184
00259900,2010-2011,grant,78402184,07840-2184
00259900,2011-2012,grant,78402184,07840-2184
00259900,2012-2013,grant,78402184,07840-2184
00259900,2013-2014,grant,78402184,07840-2184
00260000,2006-2007,grant,79606989,07960-6989
00260000,2007-2008,grant,79606989,07960-6989
00260000,2009-2010,grant,79606989,07960-6989
00260000,2010-2011,grant,79606989,07960-6989
00260000,2011-2012,grant,79606989,07960-6989
00260000,2012-2013,grant,79606989,07960-6989
00260000,2013-2014,grant,79606989,07960-6989
00260100,2006-2007,grant,83620517,08362-0517
00260100,2007-2008,grant,83620517,08362-0517
00260100,2009-2010,grant,83620517,08362-0517
00260100,2010-2011,grant,83629912,08362-9912
00260100,2011-2012,grant,83629912,08362-9912
00260100,2012-2013,grant,83629912,08362-9912
00260100,2013-2014,grant,83629912,08362-9912
00260300,2006-2007,grant,79404063,07940-4063
00260300,2007-2008,grant,79404063,07940-4063
00260300,2009-2010,grant,79404063,07940-4063
00260300,2010-2011,grant,79404063,07940-4063
00260300,2011-2012,grant,79404063,07940-4063
00260300,2012-2013,grant,79404063,07940-4063
00260300,2013-2014,grant,79404063,07940-4063
00260700,2006-2007,grant,76661996,07666-1996
00260700,2007-2008,grant,76661996,07666-1996
00260700,2009-2010,grant,76661996,07666-1996
00260700,2010-2011,grant,76661996,07666-1996
00260700,2011-2012,grant,76661996,07666-1996
00260700,2012-2013,grant,76661996,07666-1996
00260700,2013-2014,grant,76661996,07666-1996
00260800,2006-2007,grant,87012697,08701-2697
00260800,2007-2008,grant,87012697,08701-2697
00260800,2009-2010,grant,87012697,08701-2697
00260800,2010-2011,grant,87012697,08701-2697
00260800,2011-2012,grant,87012697,08701-2697
00260800,2012-2013,grant,87012697,08701-2697
00260800,2013-2014,grant,87012697,08701-2697
00260900,2006-2007,grant,80281702,08028-1702
00260900,2007-2008,grant,80281702,08028-1702
00260900,2009-2010,grant,80281702,08028-1702
00260900,2010-2011,grant,80281702,08028-1702
00260900,2011-2012,grant,80281702,08028-1702
00260900,2012-2013,grant,80281702,08028-1702
00260900,2013-2014,grant,80281702,08028-1702
00261000,2006-2007,grant,76442198,07644-2198
00261000,2007-2008,grant,76442198,07644-2198
00261000,2009-2010,grant,76442198,07644-2198
00261000,2010-2011,grant,76442198,07644-2198
00261000,2011-2012,grant,76442198,07644-2198
00261000,2012-2013,grant,76442198,07644-2198
00261000,2013-2014,grant,76442198,07644-2198
00261300,2006-2007,grant,73051597,07305-1597
00261300,2007-2008,grant,73051597,07305-1597
00261300,2009-2010,grant,73051597,07305-1597
00261300,2010-2011,grant,73051597,07305-1597
00261300,2011-2012,grant,73051597,07305-1597
00261300,2012-2013,grant,73051597,07305-1597
00261300,2013-2014,grant,73051597,07305-1597
00261500,2006-2007,grant,88183050,08818-3050
00261500,2007-2008,grant,88183050,08818-3050
00261500,2009-2010,grant,88183050,08818-3050
00261500,2010-2011,grant,88183050,08818-3050
00261500,2011-2012,grant,88183050,08818-3050
00261500,2012-2013,grant,88183050,08818-3050
00261500,2013-2014,grant,88183050,08818-3050
00261600,2006-2007,grant,77641898,07764-1898
00261600,2007-2008,grant,77641898,07764-1898
00261600,2009-2010,grant,77641898,07764-1898
00261600,2010-2011,grant,77641898,07764-1898
00261600,2011-2012,grant,77641898,07764-1898
00261600,2012-2013,grant,77641898,07764-1898
00261600,2013-2014,grant,77641898,07764-1898
00261700,2006-2007,grant,70439987,07043-9987
00261700,2007-2008,grant,70439987,07043-9987
00261700,2009-2010,grant,70439987,07043-9987
00261700,2010-2011,grant,70439987,07043-9987
00261700,2011-2012,grant,70439987,07043-9987
00261700,2012-2013,grant,70439987,07043-9987
00261700,2013-2014,grant,70439987,07043-9987
00262100,2006-2007,grant,71021982,07102-1982
00262100,2007-2008,grant,71021982,07102-1982
00262100,2009-2010,grant,71021982,07102-1982
00262100,2010-2011,grant,71021982,07102-1982
00262100,2011-2012,grant,71021982,07102-1982
00262100,2012-2013,grant,71021982,07102-1982
00262100,2013-2014,grant,71021982,07102-1982
00262200,2006-2007,grant,70837131,07083-7131
00262200,2007-2008,grant,70837131,07083-7131
00262200,2009-2010,grant,70837131,07083-7131
00262200,2010-2011,grant,70837131,07083-7131
00262200,2011-2012,grant,70837131,07083-7131
00262200,2012-2013,grant,70837131,07083-7131
00262200,2013-2014,grant,70837131,07083-7131
00262400,2006-2007,grant,87542001,08754-2001
00262400,2007-2008,grant,87542001,08754-2001
00262400,2009-2010,grant,87542001,08754-2001
00262400,2010-2011,grant,87542001,08754-2001
00262400,2011-2012,grant,87542001,08754-2001
00262400,2012-2013,grant,87542001,08754-2001
00262400,2013-2014,grant,87542001,08754-2001
00262500,2006-2007,grant,74702152,07470-2152
00262500,2007-2008,grant,74702152,07470-2152
00262500,2009-2010,grant,74702152,07470-2152
00262500,2010-2011,grant,74702152,07470-2152
00262500,2011-2012,grant,74702152,07470-2152
00262500,2012-2013,grant,74702152,07470-2152
00262500,2013-2014,grant,74702152,07470-2152
00262700,2006-2007,grant,85440001,08544-0001
00262700,2007-2008,grant,85440001,08544-0001
00262700,2009-2010,grant,85440001,08544-0001
00262700,2010-2011,grant,85440001,08544-0001
00262700,2011-2012,grant,85440001,08544-0001
00262700,2012-2013,grant,85440001,08544-0001
00262700,2013-2014,grant,85440001,08544-0001
00262800,2006-2007,grant,86483099,08648-3099
00262800,2007-2008,grant,86483099,08648-3099
00262800,2009-2010,grant,86483099,08648-3099
00262800,2010-2011,grant,86483099,08648-3099
00262800,2011-2012,grant,86483099,08648-3099
00262800,2012-2013,grant,86483099,08648-3099
00262800,2013-2014,grant,86483099,08648-3099
00262900,2006-2007,grant,89011281,08901-1281
00262900,2007-2008,grant,89011281,08901-1281
00262900,2009-2010,grant,89011281,08901-1281
00262900,2010-2011,grant,89011281,08901-1281
00262900,2011-2012,grant,89011281,08901-1281
00262900,2012-2013,grant,89011281,08901-1281
00262900,2013-2014,grant,89011281,08901-1281
00263200,2006-2007,grant,70792697,07079-2697
00263200,2007-2008,grant,70792697,07079-2697
00263200,2009-2010,grant,70792697,07079-2697
00263200,2010-2011,grant,70792697,07079-2697
00263200,2011-2012,grant,70792697,07079-2697
00263200,2012-2013,grant,70792697,07079-2697
00263200,2013-2014,grant,70792697,07079-2697
00263800,2006-2007,grant,73065997,07306-5997
00263800,2007-2008,grant,73065997,07306-5997
00263800,2009-2010,grant,73065997,07306-5997
00263800,2010-2011,grant,73065997,07306-5997
00263800,2011-2012,grant,73065997,07306-5997
00263800,2012-2013,grant,73065997,07306-5997
00263800,2013-2014,grant,73065997,07306-5997
00263900,2006-2007,grant,70305370,07030-5370
00263900,2007-2008,grant,70305370,07030-5370
00263900,2009-2010,grant,70305370,07030-5370
00263900,2010-2011,grant,70305370,07030-5370
00263900,2011-2012,grant,70305370,07030-5370
00263900,2012-2013,grant,70305370,07030-5370
00263900,2013-2014,grant,70305370,07030-5370
00264200,2006-2007,grant,86280718,08628-0718
00264200,2007-2008,grant,86280718,08628-0718
00264200,2009-2010,grant,86280718,08628-0718
00264200,2010-2011,grant,86280718,08628-0718
00264200,2011-2012,grant,86280718,08628-0718
00264200,2012-2013,grant,86280718,08628-0718
00264200,2013-2014,grant,86280718,08628-0718
00264300,2006-2007,grant,70161598,07016-1598
00264300,2007-2008,grant,70161598,07016-1598
00264300,2009-2010,grant,70161598,07016-1598
00264300,2010-2011,grant,70161598,07016-1598
00264300,2011-2012,grant,70161598,07016-1598
00264300,2012-2013,grant,70161598,07016-1598
00264300,2013-2014,grant,70161598,07016-1598
00340100,2006-2007,grant,29129127,02912-9127
00340100,2007-2008,grant,29129127,02912-9127
00340100,2009-2010,grant,29129127,02912-9127
00340100,2010-2011,grant,29129127,02912-9127
00340100,2011-2012,grant,29129127,02912-9127
00340100,2012-2013,grant,29129127,02912-9127
00340100,2013-2014,grant,29129127,02912-9127
00340200,2006-2007,grant,29171284,02917-1284
00340200,2007-2008,grant,29171284,02917-1284
00340200,2009-2010,grant,29171284,02917-1284
00340200,2010-2011,grant,29171284,02917-1284
00340200,2011-2012,grant,29171284,02917-1284
00340200,2012-2013,grant,29171284,02917-1284
00340200,2013-2014,grant,29171284,02917-1284
00340400,2006-2007,grant,29033703,02903-3703
00340400,2007-2008,grant,29033703,02903-3703
00340400,2009-2010,grant,29033703,02903-3703
00340400,2010-2011,grant,29033703,02903-3703
00340400,2011-2012,grant,29033703,02903-3703
00340400,2012-2013,grant,29033703,02903-3703
00340400,2013-2014,grant,29033703,02903-3703
00340600,2006-2007,grant,29180001,02918-0001
00340600,2007-2008,grant,29180001,02918-0001
00340600,2009-2010,grant,29180001,02918-0001
00340600,2010-2011,grant,29180001,02918-0001
00340600,2011-2012,grant,29180001,02918-0001
00340600,2012-2013,grant,29180001,02918-0001
00340600,2013-2014,grant,29180001,02918-0001
00340700,2006-2007,grant,29081991,02908-1991
00340700,2007-2008,grant,29081991,02908-1991
00340700,2009-2010,grant,29081991,02908-1991
00340700,2010-2011,grant,29081991,02908-1991
00340700,2011-2012,grant,29081991,02908-1991
00340700,2012-2013,grant,29081991,02908-1991
00340700,2013-2014,grant,29081991,02908-1991
00340800,2006-2007,grant,28861807,02886-1807
00340800,2007-2008,grant,28861807,02886-1807
00340800,2009-2010,grant,28861807,02886-1807
00340800,2010-2011,grant,28861807,02886-1807
00340800,2011-2012,grant,28861807,02886-1807
00340800,2012-2013,grant,28861807,02886-1807
00340800,2013-2014,grant,28861807,02886-1807
00340900,2006-2007,grant,29032784,02903-2784
00340900,2007-2008,grant,29032784,02903-2784
00340900,2009-2010,grant,29032784,02903-2784
00340900,2010-2011,grant,29032784,02903-2784
00340900,2011-2012,grant,29032784,02903-2784
00340900,2012-2013,grant,29032784,02903-2784
00340900,2013-2014,grant,29032784,02903-2784
00341000,2006-2007,grant,28092921,02809-2921
00341000,2007-2008,grant,28092921,02809-2921
00341000,2009-2010,grant,28092921,02809-2921
00341000,2010-2011,grant,28092921,02809-2921
00341000,2011-2012,grant,28092921,02809-2921
00341000,2012-2013,grant,28092921,02809-2921
00341000,2013-2014,grant,28092921,02809-2921
00341100,2006-2007,grant,28404192,02840-4192
00341100,2007-2008,grant,28404192,02840-4192
00341100,2009-2010,grant,28404192,02840-4192
00341100,2010-2011,grant,28404192,02840-4192
00341100,2011-2012,grant,28404192,02840-4192
00341100,2012-2013,grant,28404192,02840-4192
00341100,2013-2014,grant,28404192,02840-4192
00341400,2006-2007,grant,28810000,02881-0000
00341400,2007-2008,grant,28810000,02881-0000
00341400,2009-2010,grant,28810000,02881-0000
00341400,2010-2011,grant,28810000,02881-0000
00341400,2011-2012,grant,28810000,02881-0000
00341400,2012-2013,grant,28810000,02881-0000
00341400,2013-2014,grant,28810000,02881-0000
00368200,2006-2007,grant,52016001,05201-6001
00368200,2007-2008,grant,52016001,05201-6001
00368200,2009-2010,grant,52016001,05201-6001
00368200,2010-2011,grant,52016001,05201-6001
00368200,2011-2012,grant,52016001,05201-6001
00368200,2012-2013,grant,52016001,05201-6001
00368200,2013-2014,grant,52016001,05201-6001
00368300,2006-2007,grant,57350000,05735-0000
00368300,2007-2008,grant,57350000,05735-0000
00368300,2009-2010,grant,57350000,05735-0000
00368300,2010-2011,grant,57350000,05735-0000
00368300,2011-2012,grant,57350000,05735-0000
00368300,2012-2013,grant,57350000,05735-0000
00368300,2013-2014,grant,57350000,05735-0000
00368400,2006-2007,grant,54013950,05401-3950
00368400,2007-2008,grant,54013950,05401-3950
00368400,2009-2010,grant,54013950,05401-3950
00368400,2010-2011,grant,54013950,05401-3950
00368400,2011-2012,grant,54013950,05401-3950
00368400,2012-2013,grant,54013950,05401-3950
00368400,2013-2014,grant,54013950,05401-3950
00368402,2006-2007,grant,54013950,05401-3950
00368402,2007-2008,grant,54013950,05401-3950
00368402,2009-2010,grant,54013950,05401-3950
00368500,2006-2007,grant,57013899,05701-3899
00368500,2007-2008,grant,57013899,05701-3899
00368500,2009-2010,grant,57013899,05701-3899
00368500,2010-2011,grant,57013899,05701-3899
00368500,2011-2012,grant,57013899,05701-3899
00368500,2012-2013,grant,57013899,05701-3899
00368500,2013-2014,grant,57013899,05701-3899
00368600,2006-2007,grant,56670000,05667-0000
00368600,2007-2008,grant,56670000,05667-0000
00368600,2009-2010,grant,56670000,05667-0000
00368600,2010-2011,grant,56670000,05667-0000
00368600,2011-2012,grant,56670000,05667-0000
00368600,2012-2013,grant,56670000,05667-0000
00368600,2013-2014,grant,56670000,05667-0000
00368700,2006-2007,grant,57641199,05764-1199
00368700,2007-2008,grant,57641199,05764-1199
00368700,2009-2010,grant,57641199,05764-1199
00368700,2010-2011,grant,57641199,05764-1199
00368700,2011-2012,grant,57641199,05764-1199
00368700,2012-2013,grant,57641199,05764-1199
00368700,2013-2014,grant,57641199,05764-1199
00368800,2006-2007,grant,56569898,05656-9898
00368800,2007-2008,grant,56569898,05656-9898
00368800,2009-2010,grant,56569898,05656-9898
00368800,2010-2011,grant,56569898,05656-9898
00368800,2011-2012,grant,56569898,05656-9898
00368800,2012-2013,grant,56569898,05656-9898
00368800,2013-2014,grant,56569898,05656-9898
00368900,2006-2007,grant,58510919,05851-0919
00368900,2007-2008,grant,58510919,05851-0919
00368900,2009-2010,grant,58510919,05851-0919
00368900,2010-2011,grant,58510919,05851-0919
00368900,2011-2012,grant,58510919,05851-0919
00368900,2012-2013,grant,58510919,05851-0919
00368900,2013-2014,grant,58510919,05851-0919
00369000,2006-2007,grant,53443668,05344-3668
00369000,2007-2008,grant,53443668,05344-3668
00369000,2009-2010,grant,53443668,05344-3668
00369000,2010-2011,grant,53443668,05344-3668
00369000,2011-2012,grant,53443668,05344-3668
00369000,2012-2013,grant,53443668,05344-3668
00369000,2013-2014,grant,53443668,05344-3668
00369100,2006-2007,grant,57530000,05753-0000
00369100,2007-2008,grant,57530000,05753-0000
00369100,2009-2010,grant,57530000,05753-0000
00369100,2010-2011,grant,57530000,05753-0000
00369100,2011-2012,grant,57530000,05753-0000
00369100,2012-2013,grant,57530000,05753-0000
00369100,2013-2014,grant,57530000,05753-0000
00369110,2006-2007,grant,57530000,05753-0000
00369110,2007-2008,grant,57530000,05753-0000
00369200,2006-2007,grant,56631035,05663-1035
00369200,2007-2008,grant,56631035,05663-1035
00369200,2009-2010,grant,56631035,05663-1035
00369200,2010-2011,grant,56631035,05663-1035
00369200,2011-2012,grant,56631035,05663-1035
00369200,2012-2013,grant,56631035,05663-1035
00369200,2013-2014,grant,56631035,05663-1035
00369300,2006-2007,grant,52016002,05201-6002
00369300,2007-2008,grant,52016002,05201-6002
00369300,2009-2010,grant,52016002,05201-6002
00369300,2010-2011,grant,52016002,05201-6002
00369300,2011-2012,grant,52016002,05201-6002
00369300,2012-2013,grant,52016002,05201-6002
00369300,2013-2014,grant,52016002,05201-6002
00369400,2006-2007,grant,54390001,05439-0001
00369400,2007-2008,grant,54390001,05439-0001
00369400,2009-2010,grant,54390001,05439-0001
00369400,2010-2011,grant,54390001,05439-0001
00369400,2011-2012,grant,54390001,05439-0001
00369400,2012-2013,grant,54390001,05439-0001
00369400,2013-2014,grant,54390001,05439-0001
00369600,2006-2007,grant,54050160,05405-0160
00369600,2007-2008,grant,54050160,05405-0160
00369600,2009-2010,grant,54050160,05405-0160
00369600,2010-2011,grant,54050160,05405-0160
00369600,2011-2012,grant,54050160,05405-0160
00369600,2012-2013,grant,54050160,05405-0160
00369600,2013-2014,grant,54050160,05405-0160
00369800,2006-2007,grant,50610000,05061-0000
00369800,2007-2008,grant,50610000,05061-0000
00369800,2009-2010,grant,50610000,05061-0000
00369800,2010-2011,grant,50610000,05061-0000
00369800,2011-2012,grant,50610000,05061-0000
00369800,2012-2013,grant,50610000,05061-0000
00369800,2013-2014,grant,50610000,05061-0000
00393600,2006-2007,grant,7179997,00717-9997
00393600,2007-2008,grant,7179997,00717-9997
00393600,2009-2010,grant,7179997,00717-9997
00393600,2010-2011,grant,7179997,00717-9997
00393600,2011-2012,grant,7179997,00717-9997
00393600,2012-2013,grant,7179997,00717-9997
00393600,2013-2014,grant,7179997,00717-9997
00393700,2006-2007,grant,9140383,00914-0383
00393700,2007-2008,grant,9140383,00914-0383
00393700,2009-2010,grant,9140383,00914-0383
00393700,2010-2011,grant,9140383,00914-0383
00393700,2011-2012,grant,9140383,00914-0383
00393700,2012-2013,grant,9140383,00914-0383
00393700,2013-2014,grant,9140383,00914-0383
00393800,2009-2010,grant,9260000,00926-0000
00393800,2010-2011,grant,9260000,00926-0000
00393800,2011-2012,grant,9260000,00926-0000
00393800,2012-2013,grant,9260000,00926-0000
00393800,2013-2014,grant,6839801,00683-9801
00393802,2006-2007,grant,9260000,00926-0000
00393802,2007-2008,grant,9260000,00926-0000
00393802,2009-2010,grant,9260000,00926-0000
00393803,2006-2007,grant,9260000,00926-0000
00393803,2007-2008,grant,9260000,00926-0000
00393803,2009-2010,grant,9260000,00926-0000
00393804,2006-2007,grant,9260000,00926-0000
00393804,2007-2008,grant,9260000,00926-0000
00393804,2009-2010,grant,9260000,00926-0000
00393805,2006-2007,grant,9260000,00926-0000
00393805,2007-2008,grant,9260000,00926-0000
00393805,2009-2010,grant,9260000,00926-0000
00393806,2006-2007,grant,9260000,00926-0000
00393806,2007-2008,grant,9260000,00926-0000
00393806,2009-2010,grant,9260000,00926-0000
00393807,2006-2007,grant,9260000,00926-0000
00393807,2007-2008,grant,9260000,00926-0000
00393807,2009-2010,grant,9260000,00926-0000
00393808,2006-2007,grant,9260000,00926-0000
00393808,2007-2008,grant,9260000,00926-0000
00393808,2009-2010,grant,9260000,00926-0000
00393809,2006-2007,grant,9260000,00926-0000
00393809,2007-2008,grant,9260000,00926-0000
00393809,2009-2010,grant,9260000,00926-0000
00393811,2006-2007,grant,9260000,00926-0000
00393811,2007-2008,grant,9260000,00926-0000
00393811,2009-2010,grant,9260000,00926-0000
00393900,2013-2014,grant,6052000,00605-2000
00394000,2013-2014,grant,9191293,00919-1293
00394100,2006-2007,grant,9842010,00984-2010
00394100,2007-2008,grant,9842010,00984-2010
00394100,2009-2010,grant,9842010,00984-2010
00394100,2010-2011,grant,9842010,00984-2010
00394100,2011-2012,grant,9842010,00984-2010
00394100,2012-2013,grant,9842010,00984-2010
00394100,2013-2014,grant,9842010,00984-2010
00394201,2006-2007,grant,9364984,00936-4984
00394201,2007-2008,grant,9364984,00936-4984
00394202,2006-2007,grant,9364984,00936-4984
00394202,2007-2008,grant,9364984,00936-4984
00394203,2006-2007,grant,9364984,00936-4984
00394203,2007-2008,grant,9364984,00936-4984
00394204,2006-2007,grant,9364984,00936-4984
00394204,2007-2008,grant,9364984,00936-4984
00394205,2006-2007,grant,9364984,00936-4984
00394205,2007-2008,grant,9364984,00936-4984
00394206,2006-2007,grant,9364984,00936-4984
00394206,2007-2008,grant,9364984,00936-4984
00394207,2006-2007,grant,9364984,00936-4984
00394207,2007-2008,grant,9364984,00936-4984
00394208,2006-2007,grant,9364984,00936-4984
00394208,2007-2008,grant,9364984,00936-4984
00394209,2006-2007,grant,9364984,00936-4984
00394209,2007-2008,grant,9364984,00936-4984
00394210,2006-2007,grant,9364984,00936-4984
00394210,2007-2008,grant,9364984,00936-4984
00394211,2006-2007,grant,9364984,00936-4984
00394211,2007-2008,grant,9364984,00936-4984
00394300,2010-2011,grant,7914300,00791-4300
00394300,2011-2012,grant,7914300,00791-4300
00394300,2012-2013,grant,7914300,00791-4300
00394300,2013-2014,grant,7914300,00791-4300
00394400,2009-2010,grant,6800000,00680-0000
00394400,2010-2011,grant,6800000,00680-0000
00394400,2011-2012,grant,6800000,00680-0000
00394400,2012-2013,grant,6800000,00680-0000
00394400,2013-2014,grant,6800000,00680-0000
00394600,2006-2007,grant,8026000,00802-6000
00394600,2007-2008,grant,8026000,00802-6000
00394600,2009-2010,grant,8026000,00802-6000
00394600,2010-2011,grant,8026000,00802-6000
00394600,2011-2012,grant,8029990,00802-9990
00394600,2012-2013,grant,8029990,00802-9990
00394600,2013-2014,grant,8029990,00802-9990
00394601,2006-2007,grant,8026000,00802-6000
00394601,2007-2008,grant,8026000,00802-6000
00394601,2009-2010,grant,8026000,00802-6000
00396500,2006-2007,grant,21162901,02116-2901
00396500,2007-2008,grant,21162901,02116-2901
00396500,2009-2010,grant,21162901,02116-2901
00396500,2010-2011,grant,21162901,02116-2901
00396500,2011-2012,grant,21162901,02116-2901
00396500,2012-2013,grant,21162901,02116-2901
00396500,2013-2014,grant,21162901,02116-2901
00396600,2006-2007,grant,21152795,02115-2795
00396600,2007-2008,grant,21152795,02115-2795
00396600,2009-2010,grant,21152795,02115-2795
00396600,2010-2011,grant,21152795,02115-2795
00396600,2011-2012,grant,21152795,02115-2795
00396600,2012-2013,grant,21152795,02115-2795
00396600,2013-2014,grant,21152795,02115-2795
00451300,2006-2007,grant,66044704,06604-4704
00451300,2007-2008,grant,66044704,06604-4704
00451300,2009-2010,grant,66044704,06604-4704
00451300,2010-2011,grant,66044704,06604-4704
00451300,2011-2012,grant,66044704,06604-4704
00451300,2012-2013,grant,66044704,06604-4704
00451300,2013-2014,grant,66044704,06604-4704
00466100,2006-2007,grant,10023359,01002-3359
00466100,2007-2008,grant,10023359,01002-3359
00466100,2009-2010,grant,10023359,01002-3359
00466100,2010-2011,grant,10023359,01002-3359
00466100,2011-2012,grant,10023359,01002-3359
00466100,2012-2013,grant,10023359,01002-3359
00466100,2013-2014,grant,10023359,01002-3359
00466600,2006-2007,grant,15831700,01583-1700
00466600,2007-2008,grant,15831700,01583-1700
00466600,2009-2010,grant,15831700,01583-1700
00466600,2010-2011,grant,15831700,01583-1700
00466600,2011-2012,grant,15831700,01583-1700
00466600,2012-2013,grant,15831700,01583-1700
00466600,2013-2014,grant,15831700,01583-1700
00466700,2006-2007,grant,21155534,02115-5534
00466700,2007-2008,grant,21155534,02115-5534
00466700,2009-2010,grant,21155534,02115-5534
00466700,2010-2011,grant,21155534,02115-5534
00466700,2011-2012,grant,21155534,02115-5534
00466700,2012-2013,grant,21155534,02115-5534
00466700,2013-2014,grant,21155534,02115-5534
00466900,2006-2007,grant,25323310,02532-3310
00466900,2007-2008,grant,25323310,02532-3310
00466900,2009-2010,grant,25323310,02532-3310
00466900,2010-2011,grant,25323310,02532-3310
00466900,2011-2012,grant,25323310,02532-3310
00466900,2012-2013,grant,25323310,02532-3310
00466900,2013-2014,grant,25323310,02532-3310
00472900,2006-2007,grant,31037230,03103-7230
00472900,2007-2008,grant,31037230,03103-7230
00472900,2009-2010,grant,31037230,03103-7230
00472900,2010-2011,grant,31037230,03103-7230
00472900,2011-2012,grant,31037230,03103-7230
00472900,2012-2013,grant,31037230,03103-7230
00472900,2013-2014,grant,31037230,03103-7230
00473000,2006-2007,grant,38203990,03820-3990
00473000,2007-2008,grant,38203990,03820-3990
00473000,2009-2010,grant,38203990,03820-3990
00473100,2006-2007,grant,30631300,03063-1300
00473100,2007-2008,grant,30631300,03063-1300
00473100,2009-2010,grant,30631300,03063-1300
00473100,2010-2011,grant,30631300,03063-1300
00473100,2011-2012,grant,30631300,03063-1300
00473100,2012-2013,grant,30631300,03063-1300
00473100,2013-2014,grant,30631300,03063-1300
00473300,2006-2007,grant,30364331,03036-4331
00473300,2007-2008,grant,30364331,03036-4331
00473300,2009-2010,grant,30364331,03036-4331
00473300,2010-2011,grant,30364331,03036-4331
00473300,2011-2012,grant,30364331,03036-4331
00473600,2006-2007,grant,76521595,07652-1595
00473600,2007-2008,grant,76521595,07652-1595
00473600,2009-2010,grant,76521595,07652-1595
00473600,2010-2011,grant,76521595,07652-1595
00473600,2011-2012,grant,76521595,07652-1595
00473600,2012-2013,grant,76521595,07652-1595
00473600,2013-2014,grant,76521595,07652-1595
00474000,2006-2007,grant,86900182,08690-0182
00474000,2007-2008,grant,86900182,08690-0182
00474000,2009-2010,grant,86900182,08690-0182
00474000,2010-2011,grant,86900182,08690-0182
00474000,2011-2012,grant,86900182,08690-0182
00474000,2012-2013,grant,86900182,08690-0182
00474000,2013-2014,grant,86900182,08690-0182
00501900,2006-2007,grant,6810118,00681-0118
00501900,2007-2008,grant,6810118,00681-0118
00501900,2009-2010,grant,6810118,00681-0118
00501900,2010-2011,grant,6810118,00681-0118
00501900,2011-2012,grant,6810118,00681-0118
00501900,2012-2013,grant,6810118,00681-0118
00501900,2013-2014,grant,6810118,00681-0118
00502200,2006-2007,grant,9601725,00960-1725
00502200,2007-2008,grant,9601725,00960-1725
00502200,2009-2010,grant,9601725,00960-1725
00502200,2010-2011,grant,9601725,00960-1725
00502200,2011-2012,grant,9601725,00960-1725
00502200,2012-2013,grant,9601725,00960-1725
00502200,2013-2014,grant,9601725,00960-1725
00502600,2013-2014,grant,6144050,00614-4050
00502700,2013-2014,grant,7940517,00794-0517
00502800,2013-2014,grant,9576257,00957-6257
00502900,2013-2014,grant,7151612,00715-1612
00520400,2006-2007,grant,44016896,04401-6896
00520400,2007-2008,grant,44016896,04401-6896
00520400,2009-2010,grant,44016896,04401-6896
00520400,2010-2011,grant,44016896,04401-6896
00520400,2011-2012,grant,44016896,04401-6896
00520400,2012-2013,grant,44016896,04401-6896
00520400,2013-2014,grant,44016896,04401-6896
00527600,2006-2007,grant,42106498,04210-6498
00527600,2007-2008,grant,42106498,04210-6498
00527600,2009-2010,grant,42106498,04210-6498
00527600,2010-2011,grant,42106498,04210-6498
00527600,2011-2012,grant,42106498,04210-6498
00527600,2012-2013,grant,42106498,04210-6498
00527600,2013-2014,grant,42106498,04210-6498
00527700,2006-2007,grant,44014280,04401-4280
00527700,2007-2008,grant,44014280,04401-4280
00527700,2009-2010,grant,44014280,04401-4280
00527700,2010-2011,grant,44014280,04401-4280
00527700,2011-2012,grant,44014280,04401-4280
00527700,2012-2013,grant,44014280,04401-4280
00527700,2013-2014,grant,44014280,04401-4280
00527900,2006-2007,grant,18792214,01879-2214
00527900,2007-2008,grant,18792214,01879-2214
00527900,2009-2010,grant,18792214,01879-2214
00527900,2010-2011,grant,18792214,01879-2214
00527900,2011-2012,grant,18792214,01879-2214
00527900,2012-2013,grant,18792214,01879-2214
00527900,2013-2014,grant,18792214,01879-2214
00529100,2006-2007,grant,35703799,03570-3799
00529100,2007-2008,grant,35703799,03570-3799
00529100,2009-2010,grant,35703799,03570-3799
00529100,2010-2011,grant,35703799,03570-3799
00529100,2011-2012,grant,35703799,03570-3799
00529100,2012-2013,grant,35703799,03570-3799
00529100,2013-2014,grant,35703799,03570-3799
00539900,2006-2007,grant,77534473,07753-4473
00539900,2007-2008,grant,77534473,07753-4473
00539900,2009-2010,grant,77534473,07753-4473
00539900,2010-2011,grant,77534473,07753-4473
00539900,2011-2012,grant,77534473,07753-4473
00539900,2012-2013,grant,77534473,07753-4473
00539900,2013-2014,grant,77534473,07753-4473
00545200,2006-2007,grant,76081083,07608-1083
00545200,2007-2008,grant,76081083,07608-1083
00545200,2009-2010,grant,76081083,07608-1083
00545200,2010-2011,grant,76081083,07608-1083
00545200,2011-2012,grant,76081083,07608-1083
00545200,2012-2013,grant,76081083,07608-1083
00545200,2013-2014,grant,76081083,07608-1083
00546000,2006-2007,grant,88072831,08807-2831
00546000,2007-2008,grant,88072831,08807-2831
00546000,2009-2010,grant,88072831,08807-2831
00546000,2010-2011,grant,88072831,08807-2831
00546100,2006-2007,grant,80692799,08069-2799
00546100,2007-2008,grant,80692799,08069-2799
00546100,2009-2010,grant,80692799,08069-2799
00546100,2010-2011,grant,80692799,08069-2799
00546100,2011-2012,grant,80692799,08069-2799
00546100,2012-2013,grant,80692799,08069-2799
00546100,2013-2014,grant,80692799,08069-2799
00551900,2006-2007,grant,27233519,02723-3519
00551900,2007-2008,grant,27233519,02723-3519
00551900,2009-2010,grant,27233519,02723-3519
00551900,2010-2011,grant,27233519,02723-3519
00551900,2011-2012,grant,27233519,02723-3519
00551900,2012-2013,grant,27233519,02723-3519
00551900,2013-2014,grant,27233519,02723-3519
00552300,2006-2007,grant,20211398,02021-1398
00552300,2007-2008,grant,20211398,02021-1398
00552300,2009-2010,grant,20211398,02021-1398
00552300,2010-2011,grant,20211398,02021-1398
00552300,2011-2012,grant,20211398,02021-1398
00552300,2012-2013,grant,20211398,02021-1398
00552300,2013-2014,grant,20211398,02021-1398
00552500,2006-2007,grant,41061698,04106-1698
00552500,2007-2008,grant,41061698,04106-1698
00552500,2009-2010,grant,41061698,04106-1698
00552500,2010-2011,grant,41061698,04106-1698
00552500,2011-2012,grant,41061698,04106-1698
00552500,2012-2013,grant,41061698,04106-1698
00552500,2013-2014,grant,41061698,04106-1698
00555700,2006-2007,grant,12473999,01247-3999
00555700,2007-2008,grant,12473999,01247-3999
00555700,2009-2010,grant,12473999,01247-3999
00555700,2010-2011,grant,12473999,01247-3999
00555700,2011-2012,grant,12473999,01247-3999
00555700,2012-2013,grant,12473940,01247-3940
00555700,2013-2014,grant,12473940,01247-3940
00576000,2006-2007,grant,47692016,04769-2016
00576000,2007-2008,grant,47692016,04769-2016
00576000,2009-2010,grant,47692016,04769-2016
00576000,2010-2011,grant,47692016,04769-2016
00576000,2011-2012,grant,47692016,04769-2016
00576000,2012-2013,grant,47692016,04769-2016
00576000,2013-2014,grant,47692016,04769-2016
00577600,2006-2007,grant,41013795,04101-3795
00577600,2007-2008,grant,41013795,04101-3795
00577600,2009-2010,grant,41013795,04101-3795
00613600,2006-2007,grant,17302620,01730-2620
00613600,2007-2008,grant,17302620,01730-2620
00613600,2009-2010,grant,17302620,01730-2620
00613600,2010-2011,grant,17302620,01730-2620
00613600,2011-2012,grant,17302620,01730-2620
00613600,2012-2013,grant,17302620,01730-2620
00613600,2013-2014,grant,17302620,01730-2620
00618100,2006-2007,grant,66102896,06610-2896
00618100,2007-2008,grant,66102896,06610-2896
00618100,2009-2010,grant,66102896,06610-2896
00618100,2010-2011,grant,66102896,06610-2896
00618100,2011-2012,grant,66102896,06610-2896
00618100,2012-2013,grant,66102896,06610-2896
00618100,2013-2014,grant,66102896,06610-2896
00619100,2006-2007,grant,66069966,06606-9966
00619100,2007-2008,grant,66069966,06606-9966
00619100,2009-2010,grant,66069966,06606-9966
00619100,2010-2011,grant,66069966,06606-9966
00619100,2011-2012,grant,66069966,06606-9966
00619100,2012-2013,grant,66069966,06606-9966
00619100,2013-2014,grant,66069966,06606-9966
00630500,2006-2007,grant,42404500,04240-4500
00630500,2007-2008,grant,42404500,04240-4500
00630500,2009-2010,grant,42404500,04240-4500
00630500,2010-2011,grant,42404500,04240-4500
00630500,2011-2012,grant,42439986,04243-9986
00630500,2012-2013,grant,42439986,04243-9986
00630500,2013-2014,grant,42439986,04243-9986
00630502,2007-2008,grant,42404500,04240-4500
00632200,2006-2007,grant,23023395,02302-3395
00632200,2007-2008,grant,23023395,02302-3395
00632200,2009-2010,grant,23023395,02302-3395
00632200,2010-2011,grant,23023395,02302-3395
00632200,2011-2012,grant,23023395,02302-3395
00632200,2012-2013,grant,23023395,02302-3395
00632200,2013-2014,grant,23023395,02302-3395
00632400,2006-2007,grant,21245698,02124-5698
00632400,2007-2008,grant,21245698,02124-5698
00632400,2009-2010,grant,21245698,02124-5698
00632400,2010-2011,grant,21245698,02124-5698
00632400,2011-2012,grant,21264253,02126-4253
00632400,2012-2013,grant,21264253,02126-4253
00632400,2013-2014,grant,21264253,02126-4253
00633100,2006-2007,grant,21551643,02155-1643
00633100,2007-2008,grant,21551643,02155-1643
00633100,2009-2010,grant,21551643,02155-1643
00633100,2010-2011,grant,21551643,02155-1643
00633100,2011-2012,grant,21551643,02155-1643
00633100,2012-2013,grant,21551643,02155-1643
00633100,2013-2014,grant,21551643,02155-1643
00641000,2006-2007,grant,88183050,08818-3050
00641000,2007-2008,grant,88183050,08818-3050
00641700,2006-2007,grant,76664254,07666-4254
00641700,2007-2008,grant,76664254,07666-4254
00641700,2009-2010,grant,76664254,07666-4254
00641700,2010-2011,grant,76664254,07666-4254
00641700,2011-2012,grant,76664254,07666-4254
00641700,2012-2013,grant,76664254,07666-4254
00641700,2013-2014,grant,76664254,07666-4254
00642000,2006-2007,grant,70424898,07042-4898
00642000,2007-2008,grant,70424898,07042-4898
00642000,2009-2010,grant,70424898,07042-4898
00642000,2010-2011,grant,70424898,07042-4898
00642000,2011-2012,grant,70424898,07042-4898
00642000,2012-2013,grant,70424898,07042-4898
00642000,2013-2014,grant,70424898,07042-4898
00642100,2006-2007,grant,70613399,07061-3399
00642100,2007-2008,grant,70613399,07061-3399
00642100,2009-2010,grant,70613399,07061-3399
00642100,2010-2011,grant,70613399,07061-3399
00642100,2011-2012,grant,70613399,07061-3399
00642100,2012-2013,grant,70613399,07061-3399
00642100,2013-2014,grant,70613399,07061-3399
00642900,2006-2007,grant,86291986,08629-1986
00642900,2007-2008,grant,86291986,08629-1986
00642900,2009-2010,grant,86291986,08629-1986
00642900,2010-2011,grant,86291986,08629-1986
00642900,2011-2012,grant,86291986,08629-1986
00642900,2012-2013,grant,86291986,08629-1986
00642900,2013-2014,grant,86291986,08629-1986
00659100,2006-2007,grant,29045199,02904-5199
00659100,2007-2008,grant,29045199,02904-5199
00659100,2009-2010,grant,29045199,02904-5199
00659100,2010-2011,grant,29045199,02904-5199
00659100,2011-2012,grant,29045199,02904-5199
00659100,2012-2013,grant,29045199,02904-5199
00659100,2013-2014,grant,29045199,02904-5199
00676000,2006-2007,grant,43309410,04330-9410
00676000,2007-2008,grant,43309410,04330-9410
00676000,2009-2010,grant,43309410,04330-9410
00676000,2010-2011,grant,43309410,04330-9410
00676000,2011-2012,grant,43309410,04330-9410
00676000,2012-2013,grant,43309410,04330-9410
00676000,2013-2014,grant,43309410,04330-9410
00685800,2006-2007,grant,49889502,04988-9502
00685800,2007-2008,grant,49889502,04988-9502
00685800,2009-2010,grant,49889502,04988-9502
00685800,2010-2011,grant,49889502,04988-9502
00685800,2011-2012,grant,49889502,04988-9502
00685800,2012-2013,grant,49889502,04988-9502
00685800,2013-2014,grant,49889502,04988-9502
00686500,2006-2007,grant,80123240,08012-3240
00686500,2007-2008,grant,80123240,08012-3240
00686500,2009-2010,grant,80123240,08012-3240
00686500,2010-2011,grant,80123240,08012-3240
00686500,2011-2012,grant,80123240,08012-3240
00686500,2012-2013,grant,80123240,08012-3240
00686500,2013-2014,grant,80123240,08012-3240
00687300,2006-2007,grant,19072896,01907-2896
00687300,2007-2008,grant,19072896,01907-2896
00687300,2009-2010,grant,19072896,01907-2896
00687300,2010-2011,grant,19072896,01907-2896
00687300,2011-2012,grant,19072896,01907-2896
00687300,2012-2013,grant,19072896,01907-2896
00687300,2013-2014,grant,19072896,01907-2896
00690100,2006-2007,grant,80804249,08080-4249
00690100,2007-2008,grant,80804249,08080-4249
00690100,2009-2010,grant,80804249,08080-4249
00690100,2010-2011,grant,80804249,08080-4249
00690100,2011-2012,grant,80804249,08080-4249
00690100,2012-2013,grant,80804249,08080-4249
00690100,2013-2014,grant,80804249,08080-4249
00698200,2006-2007,grant,67083089,06708-3089
00698200,2007-2008,grant,67083089,06708-3089
00698200,2009-2010,grant,67083089,06708-3089
00698200,2010-2011,grant,67083089,06708-3089
00698200,2011-2012,grant,67083089,06708-3089
00698200,2012-2013,grant,67083089,06708-3089
00698200,2013-2014,grant,67083089,06708-3089
00702500,2006-2007,grant,37661312,03766-1312
00702500,2007-2008,grant,37661312,03766-1312
00702500,2009-2010,grant,37661312,03766-1312
00702500,2010-2011,grant,37661312,03766-1312
00702500,2011-2012,grant,37661312,03766-1312
00702500,2012-2013,grant,37661312,03766-1312
00702500,2013-2014,grant,37661312,03766-1312
00710700,2006-2007,grant,71021798,07102-1798
00710700,2007-2008,grant,71021798,07102-1798
00710700,2009-2010,grant,71021798,07102-1798
00710700,2010-2011,grant,71021798,07102-1798
00710700,2011-2012,grant,71021798,07102-1798
00710700,2012-2013,grant,71021798,07102-1798
00710700,2013-2014,grant,71021798,07102-1798
00710800,2010-2011,grant,9313300,00931-3300
00710800,2011-2012,grant,9313300,00931-3300
00710800,2012-2013,grant,9313300,00931-3300
00710800,2013-2014,grant,9313300,00931-3300
00720600,2010-2011,grant,7365534,00736-5534
00720600,2011-2012,grant,7365534,00736-5534
00720600,2012-2013,grant,7365534,00736-5534
00720600,2013-2014,grant,7365534,00736-5534
00722800,2010-2011,grant,6144010,00614-4010
00722800,2011-2012,grant,6144010,00614-4010
00722800,2012-2013,grant,6144010,00614-4010
00722800,2013-2014,grant,6144010,00614-4010
00730000,2006-2007,grant,65144602,06514-4602
00730000,2007-2008,grant,65144602,06514-4602
00730000,2009-2010,grant,65144602,06514-4602
00730000,2010-2011,grant,65144602,06514-4602
00730000,2011-2012,grant,65144602,06514-4602
00730000,2012-2013,grant,65144602,06514-4602
00730000,2013-2014,grant,65144602,06514-4602
00730300,2006-2007,grant,60512904,06051-2904
00730300,2007-2008,grant,60512904,06051-2904
00730300,2009-2010,grant,60512904,06051-2904
00730300,2010-2011,grant,60512904,06051-2904
00730300,2011-2012,grant,60512904,06051-2904
00730300,2012-2013,grant,60512904,06051-2904
00730300,2013-2014,grant,60512904,06051-2904
00730500,2006-2007,grant,64054022,06405-4022
00730500,2007-2008,grant,64054022,06405-4022
00730500,2009-2010,grant,64054022,06405-4022
00730500,2010-2011,grant,64054022,06405-4022
00730500,2011-2012,grant,64054022,06405-4022
00730500,2012-2013,grant,64054022,06405-4022
00730500,2013-2014,grant,64054022,06405-4022
00731100,2006-2007,grant,62262100,06226-2100
00731100,2007-2008,grant,62262100,06226-2100
00731100,2009-2010,grant,62262100,06226-2100
00731100,2010-2011,grant,62262100,06226-2100
00731100,2011-2012,grant,62262100,06226-2100
00731100,2012-2013,grant,62262100,06226-2100
00731100,2013-2014,grant,62262100,06226-2100
00745900,2006-2007,grant,65143902,06514-3902
00745900,2007-2008,grant,65143902,06514-3902
00745900,2009-2010,grant,65143902,06514-3902
00745900,2010-2011,grant,65143902,06514-3902
00745900,2011-2012,grant,65143902,06514-3902
00745900,2012-2013,grant,65143902,06514-3902
00745900,2013-2014,grant,65143902,06514-3902
00748100,2006-2007,grant,21162904,02116-2904
00748100,2007-2008,grant,21162904,02116-2904
00748100,2009-2010,grant,21162904,02116-2904
00748100,2010-2011,grant,21162904,02116-2904
00748100,2011-2012,grant,21162904,02116-2904
00748100,2012-2013,grant,21162904,02116-2904
00748100,2013-2014,grant,21162904,02116-2904
00748400,2006-2007,grant,24455796,02445-5796
00748400,2007-2008,grant,24455796,02445-5796
00748400,2009-2010,grant,24455796,02445-5796
00748400,2010-2011,grant,24455796,02445-5796
00748400,2011-2012,grant,24455796,02445-5796
00748400,2012-2013,grant,24455796,02445-5796
00748400,2013-2014,grant,24455796,02445-5796
00748600,2006-2007,grant,24457295,02445-7295
00748600,2007-2008,grant,24457295,02445-7295
00748600,2009-2010,grant,24457295,02445-7295
00748600,2010-2011,grant,24457295,02445-7295
00748600,2011-2012,grant,24457295,02445-7295
00748600,2012-2013,grant,24457295,02445-7295
00748600,2013-2014,grant,24457295,02445-7295
00748800,2006-2007,grant,21291644,02129-1644
00748800,2007-2008,grant,21291644,02129-1644
00748800,2009-2010,grant,21291644,02129-1644
00748800,2010-2011,grant,21291644,02129-1644
00748800,2011-2012,grant,21291644,02129-1644
00748800,2012-2013,grant,21291644,02129-1644
00748800,2013-2014,grant,21291644,02129-1644
00750200,2006-2007,grant,74243367,07424-3367
00750200,2007-2008,grant,74243367,07424-3367
00750200,2009-2010,grant,74243367,07424-3367
00750200,2010-2011,grant,74243367,07424-3367
00750200,2011-2012,grant,74243367,07424-3367
00750200,2012-2013,grant,74243367,07424-3367
00750200,2013-2014,grant,74243367,07424-3367
00750201,2006-2007,grant,74243367,07424-3367
00750201,2007-2008,grant,74243367,07424-3367
00750201,2009-2010,grant,74243367,07424-3367
00750202,2006-2007,grant,74243367,07424-3367
00750202,2007-2008,grant,74243367,07424-3367
00750202,2009-2010,grant,74243367,07424-3367
00750600,2006-2007,grant,70835032,07083-5032
00750600,2007-2008,grant,70835032,07083-5032
00750600,2009-2010,grant,70835032,07083-5032
00750600,2010-2011,grant,70835032,07083-5032
00750700,2006-2007,grant,70391611,07039-1611
00750700,2007-2008,grant,70391611,07039-1611
00750700,2009-2010,grant,70391611,07039-1611
00755500,2006-2007,grant,32461326,03246-1326
00755500,2007-2008,grant,32461326,03246-1326
00755500,2009-2010,grant,32461326,03246-1326
00755500,2010-2011,grant,32461326,03246-1326
00755500,2011-2012,grant,32461326,03246-1326
00755500,2012-2013,grant,32461326,03246-1326
00755500,2013-2014,grant,32461326,03246-1326
00756000,2006-2007,grant,37439707,03743-9707
00756000,2007-2008,grant,37439707,03743-9707
00756000,2009-2010,grant,37439707,03743-9707
00756000,2010-2011,grant,37439707,03743-9707
00756000,2011-2012,grant,37439707,03743-9707
00756000,2012-2013,grant,37439707,03743-9707
00756000,2013-2014,grant,37439707,03743-9707
00759300,2006-2007,grant,76015509,07601-5509
00759300,2007-2008,grant,76015509,07601-5509
00759300,2009-2010,grant,76015509,07601-5509
00759300,2010-2011,grant,76015509,07601-5509
00759300,2011-2012,grant,76015509,07601-5509
00759300,2012-2013,grant,76015509,07601-5509
00759300,2013-2014,grant,76015509,07601-5509
00763500,2006-2007,grant,61031207,06103-1207
00763500,2007-2008,grant,61031207,06103-1207
00763500,2009-2010,grant,61031207,06103-1207
00763500,2010-2011,grant,61031207,06103-1207
00763500,2011-2012,grant,61031207,06103-1207
00763500,2012-2013,grant,61031207,06103-1207
00763500,2013-2014,grant,61031207,06103-1207
00772900,2006-2007,grant,78692086,07869-2086
00772900,2007-2008,grant,78692086,07869-2086
00772900,2009-2010,grant,78692086,07869-2086
00772900,2010-2011,grant,78692086,07869-2086
00772900,2011-2012,grant,78692086,07869-2086
00772900,2012-2013,grant,78692086,07869-2086
00772900,2013-2014,grant,78692086,07869-2086
00773000,2006-2007,grant,80681599,08068-1599
00773000,2007-2008,grant,80681599,08068-1599
00773000,2009-2010,grant,80681599,08068-1599
00773000,2010-2011,grant,80681599,08068-1599
00773000,2011-2012,grant,80681599,08068-1599
00773000,2012-2013,grant,80681599,08068-1599
00773000,2013-2014,grant,80681599,08068-1599
00773100,2006-2007,grant,88761265,08876-1265
00773100,2007-2008,grant,88761265,08876-1265
00773100,2009-2010,grant,88761265,08876-1265
00773100,2010-2011,grant,88761265,08876-1265
00773100,2011-2012,grant,88761265,08876-1265
00773100,2012-2013,grant,88761265,08876-1265
00773100,2013-2014,grant,88761265,08876-1265
00784400,2006-2007,grant,29207807,02920-7807
00784400,2007-2008,grant,29207807,02920-7807
00784500,2006-2007,grant,28862266,02886-2266
00784500,2007-2008,grant,28862266,02886-2266
00784500,2009-2010,grant,28862266,02886-2266
00784500,2010-2011,grant,28181205,02818-1205
00784500,2011-2012,grant,28181205,02818-1205
00784500,2012-2013,grant,28181205,02818-1205
00784500,2013-2014,grant,28181205,02818-1205
00794700,2006-2007,grant,87012754,08701-2754
00794700,2007-2008,grant,87012754,08701-2754
00794700,2009-2010,grant,87012754,08701-2754
00794700,2010-2011,grant,87012754,08701-2754
00794700,2011-2012,grant,87012754,08701-2754
00794700,2012-2013,grant,87012754,08701-2754
00794700,2013-2014,grant,87012754,08701-2754
00803700,2006-2007,grant,65115970,06511-5970
00803700,2007-2008,grant,65115970,06511-5970
00803700,2009-2010,grant,65115970,06511-5970
00803700,2010-2011,grant,65100000,06510-0000
00803700,2011-2012,grant,65100000,06510-0000
00803700,2012-2013,grant,65100000,06510-0000
00803700,2013-2014,grant,65100000,06510-0000
00803800,2006-2007,grant,64574889,06457-4889
00803800,2007-2008,grant,64574889,06457-4889
00803800,2009-2010,grant,64574889,06457-4889
00803800,2010-2011,grant,64574889,06457-4889
00803800,2011-2012,grant,64574889,06457-4889
00803800,2012-2013,grant,64574889,06457-4889
00803800,2013-2014,grant,64574889,06457-4889
00807800,2006-2007,grant,11019000,01101-9000
00807800,2007-2008,grant,11019000,01101-9000
00807800,2009-2010,grant,11019000,01101-9000
00807800,2010-2011,grant,11019000,01101-9000
00807800,2011-2012,grant,11019000,01101-9000
00807800,2012-2013,grant,11019000,01101-9000
00807800,2013-2014,grant,11019000,01101-9000
00840400,2006-2007,grant,77381597,07738-1597
00840400,2007-2008,grant,77381597,07738-1597
00840400,2009-2010,grant,77381597,07738-1597
00840400,2010-2011,grant,77381597,07738-1597
00840400,2011-2012,grant,77381597,07738-1597
00840400,2012-2013,grant,77381597,07738-1597
00840400,2013-2014,grant,77381597,07738-1597
00849300,2006-2007,grant,31034901,03103-4901
00849300,2007-2008,grant,31034901,03103-4901
00849300,2009-2010,grant,31034901,03103-4901
00849300,2010-2011,grant,31034901,03103-4901
00849300,2011-2012,grant,31034901,03103-4901
00849400,2006-2007,grant,75131402,07513-1402
00849400,2007-2008,grant,75131402,07513-1402
00849400,2009-2010,grant,75131402,07513-1402
00849400,2010-2011,grant,75131402,07513-1402
00849400,2011-2012,grant,75131402,07513-1402
00849400,2012-2013,grant,75131402,07513-1402
00849400,2013-2014,grant,75131402,07513-1402
00857500,2006-2007,grant,54954001,05495-4001
00857500,2007-2008,grant,54954001,05495-4001
00857500,2009-2010,grant,54954001,05495-4001
00857500,2010-2011,grant,54954001,05495-4001
00857500,2011-2012,grant,54954001,05495-4001
00857500,2012-2013,grant,54954001,05495-4001
00857500,2013-2014,grant,54954001,05495-4001
00860900,2006-2007,grant,79603600,07960-3600
00860900,2007-2008,grant,79603600,07960-3600
00860900,2009-2010,grant,79603600,07960-3600
00860900,2010-2011,grant,79603600,07960-3600
00860900,2011-2012,grant,79603600,07960-3600
00860900,2012-2013,grant,79603600,07960-3600
00860900,2013-2014,grant,79603600,07960-3600
00864500,2006-2007,grant,32203450,03220-3450
00864500,2007-2008,grant,32203450,03220-3450
00864500,2009-2010,grant,32203450,03220-3450
00864500,2010-2011,grant,32203450,03220-3450
00864500,2011-2012,grant,32203450,03220-3450
00864500,2012-2013,grant,32203450,03220-3450
00864500,2013-2014,grant,32203450,03220-3450
00865800,2006-2007,grant,54037747,05403-7747
00865800,2007-2008,grant,54037747,05403-7747
00865800,2009-2010,grant,54037747,05403-7747
00865800,2010-2011,grant,54037747,05403-7747
00865800,2011-2012,grant,54037747,05403-7747
00865800,2012-2013,grant,54037747,05403-7747
00865800,2013-2014,grant,54037747,05403-7747
00887200,2006-2007,grant,64604160,06460-4160
00887200,2007-2008,grant,64604160,06460-4160
00887200,2009-2010,grant,64604160,06460-4160
00887300,2006-2007,grant,68106716,06810-6716
00887300,2007-2008,grant,68106716,06810-6716
00887300,2009-2010,grant,68106716,06810-6716
00887300,2010-2011,grant,68106716,06810-6716
00887300,2011-2012,grant,68106716,06810-6716
00887300,2012-2013,grant,68106716,06810-6716
00887300,2013-2014,grant,68106716,06810-6716
00887400,2006-2007,grant,64504836,06450-4836
00887400,2007-2008,grant,64504836,06450-4836
00887400,2009-2010,grant,64504836,06450-4836
00887400,2010-2011,grant,64504836,06450-4836
00887400,2011-2012,grant,64504836,06450-4836
00887400,2012-2013,grant,64504836,06450-4836
00887400,2013-2014,grant,64504836,06450-4836
00890200,2006-2007,grant,7258517,00725-8517
00890200,2007-2008,grant,7258517,00725-8517
00890200,2009-2010,grant,7258517,00725-8517
00890200,2010-2011,grant,7258517,00725-8517
00890200,2011-2012,grant,7258517,00725-8517
00890200,2012-2013,grant,7258517,00725-8517
00890200,2013-2014,grant,7258517,00725-8517
00903800,2006-2007,grant,42406627,04240-6627
00903800,2007-2008,grant,42406627,04240-6627
00903800,2009-2010,grant,42406627,04240-6627
00903800,2010-2011,grant,42406627,04240-6627
00903800,2011-2012,grant,42406627,04240-6627
00903800,2012-2013,grant,42406627,04240-6627
00903800,2013-2014,grant,42406627,04240-6627
00906500,2006-2007,grant,61052891,06105-2891
00906500,2007-2008,grant,61052891,06105-2891
00906500,2009-2010,grant,61052891,06105-2891
00906500,2010-2011,grant,61052891,06105-2891
00907800,2006-2007,grant,70112111,07011-2111
00907800,2007-2008,grant,70112111,07011-2111
00907800,2009-2010,grant,70112111,07011-2111
00907800,2010-2011,grant,70112111,07011-2111
00907800,2011-2012,grant,70112111,07011-2111
00907800,2012-2013,grant,70112111,07011-2111
00907800,2013-2014,grant,70112111,07011-2111
00912900,2006-2007,grant,21485008,02148-5008
00912900,2007-2008,grant,21485008,02148-5008
00923100,2006-2007,grant,46199704,04619-9704
00923100,2007-2008,grant,46199704,04619-9704
00923100,2009-2010,grant,46199704,04619-9704
00923100,2010-2011,grant,46199704,04619-9704
00923100,2011-2012,grant,46199704,04619-9704
00923100,2012-2013,grant,46199704,04619-9704
00923100,2013-2014,grant,46199704,04619-9704
00923600,2006-2007,grant,30632052,03063-2052
00923600,2007-2008,grant,30632052,03063-2052
00923600,2009-2010,grant,30632052,03063-2052
00923600,2010-2011,grant,30632052,03063-2052
00923600,2011-2012,grant,30632052,03063-2052
00923600,2012-2013,grant,30632052,03063-2052
00923600,2013-2014,grant,30632052,03063-2052
00927700,2006-2007,grant,60532299,06053-2299
00927700,2007-2008,grant,60532299,06053-2299
00927700,2009-2010,grant,60102269,06010-2269
00927700,2010-2011,grant,60102269,06010-2269
00927700,2011-2012,grant,60102269,06010-2269
00927700,2012-2013,grant,60102269,06010-2269
00927700,2013-2014,grant,60102269,06010-2269
00929100,2006-2007,grant,69040000,06904-0000
00929100,2007-2008,grant,69040000,06904-0000
00929100,2009-2010,grant,69040000,06904-0000
00929200,2006-2007,grant,41062415,04106-2415
00929200,2007-2008,grant,41062415,04106-2415
00934400,2006-2007,grant,74301680,07430-1680
00934400,2007-2008,grant,74301680,07430-1680
00934400,2009-2010,grant,74301680,07430-1680
00934400,2010-2011,grant,74301680,07430-1680
00934400,2011-2012,grant,74301680,07430-1680
00934400,2012-2013,grant,74301680,07430-1680
00934400,2013-2014,grant,74301680,07430-1680
00934500,2006-2007,grant,82400195,08240-0195
00934500,2007-2008,grant,82400195,08240-0195
00934500,2009-2010,grant,82059441,08205-9441
00934500,2010-2011,grant,82059441,08205-9441
00934500,2011-2012,grant,82059441,08205-9441
00934500,2012-2013,grant,82059441,08205-9441
00934500,2013-2014,grant,82059441,08205-9441
00940700,2006-2007,grant,64891057,06489-1057
00940700,2007-2008,grant,64891057,06489-1057
00940700,2009-2010,grant,64891057,06489-1057
00940700,2010-2011,grant,64891057,06489-1057
00940700,2011-2012,grant,64891057,06489-1057
00940700,2012-2013,grant,64891057,06489-1057
00940700,2013-2014,grant,64891057,06489-1057
00940701,2009-2010,grant,64891057,06489-1057
00945900,2006-2007,grant,41013348,04101-3348
00945900,2007-2008,grant,41013348,04101-3348
00945900,2009-2010,grant,41013348,04101-3348
00945900,2010-2011,grant,41013348,04101-3348
00945900,2011-2012,grant,41013348,04101-3348
00945900,2012-2013,grant,41013348,04101-3348
00945900,2013-2014,grant,41013348,04101-3348
00964500,2006-2007,grant,12309702,01230-9702
00964500,2007-2008,grant,12309702,01230-9702
00964500,2009-2010,grant,12309702,01230-9702
00964500,2010-2011,grant,12309702,01230-9702
00964500,2011-2012,grant,12309702,01230-9702
00964500,2012-2013,grant,12309702,01230-9702
00964500,2013-2014,grant,12309702,01230-9702
00965200,2010-2011,grant,7160000,00716-0000
00965200,2011-2012,grant,7160000,00716-0000
00965200,2012-2013,grant,7160000,00716-0000
00965200,2013-2014,grant,7160000,00716-0000
00976400,2006-2007,grant,60323187,06032-3187
00976400,2007-2008,grant,60323187,06032-3187
00976400,2009-2010,grant,60323187,06032-3187
00976400,2010-2011,grant,60323187,06032-3187
00976400,2011-2012,grant,60323187,06032-3187
00976400,2012-2013,grant,60323187,06032-3187
00976400,2013-2014,grant,60323187,06032-3187
00976500,2006-2007,grant,63600000,06360-0000
00976500,2007-2008,grant,63600000,06360-0000
00976500,2009-2010,grant,63606598,06360-6598
00976500,2010-2011,grant,63606598,06360-6598
00976500,2011-2012,grant,63606598,06360-6598
00976500,2012-2013,grant,63606598,06360-6598
00976500,2013-2014,grant,63606598,06360-6598
00982200,2006-2007,grant,61063799,06106-3799
00982200,2007-2008,grant,61063799,06106-3799
00982200,2009-2010,grant,61063799,06106-3799
00982200,2010-2011,grant,61063799,06106-3799
00982200,2011-2012,grant,61063799,06106-3799
00982200,2012-2013,grant,61063799,06106-3799
00982200,2013-2014,grant,61063799,06106-3799
00982600,2006-2007,grant,49371367,04937-1367
00982600,2007-2008,grant,49371367,04937-1367
00982600,2009-2010,grant,49371367,04937-1367
00982600,2010-2011,grant,49371367,04937-1367
00982600,2011-2012,grant,49371367,04937-1367
00982600,2012-2013,grant,49371367,04937-1367
00982600,2013-2014,grant,49371367,04937-1367
00987700,2006-2007,grant,14205675,01420-5675
00987700,2007-2008,grant,14205675,01420-5675
00987700,2009-2010,grant,14205675,01420-5675
00987700,2010-2011,grant,14205675,01420-5675
00987700,2011-2012,grant,14205675,01420-5675
00987700,2012-2013,grant,14205675,01420-5675
00987700,2013-2014,grant,14205675,01420-5675
00989900,2006-2007,grant,18521909,01852-1909
00989900,2007-2008,grant,18521909,01852-1909
00989900,2009-2010,grant,18521909,01852-1909
00989900,2010-2011,grant,18521909,01852-1909
00989900,2011-2012,grant,18521909,01852-1909
00989900,2012-2013,grant,18521909,01852-1909
00989900,2013-2014,grant,18521909,01852-1909
00993600,2006-2007,grant,17301197,01730-1197
00993600,2007-2008,grant,17301197,01730-1197
00993600,2009-2010,grant,17301197,01730-1197
00993600,2010-2011,grant,17301197,01730-1197
00993600,2011-2012,grant,17301197,01730-1197
00993600,2012-2013,grant,17301197,01730-1197
00993600,2013-2014,grant,17301197,01730-1197
00999400,2006-2007,grant,75051179,07505-1179
00999400,2007-2008,grant,75051179,07505-1179
00999400,2009-2010,grant,75051179,07505-1179
00999400,2010-2011,grant,75051179,07505-1179
00999400,2011-2012,grant,75051179,07505-1179
00999400,2012-2013,grant,75051179,07505-1179
00999400,2013-2014,grant,75051179,07505-1179
01039400,2006-2007,grant,71073000,07107-3000
01039400,2007-2008,grant,71073000,07107-3000
01039400,2009-2010,grant,71073000,07107-3000
01039400,2010-2011,grant,71073000,07107-3000
01041700,2006-2007,grant,61082220,06108-2220
01041700,2007-2008,grant,61082220,06108-2220
01041700,2009-2010,grant,61082220,06108-2220
01041700,2010-2011,grant,61082220,06108-2220
01041700,2011-2012,grant,61082220,06108-2220
01041700,2012-2013,grant,61082220,06108-2220
01041700,2013-2014,grant,61082220,06108-2220
01053000,2006-2007,grant,62391440,06239-1440
01053000,2007-2008,grant,62391440,06239-1440
01053000,2009-2010,grant,62391440,06239-1440
01053000,2010-2011,grant,62391440,06239-1440
01053000,2011-2012,grant,62391440,06239-1440
01053000,2012-2013,grant,62391440,06239-1440
01053000,2013-2014,grant,62391440,06239-1440
01056700,2006-2007,grant,9182973,00918-2973
01056700,2007-2008,grant,9182973,00918-2973
01056700,2009-2010,grant,9182973,00918-2973
01056700,2010-2011,grant,9182973,00918-2973
01056700,2011-2012,grant,9182973,00918-2973
01056700,2012-2013,grant,9182973,00918-2973
01056700,2013-2014,grant,9182973,00918-2973
01062900,2006-2007,grant,80301750,08030-1750
01062900,2007-2008,grant,80301750,08030-1750
01062900,2009-2010,grant,80301750,08030-1750
01062900,2010-2011,grant,80301750,08030-1750
01062900,2011-2012,grant,80301750,08030-1750
01062900,2012-2013,grant,80301750,08030-1750
01062900,2013-2014,grant,80301750,08030-1750
01072400,2006-2007,grant,9023711,00902-3711
01072400,2007-2008,grant,9023711,00902-3711
01072400,2009-2010,grant,9023711,00902-3711
01072400,2010-2011,grant,9023711,00902-3711
01072400,2011-2012,grant,9023711,00902-3711
01072400,2012-2013,grant,9023711,00902-3711
01072400,2013-2014,grant,9023711,00902-3711
01077900,2006-2007,grant,66157158,06615-7158
01077900,2007-2008,grant,66157158,06615-7158
01077900,2009-2010,grant,66157158,06615-7158
01077900,2010-2011,grant,66157158,06615-7158
01077900,2011-2012,grant,66157158,06615-7158
01077900,2012-2013,grant,66157158,06615-7158
01077900,2013-2014,grant,66157158,06615-7158
01081900,2006-2007,grant,9073373,00907-3373
01081900,2007-2008,grant,9073373,00907-3373
01081900,2009-2010,grant,9073373,00907-3373
01081900,2010-2011,grant,9073373,00907-3373
01081900,2011-2012,grant,9073373,00907-3373
01081900,2012-2013,grant,9073373,00907-3373
01081900,2013-2014,grant,9073373,00907-3373
01085100,2006-2007,grant,70543409,07054-3409
01085100,2007-2008,grant,70543409,07054-3409
01085100,2009-2010,grant,70543409,07054-3409
01085100,2010-2011,grant,70543409,07054-3409
01085100,2011-2012,grant,70543409,07054-3409
01085100,2012-2013,grant,70543409,07054-3409
01085100,2013-2014,grant,70543409,07054-3409
01090300,2006-2007,grant,80531800,08053-1800
01090300,2007-2008,grant,80434600,08043-4600
01090300,2009-2010,grant,80434600,08043-4600
01090300,2010-2011,grant,80434600,08043-4600
01090300,2011-2012,grant,80434600,08043-4600
01090300,2012-2013,grant,80434600,08043-4600
01090300,2013-2014,grant,80434600,08043-4600
01092200,2010-2011,grant,6412500,00641-2500
01092200,2011-2012,grant,6412500,00641-2500
01092200,2012-2013,grant,6412500,00641-2500
01092200,2013-2014,grant,6412500,00641-2500
01097500,2010-2011,grant,9591911,00959-1911
01097500,2011-2012,grant,9591911,00959-1911
01097500,2012-2013,grant,9591911,00959-1911
01097500,2013-2014,grant,9591911,00959-1911
01115000,2006-2007,grant,60823800,06082-3800
01115000,2007-2008,grant,60823800,06082-3800
01115000,2009-2010,grant,60823800,06082-3800
01115000,2010-2011,grant,60823800,06082-3800
01115000,2011-2012,grant,60823800,06082-3800
01115000,2012-2013,grant,60823800,06082-3800
01115000,2013-2014,grant,60823800,06082-3800
01115900,2006-2007,grant,28604117,02860-4117
01115900,2007-2008,grant,28604117,02860-4117
01115900,2009-2010,grant,28604117,02860-4117
01115900,2010-2011,grant,28604117,02860-4117
01115900,2011-2012,grant,28604117,02860-4117
01115900,2012-2013,grant,28604117,02860-4117
01116700,2006-2007,grant,56761552,05676-1552
01116700,2007-2008,grant,56761552,05676-1552
01116700,2009-2010,grant,54042245,05404-2245
01116700,2010-2011,grant,54042245,05404-2245
01116700,2011-2012,grant,54042245,05404-2245
01116700,2012-2013,grant,54042245,05404-2245
01116700,2013-2014,grant,56010489,05601-0489
01120300,2006-2007,grant,7910859,00791-0859
01120300,2007-2008,grant,7910859,00791-0859
01120300,2009-2010,grant,7910859,00791-0859
01120300,2010-2011,grant,7910859,00791-0859
01120300,2011-2012,grant,7910859,00791-0859
01120300,2012-2013,grant,7910859,00791-0859
01120300,2013-2014,grant,7910859,00791-0859
01121000,2006-2007,grant,21292991,02129-2991
01121000,2007-2008,grant,21292991,02129-2991
01121000,2009-2010,grant,21292991,02129-2991
01121000,2010-2011,grant,21292991,02129-2991
01121000,2011-2012,grant,21292991,02129-2991
01121000,2012-2013,grant,21292991,02129-2991
01121000,2013-2014,grant,21292991,02129-2991
01138500,2006-2007,grant,46091105,04609-1105
01138500,2007-2008,grant,46091105,04609-1105
01138500,2009-2010,grant,46091105,04609-1105
01138500,2010-2011,grant,46091105,04609-1105
01138500,2011-2012,grant,46091105,04609-1105
01138500,2012-2013,grant,46091105,04609-1105
01138500,2013-2014,grant,46091105,04609-1105
01149600,2006-2007,grant,66103499,06610-3499
01149600,2007-2008,grant,66103499,06610-3499
01149600,2009-2010,grant,66103499,06610-3499
01149600,2010-2011,grant,66103499,06610-3499
01149600,2011-2012,grant,66103499,06610-3499
01149600,2012-2013,grant,66103499,06610-3499
01149600,2013-2014,grant,66103499,06610-3499
01151000,2006-2007,grant,21353605,02135-3605
01151000,2007-2008,grant,21353605,02135-3605
01151000,2009-2010,grant,21353605,02135-3605
01151000,2010-2011,grant,21353605,02135-3605
01151000,2011-2012,grant,21353605,02135-3605
01151000,2012-2013,grant,21353605,02135-3605
01151000,2013-2014,grant,21353605,02135-3605
01152300,2006-2007,grant,78342129,07834-2129
01152300,2007-2008,grant,78342129,07834-2129
01152300,2009-2010,grant,78342129,07834-2129
01152300,2010-2011,grant,78342129,07834-2129
01152300,2011-2012,grant,78342129,07834-2129
01152300,2012-2013,grant,78342129,07834-2129
01152300,2013-2014,grant,78342129,07834-2129
01167300,2006-2007,grant,41013987,04101-3987
01167300,2007-2008,grant,41013987,04101-3987
01167300,2009-2010,grant,41013987,04101-3987
01167300,2010-2011,grant,41013987,04101-3987
01167300,2011-2012,grant,41013987,04101-3987
01167300,2012-2013,grant,41013987,04101-3987
01167300,2013-2014,grant,41013987,04101-3987
01169700,2006-2007,grant,64574918,06457-4918
01169700,2007-2008,grant,64574918,06457-4918
01169700,2009-2010,grant,64574918,06457-4918
01169700,2010-2011,grant,64574918,06457-4918
01169700,2011-2012,grant,64574918,06457-4918
01169700,2012-2013,grant,64574918,06457-4918
01169700,2013-2014,grant,64574918,06457-4918
01170800,2006-2007,grant,73065496,07306-5496
01170800,2007-2008,grant,73065496,07306-5496
01170800,2009-2010,grant,73065496,07306-5496
01170800,2010-2011,grant,73065496,07306-5496
01171900,2006-2007,grant,7780000,00778-0000
01171900,2007-2008,grant,7780000,00778-0000
01171900,2009-2010,grant,7780000,00778-0000
01171900,2010-2011,grant,7780000,00778-0000
01171900,2011-2012,grant,7780000,00778-0000
01171900,2012-2013,grant,7780000,00778-0000
01171900,2013-2014,grant,7780000,00778-0000
01184300,2006-2007,grant,63607097,06360-7097
01184300,2007-2008,grant,63607097,06360-7097
01184300,2009-2010,grant,63607097,06360-7097
01184300,2010-2011,grant,63607097,06360-7097
01184300,2011-2012,grant,63607097,06360-7097
01184300,2012-2013,grant,63607097,06360-7097
01184300,2013-2014,grant,63607097,06360-7097
01193000,2006-2007,grant,21203400,02120-3400
01193000,2007-2008,grant,21203400,02120-3400
01193000,2009-2010,grant,21203400,02120-3400
01193000,2010-2011,grant,21203400,02120-3400
01193000,2011-2012,grant,21203400,02120-3400
01193000,2012-2013,grant,21203400,02120-3400
01193000,2013-2014,grant,21203400,02120-3400
01194000,2006-2007,grant,9183611,00918-3611
01194000,2007-2008,grant,9183611,00918-3611
01194000,2009-2010,grant,9183611,00918-3611
01194000,2010-2011,grant,9183611,00918-3611
01194000,2011-2012,grant,9183611,00918-3611
01194000,2012-2013,grant,9183611,00918-3611
01194000,2013-2014,grant,9183611,00918-3611
01194100,2006-2007,grant,9602037,00960-2037
01194100,2007-2008,grant,9602037,00960-2037
01194100,2009-2010,grant,9602037,00960-2037
01194100,2010-2011,grant,9602037,00960-2037
01194100,2011-2012,grant,9602037,00960-2037
01194100,2012-2013,grant,9602037,00960-2037
01194100,2013-2014,grant,9602037,00960-2037
01194101,2006-2007,grant,9602037,00960-2037
01194101,2007-2008,grant,9602037,00960-2037
01194101,2009-2010,grant,9602037,00960-2037
01198900,2006-2007,grant,77100000,07710-0000
01198900,2007-2008,grant,77100000,07710-0000
01198900,2009-2010,grant,77100000,07710-0000
01198900,2010-2011,grant,77100000,07710-0000
01198900,2011-2012,grant,77100000,07710-0000
01198900,2012-2013,grant,77100000,07710-0000
01198900,2013-2014,grant,77100000,07710-0000
01204200,2006-2007,grant,21695061,02169-5061
01204200,2007-2008,grant,21695061,02169-5061
01204200,2009-2010,grant,21695061,02169-5061
01204200,2010-2011,grant,21695061,02169-5061
01204200,2011-2012,grant,21695061,02169-5061
01204200,2012-2013,grant,21695061,02169-5061
01204200,2013-2014,grant,21695061,02169-5061
01206800,2006-2007,grant,11031410,01103-1410
01206800,2007-2008,grant,11031410,01103-1410
01206800,2009-2010,grant,11031410,01103-1410
01206800,2010-2011,grant,11031410,01103-1410
01206800,2011-2012,grant,11031410,01103-1410
01206800,2012-2013,grant,11031410,01103-1410
01206800,2013-2014,grant,11031410,01103-1410
01209000,2006-2007,grant,88614118,08861-4118
01209000,2007-2008,grant,88614118,08861-4118
01209000,2009-2010,grant,88614118,08861-4118
01209000,2010-2011,grant,88614118,08861-4118
01209000,2011-2012,grant,88614118,08861-4118
01209000,2012-2013,grant,88614118,08861-4118
01209000,2013-2014,grant,88614118,08861-4118
01212300,2010-2011,grant,6040160,00604-0160
01212300,2011-2012,grant,6040160,00604-0160
01212300,2012-2013,grant,6040160,00604-0160
01212300,2013-2014,grant,6040160,00604-0160
01218300,2006-2007,grant,54018477,05401-8477
01218300,2007-2008,grant,54018477,05401-8477
01218300,2009-2010,grant,54018477,05401-8477
01218300,2010-2011,grant,54018477,05401-8477
01218300,2011-2012,grant,54018477,05401-8477
01218300,2012-2013,grant,54018477,05401-8477
01218300,2013-2014,grant,54018477,05401-8477
01218700,2009-2010,grant,15681499,01568-1499
01218700,2010-2011,grant,15681499,01568-1499
01218700,2011-2012,grant,15681499,01568-1499
01218700,2012-2013,grant,15681499,01568-1499
01218700,2013-2014,grant,15681499,01568-1499
01234600,2006-2007,grant,70112161,07011-2161
01234600,2007-2008,grant,70112161,07011-2161
01234600,2009-2010,grant,70112161,07011-2161
01234600,2010-2011,grant,70112161,07011-2161
01238600,2006-2007,grant,23751780,02375-1780
01238600,2007-2008,grant,23751780,02375-1780
01238600,2009-2010,grant,23751780,02375-1780
01238600,2010-2011,grant,23751780,02375-1780
01238600,2011-2012,grant,23751780,02375-1780
01238600,2012-2013,grant,23751780,02375-1780
01238600,2013-2014,grant,23751780,02375-1780
01241400,2006-2007,grant,21161914,02116-1914
01242500,2006-2007,grant,65144125,06514-4125
01242500,2007-2008,grant,65144125,06514-4125
01242500,2009-2010,grant,65144125,06514-4125
01242500,2010-2011,grant,65144125,06514-4125
01242500,2011-2012,grant,65144125,06514-4125
01242500,2012-2013,grant,65164049,06516-4049
01242500,2013-2014,grant,65164049,06516-4049
01246100,2006-2007,grant,88202896,08820-2896
01246100,2007-2008,grant,88202896,08820-2896
01246100,2009-2010,grant,88202896,08820-2896
01246100,2010-2011,grant,88202896,08820-2896
01246100,2011-2012,grant,88202896,08820-2896
01246100,2012-2013,grant,88202896,08820-2896
01246100,2013-2014,grant,88202896,08820-2896
01246200,2006-2007,grant,76017197,07601-7197
01246200,2007-2008,grant,76017197,07601-7197
01246200,2009-2010,grant,76017197,07601-7197
01246200,2010-2011,grant,76017197,07601-7197
01246200,2011-2012,grant,76017197,07601-7197
01246200,2012-2013,grant,76017197,07601-7197
01246200,2013-2014,grant,76017197,07601-7197
01252500,2006-2007,grant,9600493,00960-0493
01252500,2007-2008,grant,9600493,00960-0493
01252500,2009-2010,grant,9600493,00960-0493
01252500,2010-2011,grant,9600493,00960-0493
01252500,2011-2012,grant,9600493,00960-0493
01252500,2012-2013,grant,9600493,00960-0493
01252500,2013-2014,grant,9600493,00960-0493
01287700,2006-2007,grant,68551436,06855-1436
01287700,2007-2008,grant,60321909,06032-1909
01287700,2009-2010,grant,60321909,06032-1909
01287700,2010-2011,grant,60321909,06032-1909
01287700,2011-2012,grant,60321909,06032-1909
01287700,2012-2013,grant,60321909,06032-1909
01287700,2013-2014,grant,60321909,06032-1909
01288100,2006-2007,grant,14204649,01420-4649
01288100,2007-2008,grant,14204649,01420-4649
01288100,2009-2010,grant,14204649,01420-4649
01288100,2010-2011,grant,14204649,01420-4649
01288100,2011-2012,grant,14204649,01420-4649
01288100,2012-2013,grant,14204649,01420-4649
01288100,2013-2014,grant,14204649,01420-4649
01291300,2006-2007,grant,66044226,06604-4226
01291300,2007-2008,grant,66044226,06604-4226
01291300,2009-2010,grant,66044226,06604-4226
01291300,2010-2011,grant,66044226,06604-4226
01291300,2011-2012,grant,66044226,06604-4226
01291300,2012-2013,grant,66044226,06604-4226
01292100,2006-2007,grant,21111204,02111-1204
01292100,2007-2008,grant,21111204,02111-1204
01292100,2009-2010,grant,21111204,02111-1204
01292100,2010-2011,grant,21111204,02111-1204
01294800,2006-2007,grant,27215330,02721-5330
01294800,2007-2008,grant,27215330,02721-5330
01294800,2009-2010,grant,27215330,02721-5330
01294800,2010-2011,grant,27215330,02721-5330
01294800,2011-2012,grant,27215330,02721-5330
01294800,2012-2013,grant,27215330,02721-5330
01294800,2013-2014,grant,27215330,02721-5330
01295400,2006-2007,grant,73064012,07306-4012
01295400,2007-2008,grant,73064012,07306-4012
01295400,2009-2010,grant,73064012,07306-4012
01295400,2010-2011,grant,73064012,07306-4012
01295400,2011-2012,grant,73064012,07306-4012
01295400,2012-2013,grant,73064012,07306-4012
01295400,2013-2014,grant,73064012,07306-4012
01314800,2006-2007,grant,9280411,00928-0411
01314800,2007-2008,grant,9250411,00925-0411
01314800,2009-2010,grant,9250411,00925-0411
01318900,2006-2007,grant,30513754,03051-3754
01318900,2007-2008,grant,30513754,03051-3754
01318900,2009-2010,grant,30513754,03051-3754
01318900,2010-2011,grant,30513754,03051-3754
01318900,2011-2012,grant,30513754,03051-3754
01318900,2012-2013,grant,30513754,03051-3754
01318900,2013-2014,grant,30513754,03051-3754
01326400,2006-2007,grant,68114881,06811-4881
01326400,2007-2008,grant,68114881,06811-4881
01326400,2009-2010,grant,68114881,06811-4881
01326400,2010-2011,grant,68114881,06811-4881
02053700,2006-2007,grant,74462546,07446-2546
02053700,2007-2008,grant,74462546,07446-2546
02053700,2009-2010,grant,74462546,07446-2546
02053700,2010-2011,grant,74462546,07446-2546
02053700,2011-2012,grant,74462546,07446-2546
02053700,2012-2013,grant,74462546,07446-2546
02053700,2013-2014,grant,74462546,07446-2546
02058900,2006-2007,grant,62391435,06239-1435
02058900,2007-2008,grant,62391435,06239-1435
02061800,2006-2007,grant,75062516,07506-2516
02061800,2007-2008,grant,75062516,07506-2516
02061800,2009-2010,grant,75062516,07506-2516
02061800,2010-2011,grant,75062516,07506-2516
02061800,2011-2012,grant,75062516,07506-2516
02061800,2012-2013,grant,75062516,07506-2516
02061800,2013-2014,grant,75062516,07506-2516
02063000,2006-2007,grant,19154508,01915-4508
02063000,2007-2008,grant,19154508,01915-4508
02063000,2009-2010,grant,19154508,01915-4508
02063000,2010-2011,grant,19154508,01915-4508
02063000,2011-2012,grant,19154508,01915-4508
02063000,2012-2013,grant,19154508,01915-4508
02063000,2013-2014,grant,19154508,01915-4508
02063100,2006-2007,grant,9073917,00907-3917
02063100,2007-2008,grant,9073917,00907-3917
02063100,2009-2010,grant,9073917,00907-3917
02063100,2010-2011,grant,9073917,00907-3917
02063100,2011-2012,grant,9073917,00907-3917
02063100,2012-2013,grant,9073917,00907-3917
02063100,2013-2014,grant,9073917,00907-3917
02063800,2006-2007,grant,21161597,02116-1597
02063800,2007-2008,grant,21161597,02116-1597
02071900,2006-2007,grant,29033042,02903-3042
02071900,2007-2008,grant,29033042,02903-3042
02071900,2009-2010,grant,29033042,02903-3042
02071900,2010-2011,grant,29033042,02903-3042
02074000,2006-2007,grant,64059811,06405-9811
02074000,2007-2008,grant,64059811,06405-9811
02074000,2009-2010,grant,64059811,06405-9811
02074000,2010-2011,grant,64059811,06405-9811
02074000,2011-2012,grant,64059811,06405-9811
02074000,2012-2013,grant,64059811,06405-9811
02074000,2013-2014,grant,64059811,06405-9811
02076700,2006-2007,grant,21485103,02148-5103
02076700,2007-2008,grant,21485103,02148-5103
02076700,2009-2010,grant,21485103,02148-5103
02076700,2010-2011,grant,21485103,02148-5103
02079400,2006-2007,grant,24535202,02453-5202
02079400,2007-2008,grant,24535202,02453-5202
02079400,2009-2010,grant,17025232,01702-5232
02079400,2010-2011,grant,17025232,01702-5232
02079400,2011-2012,grant,17025232,01702-5232
02079400,2012-2013,grant,17025232,01702-5232
02079400,2013-2014,grant,17025232,01702-5232
02092100,2006-2007,grant,21695058,02169-5058
02092100,2007-2008,grant,21695058,02169-5058
02092100,2009-2010,grant,21695058,02169-5058
02092100,2010-2011,grant,21695058,02169-5058
02092100,2011-2012,grant,21695058,02169-5058
02092100,2012-2013,grant,21695058,02169-5058
02092100,2013-2014,grant,21695058,02169-5058
02092200,2006-2007,grant,18522214,01852-2214
02092200,2007-2008,grant,18522214,01852-2214
02092200,2009-2010,grant,18522214,01852-2214
02092200,2010-2011,grant,18522214,01852-2214
02092300,2006-2007,grant,71109802,07110-9802
02092300,2007-2008,grant,71109802,07110-9802
02092300,2009-2010,grant,71109802,07110-9802
02092300,2010-2011,grant,71109802,07110-9802
02092300,2011-2012,grant,71109802,07110-9802
02092300,2012-2013,grant,71109802,07110-9802
02092300,2013-2014,grant,71109802,07110-9802
02097000,2006-2007,grant,9200000,00920-0000
02100000,2006-2007,grant,9185955,00918-5955
02100000,2007-2008,grant,9185955,00918-5955
02100000,2009-2010,grant,9185955,00918-5955
02100000,2010-2011,grant,9185955,00918-5955
02100000,2011-2012,grant,9185955,00918-5955
02100000,2012-2013,grant,9185955,00918-5955
02100000,2013-2014,grant,9185955,00918-5955
02103700,2006-2007,grant,76523901,07652-3901
02103700,2007-2008,grant,76523901,07652-3901
02103700,2009-2010,grant,76523901,07652-3901
02103700,2010-2011,grant,76523901,07652-3901
02103700,2011-2012,grant,76523901,07652-3901
02103700,2012-2013,grant,76523901,07652-3901
02103700,2013-2014,grant,76523901,07652-3901
02104000,2006-2007,grant,80022983,08002-2983
02104000,2007-2008,grant,80022983,08002-2983
02104000,2009-2010,grant,80022983,08002-2983
02104000,2010-2011,grant,80022983,08002-2983
02104000,2011-2012,grant,80022983,08002-2983
02104000,2012-2013,grant,80022983,08002-2983
02104000,2013-2014,grant,80022983,08002-2983
02104400,2006-2007,grant,41021042,04102-1042
02104400,2007-2008,grant,41021042,04102-1042
02104400,2009-2010,grant,40930000,04093-0000
02104400,2010-2011,grant,40930000,04093-0000
02104400,2011-2012,grant,40930000,04093-0000
02104400,2012-2013,grant,40930000,04093-0000
02104400,2013-2014,grant,40930000,04093-0000
02106600,2006-2007,grant,61101922,06110-1922
02106600,2007-2008,grant,61101922,06110-1922
02106600,2009-2010,grant,61101922,06110-1922
02106600,2010-2011,grant,61101922,06110-1922
02106600,2011-2012,grant,61101922,06110-1922
02106600,2012-2013,grant,61101922,06110-1922
02106600,2013-2014,grant,61101922,06110-1922
02112300,2006-2007,grant,63205548,06320-5548
02112300,2007-2008,grant,63205548,06320-5548
02112300,2009-2010,grant,63205548,06320-5548
02112300,2010-2011,grant,63205548,06320-5548
02112300,2011-2012,grant,63205548,06320-5548
02112300,2012-2013,grant,63205548,06320-5548
02112300,2013-2014,grant,63205548,06320-5548
02112700,2006-2007,grant,64733108,06473-3108
02112700,2007-2008,grant,64733108,06473-3108
02112700,2009-2010,grant,64733108,06473-3108
02112700,2010-2011,grant,64733108,06473-3108
02112700,2011-2012,grant,64733108,06473-3108
02112700,2012-2013,grant,64733108,06473-3108
02112700,2013-2014,grant,64733108,06473-3108
02115100,2006-2007,grant,66042383,06604-2383
02115100,2007-2008,grant,66042383,06604-2383
02115100,2009-2010,grant,66042383,06604-2383
02115100,2010-2011,grant,66042383,06604-2383
02115100,2011-2012,grant,66042383,06604-2383
02115100,2012-2013,grant,66042383,06604-2383
02122000,2006-2007,grant,21485118,02148-5118
02122000,2007-2008,grant,21485118,02148-5118
02122000,2009-2010,grant,21485118,02148-5118
02122000,2010-2011,grant,21485118,02148-5118
02122000,2011-2012,grant,21485118,02148-5118
02122000,2012-2013,grant,21485118,02148-5118
02122000,2013-2014,grant,21485118,02148-5118
02131100,2006-2007,grant,70602802,07060-2802
02131100,2007-2008,grant,70602802,07060-2802
02131100,2009-2010,grant,70602802,07060-2802
02131100,2010-2011,grant,70602802,07060-2802
02131100,2011-2012,grant,70602802,07060-2802
02131100,2012-2013,grant,70602802,07060-2802
02131100,2013-2014,grant,70602802,07060-2802
02131600,2006-2007,grant,80129961,08012-9961
02131600,2007-2008,grant,80129961,08012-9961
02131600,2009-2010,grant,80129961,08012-9961
02131600,2010-2011,grant,80129961,08012-9961
02131600,2011-2012,grant,80129961,08012-9961
02131600,2012-2013,grant,80129961,08012-9961
02131600,2013-2014,grant,80129961,08012-9961
02132300,2006-2007,grant,74707041,07470-7041
02132300,2007-2008,grant,74707041,07470-7041
02132300,2009-2010,grant,74707041,07470-7041
02132300,2010-2011,grant,74707041,07470-7041
02132300,2011-2012,grant,74707041,07470-7041
02132300,2012-2013,grant,74707041,07470-7041
02132300,2013-2014,grant,74707041,07470-7041
02137000,2006-2007,grant,27803121,02780-3121
02137000,2007-2008,grant,27803121,02780-3121
02137000,2009-2010,grant,27803121,02780-3121
02137000,2010-2011,grant,27803121,02780-3121
02137000,2011-2012,grant,27803121,02780-3121
02137000,2012-2013,grant,27803121,02780-3121
02137000,2013-2014,grant,27803121,02780-3121
02140400,2006-2007,grant,30604161,03060-4161
02140400,2007-2008,grant,30604161,03060-4161
02140400,2009-2010,grant,30604161,03060-4161
02140400,2010-2011,grant,30604161,03060-4161
02140400,2011-2012,grant,30604161,03060-4161
02140400,2012-2013,grant,30604161,03060-4161
02140400,2013-2014,grant,30604161,03060-4161
02143000,2006-2007,grant,21383599,02138-3599
02143000,2007-2008,grant,21383599,02138-3599
02143000,2009-2010,grant,21383599,02138-3599
02143500,2006-2007,grant,58270072,05827-0072
02143500,2007-2008,grant,58270072,05827-0072
02143500,2009-2010,grant,58270072,05827-0072
02143500,2010-2011,grant,58270072,05827-0072
02143500,2011-2012,grant,58270072,05827-0072
02143500,2012-2013,grant,58270072,05827-0072
02143500,2013-2014,grant,58270072,05827-0072
02146800,2006-2007,grant,78014054,07801-4054
02146800,2007-2008,grant,78014054,07801-4054
02146800,2009-2010,grant,78014054,07801-4054
02146800,2010-2011,grant,78014054,07801-4054
02146800,2011-2012,grant,78014054,07801-4054
02146800,2012-2013,grant,78014054,07801-4054
02146800,2013-2014,grant,78014054,07801-4054
02148700,2006-2007,grant,67163322,06716-3322
02148700,2007-2008,grant,67163322,06716-3322
02148700,2009-2010,grant,67163322,06716-3322
02148700,2010-2011,grant,67163322,06716-3322
02148700,2011-2012,grant,67163322,06716-3322
02148700,2012-2013,grant,67163322,06716-3322
02148700,2013-2014,grant,67163322,06716-3322
02149800,2006-2007,grant,80215602,08021-5602
02149800,2007-2008,grant,80215602,08021-5602
02149800,2009-2010,grant,80215602,08021-5602
02149800,2010-2011,grant,80215602,08021-5602
02154000,2006-2007,grant,80811139,08081-1139
02154000,2007-2008,grant,80811139,08081-1139
02154000,2009-2010,grant,80811139,08081-1139
02154000,2010-2011,grant,80811139,08081-1139
02154000,2011-2012,grant,80811139,08081-1139
02154000,2012-2013,grant,80811139,08081-1139
02154000,2013-2014,grant,80811139,08081-1139
02163300,2006-2007,grant,9606032,00960-6032
02163300,2007-2008,grant,9606032,00960-6032
02163300,2009-2010,grant,9606032,00960-6032
02163300,2010-2011,grant,9606032,00960-6032
02163300,2011-2012,grant,9606032,00960-6032
02163300,2012-2013,grant,9606032,00960-6032
02163300,2013-2014,grant,9606032,00960-6032
02163500,2006-2007,grant,22152005,02215-2005
02163500,2007-2008,grant,22152005,02215-2005
02163500,2009-2010,grant,22152005,02215-2005
02163500,2010-2011,grant,22152005,02215-2005
02163500,2011-2012,grant,22152005,02215-2005
02163500,2012-2013,grant,22152005,02215-2005
02163500,2013-2014,grant,22152005,02215-2005
02165100,2006-2007,grant,9192303,00919-2303
02165100,2007-2008,grant,9192303,00919-2303
02165100,2009-2010,grant,9192303,00919-2303
02165100,2010-2011,grant,9192303,00919-2303
02165100,2011-2012,grant,9192303,00919-2303
02165100,2012-2013,grant,9192303,00919-2303
02165100,2013-2014,grant,9192303,00919-2303
02166400,2006-2007,grant,9171102,00917-1102
02166400,2007-2008,grant,9171102,00917-1102
02166400,2009-2010,grant,9171102,00917-1102
02166400,2010-2011,grant,9171102,00917-1102
02166400,2011-2012,grant,9171102,00917-1102
02166400,2012-2013,grant,9171102,00917-1102
02166400,2013-2014,grant,9171102,00917-1102
02169900,2006-2007,grant,17521288,01752-1288
02169900,2007-2008,grant,17521288,01752-1288
02169900,2009-2010,grant,17521288,01752-1288
02169900,2010-2011,grant,17521288,01752-1288
02169900,2011-2012,grant,17521288,01752-1288
02169900,2012-2013,grant,17521288,01752-1288
02169900,2013-2014,grant,17521288,01752-1288
02170300,2006-2007,grant,6744929,00674-4929
02170300,2007-2008,grant,6744929,00674-4929
02170300,2009-2010,grant,6744929,00674-4929
02170300,2010-2011,grant,6744929,00674-4929
02170300,2011-2012,grant,6744929,00674-4929
02170300,2012-2013,grant,6744929,00674-4929
02170300,2013-2014,grant,6744929,00674-4929
02174800,2006-2007,grant,31100000,03110-0000
02174800,2007-2008,grant,31100000,03110-0000
02174800,2009-2010,grant,31100000,03110-0000
02174800,2010-2011,grant,31100000,03110-0000
02174800,2011-2012,grant,31100000,03110-0000
02174800,2012-2013,grant,31100000,03110-0000
02174800,2013-2014,grant,31100000,03110-0000
02176900,2006-2007,grant,28861534,02886-1534
02176900,2007-2008,grant,28861534,02886-1534
02176900,2009-2010,grant,28861534,02886-1534
02176900,2010-2011,grant,28861534,02886-1534
02179600,2006-2007,grant,38781592,03878-1592
02179600,2007-2008,grant,38781592,03878-1592
02179600,2009-2010,grant,38781592,03878-1592
02179600,2010-2011,grant,38781592,03878-1592
02179600,2011-2012,grant,38781592,03878-1592
02179600,2012-2013,grant,38781592,03878-1592
02179600,2013-2014,grant,38781592,03878-1592
02181600,2006-2007,grant,16092038,01609-2038
02181600,2007-2008,grant,16092038,01609-2038
02181600,2009-2010,grant,16092038,01609-2038
02181600,2010-2011,grant,16092038,01609-2038
02181600,2011-2012,grant,16092038,01609-2038
02181600,2012-2013,grant,16092038,01609-2038
02181600,2013-2014,grant,16092038,01609-2038
02182900,2006-2007,grant,21385304,02138-5304
02182900,2007-2008,grant,21385304,02138-5304
02182900,2009-2010,grant,21385304,02138-5304
02182900,2010-2011,grant,21385304,02138-5304
02182900,2011-2012,grant,21385304,02138-5304
02182900,2012-2013,grant,21385304,02138-5304
02182900,2013-2014,grant,21385304,02138-5304
02183600,2006-2007,grant,70331042,07033-1042
02183600,2007-2008,grant,70331042,07033-1042
02183600,2009-2010,grant,70331042,07033-1042
02183600,2010-2011,grant,70331042,07033-1042
02183600,2011-2012,grant,70331042,07033-1042
02183600,2012-2013,grant,70331042,07033-1042
02183600,2013-2014,grant,70331042,07033-1042
02186700,2006-2007,grant,80752404,08075-2404
02189100,2006-2007,grant,9261931,00926-1931
02189100,2007-2008,grant,9261931,00926-1931
02189100,2009-2010,grant,9261931,00926-1931
02189100,2010-2011,grant,9261931,00926-1931
02189100,2011-2012,grant,9261931,00926-1931
02189100,2012-2013,grant,9261931,00926-1931
02189100,2013-2014,grant,9261931,00926-1931
02189300,2006-2007,grant,6804222,00680-4222
02189300,2007-2008,grant,6804222,00680-4222
02189300,2009-2010,grant,6804222,00680-4222
02189300,2010-2011,grant,6804222,00680-4222
02189300,2011-2012,grant,6804222,00680-4222
02189300,2012-2013,grant,6804222,00680-4222
02189300,2013-2014,grant,6804222,00680-4222
02192200,2006-2007,grant,86081176,08608-1176
02192200,2007-2008,grant,86081176,08608-1176
02192200,2009-2010,grant,86081176,08608-1176
02192200,2010-2011,grant,86081176,08608-1176
02192200,2011-2012,grant,86081176,08608-1176
02192200,2012-2013,grant,86081176,08608-1176
02192200,2013-2014,grant,86081176,08608-1176
02195400,2006-2007,grant,9606345,00960-6345
02195400,2007-2008,grant,9606345,00960-6345
02195400,2009-2010,grant,9610000,00961-0000
02195400,2010-2011,grant,9610000,00961-0000
02195400,2011-2012,grant,9610000,00961-0000
02195400,2012-2013,grant,9610000,00961-0000
02195400,2013-2014,grant,9610000,00961-0000
02195500,2006-2007,grant,6120000,00612-0000
02195500,2007-2008,grant,6120000,00612-0000
02195500,2009-2010,grant,6120000,00612-0000
02195500,2010-2011,grant,6120000,00612-0000
02195500,2011-2012,grant,6120000,00612-0000
02195500,2012-2013,grant,6120000,00612-0000
02195500,2013-2014,grant,6120000,00612-0000
02195800,2006-2007,grant,9182346,00918-2346
02195800,2007-2008,grant,9182346,00918-2346
02195800,2009-2010,grant,9173429,00917-3429
02195800,2010-2011,grant,9183429,00918-3429
02195800,2011-2012,grant,9183429,00918-3429
02195800,2012-2013,grant,9183429,00918-3429
02195800,2013-2014,grant,9183429,00918-3429
02195900,2006-2007,grant,9855907,00985-5907
02195900,2007-2008,grant,9855907,00985-5907
02195900,2009-2010,grant,9855907,00985-5907
02195900,2010-2011,grant,9855907,00985-5907
02195900,2011-2012,grant,9855907,00985-5907
02195900,2012-2013,grant,9855907,00985-5907
02195900,2013-2014,grant,9855907,00985-5907
02197900,2006-2007,grant,21131914,02113-1914
02197900,2007-2008,grant,21131914,02113-1914
02197900,2009-2010,grant,21131914,02113-1914
02197900,2010-2011,grant,21131914,02113-1914
02197900,2011-2012,grant,21090000,02109-0000
02197900,2012-2013,grant,21090000,02109-0000
02197900,2013-2014,grant,21090000,02109-0000
02202500,2006-2007,grant,60712036,06071-2036
02202500,2007-2008,grant,60712036,06071-2036
02202500,2009-2010,grant,60712036,06071-2036
02202500,2010-2011,grant,60712036,06071-2036
02202500,2011-2012,grant,60712036,06071-2036
02202500,2012-2013,grant,60712036,06071-2036
02202500,2013-2014,grant,60712036,06071-2036
02211600,2006-2007,grant,38014084,03801-4084
02211600,2007-2008,grant,38014084,03801-4084
02211600,2009-2010,grant,38014084,03801-4084
02211600,2010-2011,grant,38014084,03801-4084
02211600,2011-2012,grant,38014084,03801-4084
02211600,2012-2013,grant,38014084,03801-4084
02211600,2013-2014,grant,38014084,03801-4084
02213000,2006-2007,grant,63404899,06340-4899
02215100,2006-2007,grant,13761604,01376-1604
02215100,2007-2008,grant,13761604,01376-1604
02215100,2009-2010,grant,13761604,01376-1604
02215100,2010-2011,grant,13761604,01376-1604
02215100,2011-2012,grant,13761604,01376-1604
02215100,2012-2013,grant,13761604,01376-1604
02215100,2013-2014,grant,13761604,01376-1604
02219600,2006-2007,grant,81094417,08109-4417
02219600,2007-2008,grant,81094417,08109-4417
02219600,2009-2010,grant,81094417,08109-4417
02219600,2010-2011,grant,81094417,08109-4417
02219600,2011-2012,grant,81094417,08109-4417
02219600,2012-2013,grant,80120200,08012-0200
02219600,2013-2014,grant,80120200,08012-0200
02220400,2006-2007,grant,18016815,01801-6815
02220400,2007-2008,grant,18016815,01801-6815
02220400,2009-2010,grant,18016815,01801-6815
02220400,2010-2011,grant,18016815,01801-6815
02220400,2011-2012,grant,18016815,01801-6815
02220400,2012-2013,grant,18016815,01801-6815
02220400,2013-2014,grant,18016815,01801-6815
02223300,2009-2010,grant,32784012,03278-4012
02223300,2010-2011,grant,32784012,03278-4012
02223300,2011-2012,grant,32784012,03278-4012
02223700,2006-2007,grant,70934623,07093-4623
02223700,2007-2008,grant,70934623,07093-4623
02223700,2009-2010,grant,70934623,07093-4623
02223700,2010-2011,grant,70934623,07093-4623
02223700,2011-2012,grant,70934623,07093-4623
02223700,2012-2013,grant,70934623,07093-4623
02223700,2013-2014,grant,70934623,07093-4623
02223900,2006-2007,grant,72012334,07201-2334
02223900,2007-2008,grant,72012334,07201-2334
02223900,2009-2010,grant,72012334,07201-2334
02223900,2010-2011,grant,72012334,07201-2334
02223900,2011-2012,grant,72012334,07201-2334
02223900,2012-2013,grant,72012334,07201-2334
02223900,2013-2014,grant,72012334,07201-2334
02228800,2006-2007,grant,60889631,06088-9631
02228800,2007-2008,grant,60889631,06088-9631
02228800,2009-2010,grant,60889631,06088-9631
02232500,2006-2007,grant,70762997,07076-2997
02232500,2007-2008,grant,70762997,07076-2997
02232500,2009-2010,grant,70762997,07076-2997
02232500,2010-2011,grant,70762997,07076-2997
02232500,2011-2012,grant,70762997,07076-2997
02232500,2012-2013,grant,70762997,07076-2997
02232500,2013-2014,grant,70762997,07076-2997
02234600,2006-2007,grant,82322621,08232-2621
02234600,2007-2008,grant,82322621,08232-2621
02234600,2009-2010,grant,82322621,08232-2621
02234600,2010-2011,grant,82342621,08234-2621
02234600,2011-2012,grant,82342621,08234-2621
02234600,2012-2013,grant,82342621,08234-2621
02234600,2013-2014,grant,82342621,08234-2621
02234900,2006-2007,grant,9093006,00909-3006
02234900,2007-2008,grant,9093006,00909-3006
02234900,2009-2010,grant,9093006,00909-3006
02234900,2010-2011,grant,9093006,00909-3006
02234900,2011-2012,grant,9093006,00909-3006
02234900,2012-2013,grant,9093006,00909-3006
02234900,2013-2014,grant,9093006,00909-3006
02241900,2006-2007,grant,9190759,00919-0759
02241900,2007-2008,grant,9190759,00919-0759
02241900,2009-2010,grant,9190759,00919-0759
02241900,2010-2011,grant,9190759,00919-0759
02241900,2011-2012,grant,9190759,00919-0759
02241900,2012-2013,grant,9190759,00919-0759
02241900,2013-2014,grant,9190759,00919-0759
02241901,2006-2007,grant,9190759,00919-0759
02241901,2007-2008,grant,9190759,00919-0759
02241901,2009-2010,grant,9190759,00919-0759
02241902,2006-2007,grant,9190759,00919-0759
02241902,2007-2008,grant,9190759,00919-0759
02241902,2009-2010,grant,9190759,00919-0759
02241904,2006-2007,grant,9190759,00919-0759
02241904,2007-2008,grant,9190759,00919-0759
02241904,2009-2010,grant,9190759,00919-0759
02241905,2006-2007,grant,9190759,00919-0759
02241905,2007-2008,grant,9190759,00919-0759
02241905,2009-2010,grant,9190759,00919-0759
02241908,2006-2007,grant,9190759,00919-0759
02241908,2007-2008,grant,9190759,00919-0759
02241908,2009-2010,grant,9190759,00919-0759
02244900,2006-2007,grant,61189980,06118-9980
02244900,2007-2008,grant,61189980,06118-9980
02244900,2009-2010,grant,61189980,06118-9980
02244900,2010-2011,grant,61189980,06118-9980
02244900,2011-2012,grant,61189980,06118-9980
02244900,2012-2013,grant,61189980,06118-9980
02244900,2013-2014,grant,61189980,06118-9980
02245300,2006-2007,grant,60401899,06040-1899
02245300,2007-2008,grant,60401899,06040-1899
02245300,2009-2010,grant,60401899,06040-1899
02245300,2010-2011,grant,60401899,06040-1899
02245300,2011-2012,grant,60401899,06040-1899
02245300,2012-2013,grant,60401899,06040-1899
02245300,2013-2014,grant,60401899,06040-1899
02245400,2006-2007,grant,34311513,03431-1513
02245400,2007-2008,grant,34311513,03431-1513
02245400,2009-2010,grant,34311513,03431-1513
02245400,2010-2011,grant,34311513,03431-1513
02245400,2011-2012,grant,34311513,03431-1513
02245400,2012-2013,grant,34311513,03431-1513
02245400,2013-2014,grant,34311513,03431-1513
02247000,2006-2007,grant,37842003,03784-2003
02247000,2007-2008,grant,37842003,03784-2003
02247000,2009-2010,grant,37842003,03784-2003
02247000,2010-2011,grant,37842003,03784-2003
02247000,2011-2012,grant,37842003,03784-2003
02247000,2012-2013,grant,37842003,03784-2003
02247000,2013-2014,grant,37842003,03784-2003
02248600,2006-2007,grant,81031489,08103-1489
02248600,2007-2008,grant,81031489,08103-1489
02248600,2009-2010,grant,81031489,08103-1489
02248600,2010-2011,grant,81031489,08103-1489
02248600,2011-2012,grant,81031489,08103-1489
02248600,2012-2013,grant,81031489,08103-1489
02248600,2013-2014,grant,81031489,08103-1489
02252700,2006-2007,grant,77124003,07712-4003
02252700,2007-2008,grant,77124003,07712-4003
02252700,2009-2010,grant,77124003,07712-4003
02252700,2010-2011,grant,77124003,07712-4003
02254000,2006-2007,grant,56023115,05602-3115
02254000,2007-2008,grant,56023115,05602-3115
02254000,2009-2010,grant,56023115,05602-3115
02254000,2010-2011,grant,56023115,05602-3115
02254000,2011-2012,grant,56023115,05602-3115
02254000,2012-2013,grant,56023115,05602-3115
02254000,2013-2014,grant,56023115,05602-3115
02260600,2006-2007,grant,9602036,00960-2036
02260600,2007-2008,grant,9602036,00960-2036
02260600,2009-2010,grant,9602036,00960-2036
02260600,2010-2011,grant,9602036,00960-2036
02260600,2011-2012,grant,9602036,00960-2036
02260600,2012-2013,grant,9602036,00960-2036
02260600,2013-2014,grant,9602036,00960-2036
02260800,2006-2007,grant,7260000,00726-0000
02260800,2007-2008,grant,7260000,00726-0000
02260800,2009-2010,grant,7260000,00726-0000
02260800,2010-2011,grant,7260000,00726-0000
02260800,2011-2012,grant,7260000,00726-0000
02260800,2012-2013,grant,7260000,00726-0000
02260800,2013-2014,grant,7260000,00726-0000
02261800,2006-2007,grant,70833306,07083-3306
02261800,2007-2008,grant,70833306,07083-3306
02261800,2009-2010,grant,70833306,07083-3306
02261800,2010-2011,grant,70833306,07083-3306
02265500,2006-2007,grant,87247166,08724-7166
02265500,2007-2008,grant,87247166,08724-7166
02265500,2009-2010,grant,87247166,08724-7166
02265500,2010-2011,grant,87247166,08724-7166
02265500,2011-2012,grant,87247166,08724-7166
02265500,2012-2013,grant,87247166,08724-7166
02265500,2013-2014,grant,87247166,08724-7166
02265900,2006-2007,grant,62262041,06226-2041
02265900,2007-2008,grant,62262041,06226-2041
02265900,2009-2010,grant,62262041,06226-2041
02265900,2010-2011,grant,62262041,06226-2041
02265900,2011-2012,grant,62262041,06226-2041
02265900,2012-2013,grant,62262041,06226-2041
02265900,2013-2014,grant,62262041,06226-2041
02282700,2013-2014,grant,7854004,00785-4004
02282800,2013-2014,grant,7387003,00738-7003
02291000,2006-2007,grant,70802424,07080-2424
02291000,2007-2008,grant,70802424,07080-2424
02291000,2009-2010,grant,70802424,07080-2424
02291000,2010-2011,grant,70802424,07080-2424
02297700,2006-2007,grant,9610000,00961-0000
02297700,2007-2008,grant,9610000,00961-0000
02297700,2009-2010,grant,9610000,00961-0000
02297700,2010-2011,grant,9610000,00961-0000
02297700,2011-2012,grant,9610000,00961-0000
02297700,2012-2013,grant,9610000,00961-0000
02297700,2013-2014,grant,9610000,00961-0000
02300000,2006-2007,grant,67081494,06708-1494
02300000,2007-2008,grant,67081494,06708-1494
02300000,2009-2010,grant,67081494,06708-1494
02300000,2010-2011,grant,67081494,06708-1494
02300000,2011-2012,grant,67081494,06708-1494
02300000,2012-2013,grant,67081494,06708-1494
02300000,2013-2014,grant,67081494,06708-1494
02300200,2006-2007,grant,33014809,03301-4809
02300200,2007-2008,grant,33014809,03301-4809
02303800,2006-2007,grant,9610000,00961-0000
02303800,2007-2008,grant,9610000,00961-0000
02303800,2009-2010,grant,9610000,00961-0000
02303800,2010-2011,grant,9610000,00961-0000
02303800,2011-2012,grant,9610000,00961-0000
02303800,2012-2013,grant,9610000,00961-0000
02303800,2013-2014,grant,9610000,00961-0000
02312000,2006-2007,grant,76016195,07601-6195
02312000,2007-2008,grant,76016195,07601-6195
02312000,2009-2010,grant,76016195,07601-6195
02312000,2010-2011,grant,76016195,07601-6195
02312000,2011-2012,grant,76016195,07601-6195
02312000,2012-2013,grant,76016195,07601-6195
02312000,2013-2014,grant,76016195,07601-6195
02316600,2006-2007,grant,61113975,06111-3975
02316600,2007-2008,grant,61113975,06111-3975
02316600,2009-2010,grant,61113975,06111-3975
02316600,2010-2011,grant,61113975,06111-3975
02316600,2011-2012,grant,61113975,06111-3975
02316600,2012-2013,grant,61113975,06111-3975
02316600,2013-2014,grant,61113975,06111-3975
02325700,2006-2007,grant,27406031,02740-6031
02325700,2007-2008,grant,27406031,02740-6031
02325700,2009-2010,grant,27406031,02740-6031
02325700,2010-2011,grant,27406031,02740-6031
02325700,2011-2012,grant,27406031,02740-6031
02325700,2012-2013,grant,27406031,02740-6031
02325700,2013-2014,grant,27406031,02740-6031
02325800,2006-2007,grant,23015570,02301-5570
02325800,2007-2008,grant,23015570,02301-5570
02325800,2009-2010,grant,23015570,02301-5570
02325800,2010-2011,grant,23015570,02301-5570
02325800,2011-2012,grant,23015570,02301-5570
02325800,2012-2013,grant,23015570,02301-5570
02325800,2013-2014,grant,23015570,02301-5570
02335500,2006-2007,grant,9780901,00978-0901
02335500,2007-2008,grant,9780901,00978-0901
02335500,2009-2010,grant,9780901,00978-0901
02335500,2010-2011,grant,9780901,00978-0901
02335500,2011-2012,grant,9780901,00978-0901
02335500,2012-2013,grant,9780901,00978-0901
02335500,2013-2014,grant,9780901,00978-0901
02337400,2006-2007,grant,16044614,01604-4614
02337400,2007-2008,grant,16044614,01604-4614
02337400,2009-2010,grant,16044614,01604-4614
02337400,2010-2011,grant,16044614,01604-4614
02337400,2011-2012,grant,16044614,01604-4614
02337400,2012-2013,grant,16044614,01604-4614
02337400,2013-2014,grant,16044614,01604-4614
02338200,2006-2007,grant,20212358,02021-2358
02338200,2007-2008,grant,20212358,02021-2358
02338200,2009-2010,grant,20212358,02021-2358
02338200,2010-2011,grant,20212358,02021-2358
02338200,2011-2012,grant,20212358,02021-2358
02338200,2012-2013,grant,20212358,02021-2358
02338200,2013-2014,grant,20212358,02021-2358
02339400,2006-2007,grant,27462114,02746-2114
02339400,2007-2008,grant,27462114,02746-2114
02339400,2009-2010,grant,27462114,02746-2114
02339400,2010-2011,grant,27462114,02746-2114
02339400,2011-2012,grant,27462114,02746-2114
02339400,2012-2013,grant,27462114,02746-2114
02339400,2013-2014,grant,27462114,02746-2114
02340600,2006-2007,grant,7914138,00791-4138
02340600,2007-2008,grant,7914138,00791-4138
02340600,2009-2010,grant,7914138,00791-4138
02340600,2010-2011,grant,7914138,00791-4138
02340600,2011-2012,grant,7914138,00791-4138
02340600,2012-2013,grant,7914138,00791-4138
02340600,2013-2014,grant,7914138,00791-4138
02343600,2006-2007,grant,6120809,00612-0809
02343600,2007-2008,grant,6120809,00612-0809
02343600,2009-2010,grant,6120809,00612-0809
02343600,2010-2011,grant,6120809,00612-0809
02343600,2011-2012,grant,6120809,00612-0809
02343600,2012-2013,grant,6120809,00612-0809
02343600,2013-2014,grant,6120809,00612-0809
02344200,2006-2007,grant,80023711,08002-3711
02344200,2007-2008,grant,80023711,08002-3711
02344200,2009-2010,grant,80023711,08002-3711
02344200,2010-2011,grant,80023711,08002-3711
02347100,2006-2007,grant,44012999,04401-2999
02347100,2007-2008,grant,44012999,04401-2999
02347100,2009-2010,grant,44012999,04401-2999
02347100,2010-2011,grant,44012999,04401-2999
02347100,2011-2012,grant,44012999,04401-2999
02347100,2012-2013,grant,44012999,04401-2999
02361300,2006-2007,grant,40461490,04046-1490
02361300,2007-2008,grant,40461490,04046-1490
02361300,2009-2010,grant,40461490,04046-1490
02361300,2010-2011,grant,40461490,04046-1490
02361300,2011-2012,grant,40461490,04046-1490
02361300,2012-2013,grant,40461490,04046-1490
02361300,2013-2014,grant,40461490,04046-1490
02460000,2010-2011,grant,9360000,00936-0000
02460000,2011-2012,grant,9360000,00936-0000
02460000,2012-2013,grant,9360000,00936-0000
02460000,2013-2014,grant,9360000,00936-0000
02491700,2006-2007,grant,24722577,02472-2577
02491700,2007-2008,grant,24722577,02472-2577
02491700,2009-2010,grant,24722577,02472-2577
02491700,2010-2011,grant,24722577,02472-2577
02491700,2011-2012,grant,24722577,02472-2577
02491700,2012-2013,grant,24722577,02472-2577
02491700,2013-2014,grant,24722577,02472-2577
02502400,2006-2007,grant,7840000,00784-0000
02502400,2007-2008,grant,7840000,00784-0000
02502400,2009-2010,grant,7840000,00784-0000
02502400,2010-2011,grant,7840000,00784-0000
02502400,2011-2012,grant,7840000,00784-0000
02502400,2012-2013,grant,7840000,00784-0000
02502400,2013-2014,grant,7840000,00784-0000
02503900,2006-2007,grant,78824343,07882-4343
02503900,2007-2008,grant,78824343,07882-4343
02503900,2009-2010,grant,78824343,07882-4343
02503900,2010-2011,grant,78824343,07882-4343
02503900,2011-2012,grant,78824343,07882-4343
02503900,2012-2013,grant,78824343,07882-4343
02503900,2013-2014,grant,78824343,07882-4343
02504500,2006-2007,grant,6805045,00680-5045
02504500,2007-2008,grant,6805045,00680-5045
02504500,2009-2010,grant,6805045,00680-5045
02504500,2010-2011,grant,6805045,00680-5045
02504500,2011-2012,grant,6805045,00680-5045
02504500,2012-2013,grant,6805045,00680-5045
02504500,2013-2014,grant,6805045,00680-5045
02505400,2006-2007,grant,9700000,00970-0000
02505400,2007-2008,grant,9700000,00970-0000
02505400,2009-2010,grant,9700000,00970-0000
02505400,2010-2011,grant,9700000,00970-0000
02505400,2011-2012,grant,9700000,00970-0000
02505400,2012-2013,grant,9700000,00970-0000
02505400,2013-2014,grant,9700000,00970-0000
02512100,2006-2007,grant,6120000,00612-0000
02523700,2006-2007,grant,87532703,08753-2703
02523700,2007-2008,grant,87532703,08753-2703
02523700,2009-2010,grant,87532703,08753-2703
02523700,2010-2011,grant,87532703,08753-2703
02523700,2011-2012,grant,87532703,08753-2703
02523700,2012-2013,grant,87532703,08753-2703
02523700,2013-2014,grant,87532703,08753-2703
02523900,2006-2007,grant,21554243,02155-4243
02523900,2007-2008,grant,21554243,02155-4243
02523900,2009-2010,grant,21554243,02155-4243
02523900,2010-2011,grant,21554243,02155-4243
02523900,2011-2012,grant,21554243,02155-4243
02523900,2012-2013,grant,21554243,02155-4243
02523900,2013-2014,grant,21554243,02155-4243
02525900,2006-2007,grant,79501409,07950-1409
02525900,2007-2008,grant,79501409,07950-1409
02525900,2009-2010,grant,79501409,07950-1409
02525900,2010-2011,grant,79501409,07950-1409
02525900,2011-2012,grant,79501409,07950-1409
02525900,2012-2013,grant,79501409,07950-1409
02525900,2013-2014,grant,79501409,07950-1409
02528200,2006-2007,grant,70604840,07060-4840
02528200,2007-2008,grant,70604840,07060-4840
02528200,2009-2010,grant,70604840,07060-4840
02528200,2010-2011,grant,70604840,07060-4840
02528200,2011-2012,grant,70604840,07060-4840
02528200,2012-2013,grant,70604840,07060-4840
02528200,2013-2014,grant,70604840,07060-4840
02532600,2006-2007,grant,53460000,05346-0000
02532600,2007-2008,grant,53460000,05346-0000
02532600,2009-2010,grant,53460000,05346-0000
02532600,2010-2011,grant,53460000,05346-0000
02532600,2011-2012,grant,53460000,05346-0000
02532600,2012-2013,grant,53460000,05346-0000
02532600,2013-2014,grant,53460000,05346-0000
02534900,2006-2007,grant,7162901,00716-2901
02534900,2007-2008,grant,7162901,00716-2901
02534900,2009-2010,grant,7162901,00716-2901
02534900,2010-2011,grant,7162901,00716-2901
02534900,2011-2012,grant,7162901,00716-2901
02534900,2012-2013,grant,7162901,00716-2901
02534900,2013-2014,grant,7162901,00716-2901
02549700,2006-2007,grant,9073337,00907-3337
02549700,2007-2008,grant,9073337,00907-3337
02549700,2009-2010,grant,9073337,00907-3337
02552300,2006-2007,grant,7142615,00714-2615
02552300,2007-2008,grant,7142615,00714-2615
02552300,2009-2010,grant,7142615,00714-2615
02552300,2010-2011,grant,7142615,00714-2615
02552300,2011-2012,grant,7142615,00714-2615
02552300,2012-2013,grant,7142615,00714-2615
02552300,2013-2014,grant,7142615,00714-2615
02562500,2006-2007,grant,9183325,00918-3325
02562500,2007-2008,grant,9183325,00918-3325
02562500,2009-2010,grant,9183325,00918-3325
02562500,2010-2011,grant,9183325,00918-3325
02562500,2011-2012,grant,9183325,00918-3325
02562500,2012-2013,grant,9183325,00918-3325
02562500,2013-2014,grant,9183325,00918-3325
02563500,2006-2007,grant,9071828,00907-1828
02563500,2007-2008,grant,9071828,00907-1828
02563500,2009-2010,grant,9071828,00907-1828
02563500,2010-2011,grant,9071828,00907-1828
02563500,2011-2012,grant,9071828,00907-1828
02563500,2012-2013,grant,9071828,00907-1828
02565000,2006-2007,grant,64602105,06460-2105
02565000,2007-2008,grant,64602105,06460-2105
02565000,2009-2010,grant,64602105,06460-2105
02565000,2010-2011,grant,64602105,06460-2105
02565000,2011-2012,grant,64602105,06460-2105
02565000,2012-2013,grant,64602105,06460-2105
02565000,2013-2014,grant,64602105,06460-2105
02566800,2006-2007,grant,9175013,00917-5013
02566800,2007-2008,grant,9175013,00917-5013
02568800,2006-2007,grant,78601149,07860-1149
02568800,2007-2008,grant,78601149,07860-1149
02568800,2009-2010,grant,78601149,07860-1149
02568800,2010-2011,grant,78601149,07860-1149
02568800,2011-2012,grant,78601149,07860-1149
02568800,2012-2013,grant,78601149,07860-1149
02568800,2013-2014,grant,78601149,07860-1149
02569400,2006-2007,grant,9011112,00901-1112
02569400,2007-2008,grant,9011112,00901-1112
02569400,2009-2010,grant,9011112,00901-1112
02569400,2010-2011,grant,9011112,00901-1112
02569400,2011-2012,grant,9011112,00901-1112
02569400,2012-2013,grant,9011112,00901-1112
02569400,2013-2014,grant,9011112,00901-1112
02570400,2006-2007,grant,9253404,00925-3404
02570400,2007-2008,grant,9597270,00959-7270
02570400,2009-2010,grant,9597270,00959-7270
02570400,2010-2011,grant,9597270,00959-7270
02570400,2011-2012,grant,9597270,00959-7270
02570400,2012-2013,grant,9597270,00959-7270
02570400,2013-2014,grant,9597270,00959-7270
02576100,2006-2007,grant,7314875,00731-4875
02576100,2007-2008,grant,7314875,00731-4875
02576100,2009-2010,grant,7314875,00731-4875
02576100,2010-2011,grant,7314875,00731-4875
02576100,2011-2012,grant,7314875,00731-4875
02576100,2012-2013,grant,7314875,00731-4875
02576100,2013-2014,grant,7314875,00731-4875
02584400,2006-2007,grant,28601752,02860-1752
02584400,2007-2008,grant,28601752,02860-1752
02584400,2009-2010,grant,28601752,02860-1752
02584400,2010-2011,grant,28601752,02860-1752
02584400,2011-2012,grant,28601752,02860-1752
02584400,2012-2013,grant,28601752,02860-1752
02584400,2013-2014,grant,28601752,02860-1752
02586800,2006-2007,grant,83606210,08360-6210
02586900,2006-2007,grant,80841520,08084-1520
02586900,2007-2008,grant,80841520,08084-1520
02586900,2009-2010,grant,80432604,08043-2604
02586900,2010-2011,grant,80432604,08043-2604
02586900,2011-2012,grant,80432604,08043-2604
02586900,2012-2013,grant,80432604,08043-2604
02586900,2013-2014,grant,80432604,08043-2604
02587500,2006-2007,grant,9281150,00928-1150
02587500,2007-2008,grant,9262602,00926-2602
02587500,2009-2010,grant,9262602,00926-2602
02587500,2010-2011,grant,9262602,00926-2602
02587500,2011-2012,grant,9262602,00926-2602
02587500,2012-2013,grant,9262602,00926-2602
02587500,2013-2014,grant,9262602,00926-2602
02593700,2006-2007,grant,7250000,00725-0000
02593700,2007-2008,grant,7250000,00725-0000
02593700,2009-2010,grant,7780000,00778-0000
02593700,2010-2011,grant,7780000,00778-0000
02593700,2011-2012,grant,7780000,00778-0000
02593700,2012-2013,grant,7780000,00778-0000
02593700,2013-2014,grant,7780000,00778-0000
02611100,2006-2007,grant,9609998,00960-9998
02611100,2007-2008,grant,9609998,00960-9998
03016000,2010-2011,grant,9850000,00985-0000
03016000,2011-2012,grant,9850000,00985-0000
03016000,2012-2013,grant,9850000,00985-0000
03016000,2013-2014,grant,9850000,00985-0000
03021900,2006-2007,grant,7250000,00725-0000
03021900,2007-2008,grant,7250000,00725-0000
03021900,2009-2010,grant,7250000,00725-0000
03021900,2010-2011,grant,7250000,00725-0000
03021900,2011-2012,grant,7250000,00725-0000
03021900,2012-2013,grant,7250000,00725-0000
03021900,2013-2014,grant,7250000,00725-0000
03025500,2006-2007,grant,7256118,00725-6118
03025500,2007-2008,grant,7256118,00725-6118
03025500,2009-2010,grant,7256118,00725-6118
03025500,2010-2011,grant,7256118,00725-6118
03025500,2011-2012,grant,7256118,00725-6118
03025500,2012-2013,grant,7256118,00725-6118
03025500,2013-2014,grant,7256118,00725-6118
03025900,2006-2007,grant,7253503,00725-3503
03025900,2007-2008,grant,7253503,00725-3503
03025900,2009-2010,grant,7253503,00725-3503
03025900,2010-2011,grant,7253503,00725-3503
03025900,2011-2012,grant,7253503,00725-3503
03025900,2012-2013,grant,7253503,00725-3503
03025900,2013-2014,grant,7253503,00725-3503
03029700,2006-2007,grant,6051955,00605-1955
03029700,2007-2008,grant,6051955,00605-1955
03029700,2009-2010,grant,6051955,00605-1955
03029700,2010-2011,grant,6051955,00605-1955
03029700,2011-2012,grant,6031955,00603-1955
03029700,2012-2013,grant,6031955,00603-1955
03029700,2013-2014,grant,6031955,00603-1955
03043100,2006-2007,grant,30544818,03054-4818
03043100,2007-2008,grant,30544818,03054-4818
03043100,2009-2010,grant,30544818,03054-4818
03043100,2010-2011,grant,30544818,03054-4818
03043100,2011-2012,grant,30544818,03054-4818
03043100,2012-2013,grant,30544818,03054-4818
03043100,2013-2014,grant,30544818,03054-4818
03061900,2006-2007,grant,6020000,00602-0000
03061900,2007-2008,grant,6020000,00602-0000
03061900,2009-2010,grant,6020960,00602-0960
03061900,2010-2011,grant,6020960,00602-0960
03061900,2011-2012,grant,6020960,00602-0960
03061900,2012-2013,grant,6020960,00602-0960
03061900,2013-2014,grant,6020960,00602-0960
03066700,2006-2007,grant,23034740,02303-4740
03066700,2007-2008,grant,23014740,02301-4740
03066700,2009-2010,grant,23014740,02301-4740
03066700,2010-2011,grant,23014740,02301-4740
03066700,2011-2012,grant,23014740,02301-4740
03066700,2012-2013,grant,23014740,02301-4740
03066700,2013-2014,grant,23014740,02301-4740
03068400,2006-2007,grant,9616312,00961-6312
03068400,2007-2008,grant,9616312,00961-6312
03068400,2009-2010,grant,9616312,00961-6312
03068400,2010-2011,grant,9616312,00961-6312
03068400,2011-2012,grant,9616312,00961-6312
03068400,2012-2013,grant,9616312,00961-6312
03068400,2013-2014,grant,9616312,00961-6312
03070500,2006-2007,grant,7943517,00794-3517
03070500,2007-2008,grant,7943517,00794-3517
03070500,2009-2010,grant,7943517,00794-3517
03070500,2010-2011,grant,7943517,00794-3517
03070500,2011-2012,grant,7943517,00794-3517
03070500,2012-2013,grant,7943517,00794-3517
03070500,2013-2014,grant,7943517,00794-3517
03075600,2006-2007,grant,7950000,00795-0000
03075600,2007-2008,grant,7950000,00795-0000
03075600,2009-2010,grant,7950000,00795-0000
03075600,2010-2011,grant,7950000,00795-0000
03075600,2011-2012,grant,7950000,00795-0000
03075600,2012-2013,grant,7950000,00795-0000
03075600,2013-2014,grant,7950000,00795-0000
03076000,2006-2007,grant,7384632,00738-4632
03076000,2007-2008,grant,7384632,00738-4632
03077500,2006-2007,grant,88174494,08817-4494
03077500,2007-2008,grant,88174494,08817-4494
03077500,2009-2010,grant,88174494,08817-4494
03077500,2010-2011,grant,88174494,08817-4494
03077500,2011-2012,grant,88174494,08817-4494
03077500,2012-2013,grant,88174494,08817-4494
03077500,2013-2014,grant,88174494,08817-4494
03079400,2006-2007,grant,63712333,06371-2333
03079400,2007-2008,grant,63712333,06371-2333
03079400,2009-2010,grant,63712333,06371-2333
03079400,2010-2011,grant,63712333,06371-2333
03079400,2011-2012,grant,63712333,06371-2333
03079400,2012-2013,grant,63712333,06371-2333
03080000,2006-2007,grant,28604038,02860-4038
03080000,2007-2008,grant,28604038,02860-4038
03080000,2009-2010,grant,28604038,02860-4038
03080000,2010-2011,grant,28604038,02860-4038
03080000,2011-2012,grant,28604038,02860-4038
03080000,2012-2013,grant,28604038,02860-4038
03080000,2013-2014,grant,28604038,02860-4038
03085700,2006-2007,grant,9597061,00959-7061
03085700,2007-2008,grant,9597061,00959-7061
03085700,2009-2010,grant,9597061,00959-7061
03085700,2010-2011,grant,9597061,00959-7061
03085700,2011-2012,grant,9597061,00959-7061
03085700,2012-2013,grant,9597061,00959-7061
03085700,2013-2014,grant,9597061,00959-7061
03094800,2006-2007,grant,67061211,06706-1211
03094800,2007-2008,grant,67061211,06706-1211
03094800,2009-2010,grant,67061211,06706-1211
03094800,2010-2011,grant,67061211,06706-1211
03094800,2011-2012,grant,67061211,06706-1211
03094800,2012-2013,grant,67061211,06706-1211
03094800,2013-2014,grant,67061211,06706-1211
03098100,2006-2007,grant,6740333,00674-0333
03101300,2006-2007,grant,33016400,03301-6400
03101300,2007-2008,grant,33016400,03301-6400
03101300,2009-2010,grant,33016400,03301-6400
03101300,2010-2011,grant,33016400,03301-6400
03101300,2011-2012,grant,33016400,03301-6400
03101300,2012-2013,grant,33016400,03301-6400
03101300,2013-2014,grant,33016400,03301-6400
03104000,2006-2007,grant,18215499,01821-5499
03104000,2007-2008,grant,18215499,01821-5499
03104000,2009-2010,grant,18215499,01821-5499
03104000,2010-2011,grant,18215499,01821-5499
03104000,2011-2012,grant,18215499,01821-5499
03104000,2012-2013,grant,18215499,01821-5499
03104000,2013-2014,grant,18215499,01821-5499
03104400,2006-2007,grant,6741797,00674-1797
03104400,2007-2008,grant,6741797,00674-1797
03104400,2009-2010,grant,6741797,00674-1797
03104400,2010-2011,grant,6741797,00674-1797
03104400,2011-2012,grant,6741797,00674-1797
03104400,2012-2013,grant,6741797,00674-1797
03104400,2013-2014,grant,6741797,00674-1797
03106900,2006-2007,grant,6620457,00662-0457
03106900,2007-2008,grant,6620457,00662-0457
03106900,2009-2010,grant,6620457,00662-0457
03106900,2010-2011,grant,6620457,00662-0457
03106900,2011-2012,grant,6620457,00662-0457
03106900,2012-2013,grant,6620457,00662-0457
03106900,2013-2014,grant,6620457,00662-0457
03112100,2006-2007,grant,9159538,00915-9538
03112100,2007-2008,grant,9159538,00915-9538
03112100,2009-2010,grant,9159538,00915-9538
03112100,2010-2011,grant,9159538,00915-9538
03112100,2011-2012,grant,9159538,00915-9538
03112100,2012-2013,grant,9159538,00915-9538
03112100,2013-2014,grant,9159538,00915-9538
03115200,2006-2007,grant,29145022,02914-5022
03115200,2007-2008,grant,27715933,02771-5933
03115200,2009-2010,grant,27715933,02771-5933
03115200,2010-2011,grant,27715933,02771-5933
03115200,2011-2012,grant,27715933,02771-5933
03115200,2012-2013,grant,27715933,02771-5933
03115200,2013-2014,grant,27715933,02771-5933
03115900,2006-2007,grant,7161111,00716-1111
03115900,2007-2008,grant,7161111,00716-1111
03115900,2009-2010,grant,7161111,00716-1111
03115900,2010-2011,grant,7161111,00716-1111
03115900,2011-2012,grant,7161111,00716-1111
03115900,2012-2013,grant,7161111,00716-1111
03115900,2013-2014,grant,7161111,00716-1111
03120800,2006-2007,grant,10892701,01089-2701
03120800,2007-2008,grant,10892701,01089-2701
03120800,2009-2010,grant,10892701,01089-2701
03120800,2010-2011,grant,10892701,01089-2701
03120800,2011-2012,grant,10892701,01089-2701
03120800,2012-2013,grant,10892701,01089-2701
03120800,2013-2014,grant,10892701,01089-2701
03122500,2006-2007,grant,7171568,00717-1568
03122500,2007-2008,grant,7171568,00717-1568
03122500,2009-2010,grant,7171568,00717-1568
03122500,2010-2011,grant,7171568,00717-1568
03122500,2011-2012,grant,7171568,00717-1568
03122500,2012-2013,grant,7171568,00717-1568
03122500,2013-2014,grant,7171568,00717-1568
03122600,2006-2007,grant,73063906,07306-3906
03122600,2007-2008,grant,73063906,07306-3906
03122600,2009-2010,grant,73063906,07306-3906
03122600,2010-2011,grant,73063906,07306-3906
03122600,2011-2012,grant,73063906,07306-3906
03122600,2012-2013,grant,73063906,07306-3906
03122600,2013-2014,grant,73063906,07306-3906
03122900,2006-2007,grant,40900529,04090-0529
03122900,2007-2008,grant,40900529,04090-0529
03122900,2009-2010,grant,40900529,04090-0529
03122900,2010-2011,grant,40900529,04090-0529
03122900,2011-2012,grant,40900529,04090-0529
03122900,2012-2013,grant,40900529,04090-0529
03122900,2013-2014,grant,40900529,04090-0529
03123100,2006-2007,grant,6934218,00693-4218
03123100,2007-2008,grant,6934218,00693-4218
03123100,2009-2010,grant,6934218,00693-4218
03123100,2010-2011,grant,6934218,00693-4218
03123100,2011-2012,grant,6934218,00693-4218
03123100,2012-2013,grant,6934218,00693-4218
03123100,2013-2014,grant,6934218,00693-4218
03124200,2006-2007,grant,9604016,00960-4016
03124200,2007-2008,grant,9604016,00960-4016
03124200,2009-2010,grant,9604016,00960-4016
03124200,2010-2011,grant,9604016,00960-4016
03124200,2011-2012,grant,9604016,00960-4016
03124200,2012-2013,grant,9604016,00960-4016
03124200,2013-2014,grant,9604016,00960-4016
03130500,2006-2007,grant,21111093,02111-1093
03130500,2007-2008,grant,21111093,02111-1093
03130500,2009-2010,grant,21111093,02111-1093
03130500,2010-2011,grant,21111093,02111-1093
03130500,2011-2012,grant,21111093,02111-1093
03130500,2012-2013,grant,21111093,02111-1093
03130500,2013-2014,grant,21111093,02111-1093
03142300,2006-2007,grant,7253657,00725-3657
03142300,2007-2008,grant,7253657,00725-3657
03157600,2006-2007,grant,9616345,00961-6345
03157600,2007-2008,grant,9616345,00961-6345
03157600,2009-2010,grant,9616345,00961-6345
03157600,2010-2011,grant,9616345,00961-6345
03157600,2011-2012,grant,9616345,00961-6345
03157600,2012-2013,grant,9616345,00961-6345
03157600,2013-2014,grant,9616345,00961-6345
03177300,2011-2012,grant,7250000,00725-0000
03177300,2012-2013,grant,7250000,00725-0000
03177300,2013-2014,grant,7250000,00725-0000
03182300,2006-2007,grant,31044858,03104-4858
03182300,2007-2008,grant,31044858,03104-4858
03182300,2009-2010,grant,31044858,03104-4858
03182300,2010-2011,grant,31044858,03104-4858
03182300,2011-2012,grant,31044858,03104-4858
03182300,2012-2013,grant,31044858,03104-4858
03182300,2013-2014,grant,31044858,03104-4858
03187300,2006-2007,grant,70043490,07004-3490
03187300,2007-2008,grant,70043490,07004-3490
03187300,2009-2010,grant,70043490,07004-3490
03187300,2010-2011,grant,70043490,07004-3490
03187300,2011-2012,grant,70043490,07004-3490
03187300,2012-2013,grant,88543756,08854-3756
03187300,2013-2014,grant,88543756,08854-3756
03196300,2006-2007,grant,21451102,02145-1102
03196300,2007-2008,grant,21451102,02145-1102
03196300,2009-2010,grant,21451102,02145-1102
03197300,2006-2007,grant,73062929,07306-2929
03197300,2007-2008,grant,73062929,07306-2929
03197300,2009-2010,grant,73062929,07306-2929
03197300,2010-2011,grant,73062929,07306-2929
03197300,2011-2012,grant,73062929,07306-2929
03197300,2012-2013,grant,73062929,07306-2929
03197300,2013-2014,grant,73062929,07306-2929
03205400,2006-2007,grant,10562769,01056-2769
03205400,2007-2008,grant,10562769,01056-2769
03205400,2009-2010,grant,10562769,01056-2769
03205400,2010-2011,grant,10562769,01056-2769
03205400,2011-2012,grant,10562769,01056-2769
03205400,2012-2013,grant,10562769,01056-2769
03205400,2013-2014,grant,10562769,01056-2769
03232300,2006-2007,grant,28654211,02865-4211
03232300,2007-2008,grant,28654211,02865-4211
03232300,2009-2010,grant,28654211,02865-4211
03232300,2010-2011,grant,28654211,02865-4211
03234300,2006-2007,grant,60532150,06053-2150
03234300,2007-2008,grant,60532150,06053-2150
03234300,2009-2010,grant,60532150,06053-2150
03234300,2010-2011,grant,60532150,06053-2150
03234300,2011-2012,grant,60532150,06053-2150
03234300,2012-2013,grant,60532150,06053-2150
03234300,2013-2014,grant,60532150,06053-2150
03240300,2006-2007,grant,16042213,01604-2213
03240300,2007-2008,grant,16042213,01604-2213
03240300,2009-2010,grant,16052213,01605-2213
03240300,2010-2011,grant,16052213,01605-2213
03240300,2011-2012,grant,16052213,01605-2213
03240300,2012-2013,grant,16052213,01605-2213
03240300,2013-2014,grant,16052213,01605-2213
03248300,2006-2007,grant,21364000,02136-4000
03248300,2007-2008,grant,21364000,02136-4000
03248300,2009-2010,grant,21364000,02136-4000
03248300,2010-2011,grant,21364000,02136-4000
03248300,2011-2012,grant,21364030,02136-4030
03248300,2012-2013,grant,21364030,02136-4030
03248300,2013-2014,grant,21364030,02136-4030
03305300,2006-2007,grant,33015706,03301-5706
03316300,2006-2007,grant,61053630,06105-3630
03316300,2007-2008,grant,61053630,06105-3630
03316300,2009-2010,grant,61053630,06105-3630
03316300,2010-2011,grant,61053630,06105-3630
03316300,2011-2012,grant,61053630,06105-3630
03316300,2012-2013,grant,61053630,06105-3630
03316300,2013-2014,grant,61053630,06105-3630
03316400,2006-2007,grant,20624766,02062-4766
03316400,2007-2008,grant,20624766,02062-4766
03316400,2009-2010,grant,20624766,02062-4766
03316400,2010-2011,grant,20624766,02062-4766
03316400,2011-2012,grant,20624766,02062-4766
03316400,2012-2013,grant,20624766,02062-4766
03316400,2013-2014,grant,20624766,02062-4766
03324300,2006-2007,grant,70802408,07080-2408
03324300,2007-2008,grant,70802408,07080-2408
03324300,2009-2010,grant,70802408,07080-2408
03324300,2010-2011,grant,70802408,07080-2408
03324300,2011-2012,grant,70802408,07080-2408
03324300,2012-2013,grant,70802408,07080-2408
03324300,2013-2014,grant,70802408,07080-2408
03326300,2006-2007,grant,9093010,00909-3010
03326300,2007-2008,grant,9093010,00909-3010
03326300,2009-2010,grant,9093010,00909-3010
03326300,2010-2011,grant,9093010,00909-3010
03336300,2006-2007,grant,6034802,00603-4802
03336300,2007-2008,grant,6034802,00603-4802
03336300,2009-2010,grant,9070907,00907-0907
03336300,2010-2011,grant,9070907,00907-0907
03336300,2011-2012,grant,9070907,00907-0907
03336300,2012-2013,grant,9070907,00907-0907
03336300,2013-2014,grant,9070907,00907-0907
03381300,2006-2007,grant,61082705,06108-2705
03381300,2007-2008,grant,61082705,06108-2705
03381300,2009-2010,grant,61082705,06108-2705
03381300,2010-2011,grant,61082705,06108-2705
03389300,2006-2007,grant,76015708,07601-5708
03389300,2007-2008,grant,76015708,07601-5708
03389300,2009-2010,grant,76015708,07601-5708
03389300,2010-2011,grant,76015708,07601-5708
03389300,2011-2012,grant,76015708,07601-5708
03389300,2012-2013,grant,76015708,07601-5708
03389300,2013-2014,grant,76015708,07601-5708
03414300,2006-2007,grant,7459612,00745-9612
03414300,2007-2008,grant,7459612,00745-9612
03414300,2009-2010,grant,7459612,00745-9612
03414300,2010-2011,grant,7459612,00745-9612
03414300,2011-2012,grant,7459612,00745-9612
03414300,2012-2013,grant,7459612,00745-9612
03414300,2013-2014,grant,7459612,00745-9612
03424500,2006-2007,grant,71032402,07103-2402
03424500,2007-2008,grant,71032402,07103-2402
03424500,2009-2010,grant,71032402,07103-2402
03424500,2010-2011,grant,71032402,07103-2402
03424500,2011-2012,grant,71032402,07103-2402
03424500,2012-2013,grant,71032402,07103-2402
03424500,2013-2014,grant,71032402,07103-2402
03429300,2006-2007,grant,40730000,04073-0000
03429300,2007-2008,grant,40730000,04073-0000
03429300,2009-2010,grant,40730000,04073-0000
03429300,2010-2011,grant,40730000,04073-0000
03429300,2011-2012,grant,40730000,04073-0000
03429300,2012-2013,grant,40730000,04073-0000
03429300,2013-2014,grant,40730000,04073-0000
03437300,2006-2007,grant,37661358,03766-1358
03437300,2007-2008,grant,37661358,03766-1358
03437300,2009-2010,grant,37661358,03766-1358
03437300,2010-2011,grant,37661358,03766-1358
03437300,2011-2012,grant,37661358,03766-1358
03437300,2012-2013,grant,37661358,03766-1358
03437300,2013-2014,grant,37661358,03766-1358
03452300,2006-2007,grant,6121800,00612-1800
03452300,2007-2008,grant,6121800,00612-1800
03452300,2009-2010,grant,6121800,00612-1800
03452300,2010-2011,grant,6121800,00612-1800
03452300,2011-2012,grant,6121800,00612-1800
03452300,2012-2013,grant,6121800,00612-1800
03452300,2013-2014,grant,6121800,00612-1800
03461400,2006-2007,grant,7310000,00731-0000
03469300,2006-2007,grant,7250000,00725-0000
03469300,2007-2008,grant,7250000,00725-0000
03469300,2009-2010,grant,7250000,00725-0000
03469300,2010-2011,grant,7250000,00725-0000
03469300,2011-2012,grant,7250000,00725-0000
03469300,2012-2013,grant,7250000,00725-0000
03469300,2013-2014,grant,7250000,00725-0000
03530300,2006-2007,grant,70131900,07013-1900
03530300,2007-2008,grant,70131900,07013-1900
03530300,2009-2010,grant,70131900,07013-1900
03530300,2010-2011,grant,70131900,07013-1900
03530300,2011-2012,grant,70131900,07013-1900
03531300,2006-2007,grant,9280966,00928-0966
03531300,2007-2008,grant,9280966,00928-0966
03531300,2009-2010,grant,9280966,00928-0966
03531300,2010-2011,grant,9280966,00928-0966
03531300,2011-2012,grant,9280966,00928-0966
03531300,2012-2013,grant,9280966,00928-0966
03531300,2013-2014,grant,9280966,00928-0966
03536300,2006-2007,grant,74201452,07420-1452
03536300,2007-2008,grant,74201452,07420-1452
03536300,2009-2010,grant,74201452,07420-1452
03536300,2010-2011,grant,74201452,07420-1452
03536300,2011-2012,grant,74201452,07420-1452
03536300,2012-2013,grant,74201452,07420-1452
03536300,2013-2014,grant,74201452,07420-1452
03544300,2006-2007,grant,6740000,00674-0000
03544300,2007-2008,grant,6740000,00674-0000
03544300,2009-2010,grant,6740000,00674-0000
03544300,2010-2011,grant,6740000,00674-0000
03544300,2011-2012,grant,6740000,00674-0000
03544300,2012-2013,grant,6740000,00674-0000
03544300,2013-2014,grant,6740000,00674-0000
03552300,2006-2007,grant,9616309,00961-6309
03552300,2007-2008,grant,9616309,00961-6309
03552300,2009-2010,grant,9616309,00961-6309
03552300,2010-2011,grant,9616309,00961-6309
03552300,2011-2012,grant,9616309,00961-6309
03552300,2012-2013,grant,9616309,00961-6309
03552300,2013-2014,grant,9616309,00961-6309
03570500,2006-2007,grant,28061246,02806-1246
03570500,2007-2008,grant,18350000,01835-0000
03570500,2009-2010,grant,18350000,01835-0000
03570500,2010-2011,grant,18350000,01835-0000
03570500,2011-2012,grant,18350000,01835-0000
03570500,2012-2013,grant,18350000,01835-0000
03570500,2013-2014,grant,18350000,01835-0000
03574400,2006-2007,grant,88543908,08854-3908
03574400,2007-2008,grant,88543908,08854-3908
03574400,2009-2010,grant,88543908,08854-3908
03585300,2006-2007,grant,6120000,00612-0000
03585300,2010-2011,grant,6120000,00612-0000
03585300,2011-2012,grant,6120000,00612-0000
03585300,2012-2013,grant,6120000,00612-0000
03600300,2006-2007,grant,9283713,00928-3713
03608300,2006-2007,grant,9260000,00926-0000
03608300,2007-2008,grant,9260000,00926-0000
03608300,2009-2010,grant,9260000,00926-0000
03608300,2010-2011,grant,9260000,00926-0000
03608300,2011-2012,grant,9260000,00926-0000
03608300,2012-2013,grant,9252901,00925-2901
03608300,2013-2014,grant,9252901,00925-2901
03612300,2006-2007,grant,40091110,04009-1110
03612300,2007-2008,grant,40091110,04009-1110
03612300,2009-2010,grant,40091110,04009-1110
03612300,2010-2011,grant,40091110,04009-1110
03612300,2011-2012,grant,40091110,04009-1110
03612300,2012-2013,grant,40091110,04009-1110
03612300,2013-2014,grant,40091110,04009-1110
03625300,2006-2007,grant,87531306,08753-1306
03625300,2009-2010,grant,87531306,08753-1306
03625300,2010-2011,grant,87531306,08753-1306
03625300,2011-2012,grant,87531306,08753-1306
03625300,2012-2013,grant,87531306,08753-1306
03629300,2006-2007,grant,76636200,07663-6200
03629300,2007-2008,grant,76636200,07663-6200
03637300,2007-2008,grant,70331798,07033-1798
03637300,2009-2010,grant,70331798,07033-1798
03637300,2010-2011,grant,70331798,07033-1798
03637300,2011-2012,grant,70331798,07033-1798
03638300,2009-2010,grant,6023225,00602-3225
03638300,2010-2011,grant,6023225,00602-3225
03638300,2011-2012,grant,6023225,00602-3225
03638300,2012-2013,grant,6023225,00602-3225
03638300,2013-2014,grant,6023225,00602-3225
03650600,2006-2007,grant,73063936,07306-3936
03650600,2007-2008,grant,73063936,07306-3936
03650600,2009-2010,grant,73063936,07306-3936
03650600,2010-2011,grant,73063936,07306-3936
03650600,2011-2012,grant,73063936,07306-3936
03650600,2012-2013,grant,73063936,07306-3936
03650600,2013-2014,grant,73063936,07306-3936
03650603,2006-2007,grant,73063936,07306-3936
03650603,2007-2008,grant,73063936,07306-3936
03666300,2006-2007,grant,88909035,08890-9035
03666300,2007-2008,grant,88909035,08890-9035
03666300,2009-2010,grant,88909035,08890-9035
03666300,2010-2011,grant,88909035,08890-9035
03666300,2011-2012,grant,71025511,07102-5511
03666300,2012-2013,grant,71025511,07102-5511
03666300,2013-2014,grant,71025511,07102-5511
03708300,2006-2007,grant,54012721,05401-2721
03708300,2007-2008,grant,54012721,05401-2721
03708300,2009-2010,grant,54082721,05408-2721
03708300,2010-2011,grant,54082721,05408-2721
03708300,2011-2012,grant,54082721,05408-2721
03729300,2006-2007,grant,30514906,03051-4906
03729300,2007-2008,grant,30514906,03051-4906
03729300,2009-2010,grant,30514906,03051-4906
03729300,2010-2011,grant,30514906,03051-4906
03729300,2011-2012,grant,30514906,03051-4906
03729300,2012-2013,grant,30514906,03051-4906
03729300,2013-2014,grant,30514906,03051-4906
03732300,2006-2007,grant,28406720,02840-6720
03732300,2007-2008,grant,28406720,02840-6720
03732300,2009-2010,grant,28406720,02840-6720
03732300,2010-2011,grant,28406720,02840-6720
03732300,2011-2012,grant,28406720,02840-6720
03732300,2012-2013,grant,28406720,02840-6720
03732300,2013-2014,grant,28406720,02840-6720
03735400,2006-2007,grant,6030000,00603-0000
03735400,2007-2008,grant,6030000,00603-0000
03735400,2009-2010,grant,6030000,00603-0000
03735400,2010-2011,grant,6030000,00603-0000
03735400,2011-2012,grant,6030000,00603-0000
03735400,2012-2013,grant,6030000,00603-0000
03735400,2013-2014,grant,6030000,00603-0000
03751300,2006-2007,grant,9170091,00917-0091
03751300,2007-2008,grant,9170091,00917-0091
03751300,2009-2010,grant,9170091,00917-0091
03751300,2010-2011,grant,9170091,00917-0091
03751300,2011-2012,grant,9170091,00917-0091
03751300,2012-2013,grant,9170091,00917-0091
03751300,2013-2014,grant,9170091,00917-0091
03758300,2006-2007,grant,9600000,00960-0000
03758300,2007-2008,grant,9600000,00960-0000
03758300,2009-2010,grant,9600000,00960-0000
03758300,2010-2011,grant,9600000,00960-0000
03758300,2011-2012,grant,9600000,00960-0000
03758300,2012-2013,grant,9600000,00960-0000
03758300,2013-2014,grant,9600000,00960-0000
03763300,2006-2007,grant,21488143,02148-8143
03763300,2007-2008,grant,21488143,02148-8143
03763300,2009-2010,grant,21488143,02148-8143
03763300,2010-2011,grant,21488143,02148-8143
03763300,2011-2012,grant,21488143,02148-8143
03763300,2012-2013,grant,21488143,02148-8143
03763300,2013-2014,grant,21488143,02148-8143
03769300,2006-2007,grant,73069900,07306-9900
03769300,2007-2008,grant,73069900,07306-9900
03769300,2009-2010,grant,73069900,07306-9900
03781400,2006-2007,grant,7918480,00791-8480
03781400,2007-2008,grant,7918480,00791-8480
03781400,2009-2010,grant,7918480,00791-8480
03781400,2010-2011,grant,7918480,00791-8480
03781400,2011-2012,grant,7918480,00791-8480
03781400,2012-2013,grant,7918480,00791-8480
03781400,2013-2014,grant,7918480,00791-8480
03785300,2006-2007,grant,9200000,00920-0000
03785300,2007-2008,grant,9200000,00920-0000
03785300,2009-2010,grant,9200000,00920-0000
03785300,2010-2011,grant,9200000,00920-0000
03785300,2011-2012,grant,9200000,00920-0000
03785300,2012-2013,grant,9200000,00920-0000
03785300,2013-2014,grant,9200000,00920-0000
03800300,2006-2007,grant,6020000,00602-0000
03800300,2007-2008,grant,6020000,00602-0000
03800300,2009-2010,grant,6020000,00602-0000
03800300,2010-2011,grant,6020000,00602-0000
03800300,2011-2012,grant,6020000,00602-0000
03800300,2012-2013,grant,6020000,00602-0000
03800300,2013-2014,grant,6020000,00602-0000
03800400,2006-2007,grant,6765071,00676-5071
03800400,2007-2008,grant,6765071,00676-5071
03800400,2009-2010,grant,6765071,00676-5071
03800400,2010-2011,grant,6765071,00676-5071
03800400,2011-2012,grant,6765071,00676-5071
03800400,2012-2013,grant,6765071,00676-5071
03800400,2013-2014,grant,6765071,00676-5071
03803300,2006-2007,grant,70833504,07083-3504
03803300,2007-2008,grant,70833504,07083-3504
03803300,2009-2010,grant,70833504,07083-3504
03803300,2010-2011,grant,70833504,07083-3504
03803300,2011-2012,grant,70833504,07083-3504
03803300,2012-2013,grant,70833504,07083-3504
03803300,2013-2014,grant,70833504,07083-3504
03811300,2006-2007,grant,70423562,07042-3562
03811300,2007-2008,grant,70423562,07042-3562
03811300,2009-2010,grant,70423562,07042-3562
03811300,2010-2011,grant,70423562,07042-3562
03811300,2011-2012,grant,70423562,07042-3562
03811300,2012-2013,grant,70423562,07042-3562
03811300,2013-2014,grant,70030000,07003-0000
03843300,2006-2007,grant,9616321,00961-6321
03843300,2007-2008,grant,9616321,00961-6321
03843300,2009-2010,grant,9616321,00961-6321
03843300,2010-2011,grant,9616321,00961-6321
03843300,2011-2012,grant,9616321,00961-6321
03843300,2012-2013,grant,9616321,00961-6321
03843300,2013-2014,grant,9616321,00961-6321
03849300,2006-2007,grant,6030000,00603-0000
03849300,2007-2008,grant,6030000,00603-0000
03849300,2009-2010,grant,6030000,00603-0000
03849300,2010-2011,grant,6030000,00603-0000
03849300,2011-2012,grant,6030000,00603-0000
03849300,2012-2013,grant,6030000,00603-0000
03849300,2013-2014,grant,6030000,00603-0000
03859300,2006-2007,grant,18764709,01876-4709
03859300,2007-2008,grant,18764709,01876-4709
03859300,2009-2010,grant,18764709,01876-4709
03859300,2010-2011,grant,18764709,01876-4709
03859300,2011-2012,grant,18764709,01876-4709
03859300,2012-2013,grant,18764709,01876-4709
03859300,2013-2014,grant,18764709,01876-4709
03927300,2006-2007,grant,63572447,06357-2447
03927300,2007-2008,grant,63572447,06357-2447
03927300,2009-2010,grant,63572447,06357-2447
03927300,2010-2011,grant,63572447,06357-2447
03927300,2011-2012,grant,63572447,06357-2447
03927300,2012-2013,grant,63572447,06357-2447
03927300,2013-2014,grant,63572447,06357-2447
03946300,2006-2007,grant,24921200,02492-1200
03946300,2007-2008,grant,24921200,02492-1200
03946300,2009-2010,grant,24921200,02492-1200
03946300,2010-2011,grant,24921200,02492-1200
03946300,2011-2012,grant,24921200,02492-1200
03946300,2012-2013,grant,24921200,02492-1200
03946300,2013-2014,grant,24921200,02492-1200
03965300,2009-2010,grant,21101605,02110-1605
03965300,2010-2011,grant,21101605,02110-1605
03965300,2011-2012,grant,21101605,02110-1605
03965300,2012-2013,grant,21101605,02110-1605
03965300,2013-2014,grant,21101605,02110-1605
03965400,2006-2007,grant,7543917,00754-3917
03965400,2007-2008,grant,7543917,00754-3917
03965400,2009-2010,grant,7543917,00754-3917
03965400,2010-2011,grant,7543917,00754-3917
03965400,2011-2012,grant,7543917,00754-3917
03965400,2012-2013,grant,7543917,00754-3917
03965400,2013-2014,grant,7543917,00754-3917
03990300,2006-2007,grant,49635230,04963-5230
04039300,2006-2007,grant,23011822,02301-1822
04039300,2007-2008,grant,23011822,02301-1822
04039300,2009-2010,grant,23014921,02301-4921
04039300,2010-2011,grant,23014921,02301-4921
04039300,2011-2012,grant,23014921,02301-4921
04053300,2006-2007,grant,60780000,06078-0000
04053300,2007-2008,grant,60780000,06078-0000
04081300,2006-2007,grant,87010000,08701-0000
04081300,2007-2008,grant,87010000,08701-0000
04081300,2009-2010,grant,87010000,08701-0000
04081300,2010-2011,grant,87010000,08701-0000
04081300,2011-2012,grant,87010000,08701-0000
04081300,2012-2013,grant,87010000,08701-0000
04081300,2013-2014,grant,87010000,08701-0000
04104300,2006-2007,grant,64920000,06492-0000
04104300,2007-2008,grant,64920000,06492-0000
04104300,2009-2010,grant,64920000,06492-0000
04104300,2010-2011,grant,64920000,06492-0000
04104300,2011-2012,grant,64920000,06492-0000
04104300,2012-2013,grant,64920000,06492-0000
04104300,2013-2014,grant,64920000,06492-0000
04107300,2006-2007,grant,9600000,00960-0000
04107300,2007-2008,grant,9600000,00960-0000
04107300,2009-2010,grant,9600000,00960-0000
04107300,2010-2011,grant,9600000,00960-0000
04107300,2011-2012,grant,9600000,00960-0000
04107300,2012-2013,grant,9600000,00960-0000
04107300,2013-2014,grant,9600000,00960-0000
04116900,2007-2008,grant,10894623,01089-4623
04116900,2009-2010,grant,10894623,01089-4623
04116900,2010-2011,grant,10894623,01089-4623
04116900,2011-2012,grant,10894623,01089-4623
04116900,2012-2013,grant,10894623,01089-4623
04116900,2013-2014,grant,10894623,01089-4623
04117200,2007-2008,grant,7310000,00731-0000
04117200,2009-2010,grant,7310000,00731-0000
04117200,2010-2011,grant,7310000,00731-0000
04117200,2011-2012,grant,7310000,00731-0000
04117200,2012-2013,grant,7310000,00731-0000
04117200,2013-2014,grant,7310000,00731-0000
04122000,2010-2011,grant,20380000,02038-0000
04122000,2011-2012,grant,20380000,02038-0000
04122000,2012-2013,grant,20380000,02038-0000
04122000,2013-2014,grant,20380000,02038-0000
04123400,2007-2008,grant,72082380,07208-2380
04123400,2009-2010,grant,72082380,07208-2380
04123400,2010-2011,grant,72082380,07208-2380
04123400,2011-2012,grant,72082380,07208-2380
04123400,2012-2013,grant,72082380,07208-2380
04123400,2013-2014,grant,72082380,07208-2380
04125000,2007-2008,grant,85123600,08512-3600
04125000,2009-2010,grant,85123600,08512-3600
04125000,2010-2011,grant,85123600,08512-3600
04125000,2011-2012,grant,85123600,08512-3600
04125000,2012-2013,grant,85123600,08512-3600
04125000,2013-2014,grant,85123600,08512-3600
04128000,2007-2008,grant,18016386,01801-6386
04128000,2009-2010,grant,18016386,01801-6386
04128000,2010-2011,grant,18016386,01801-6386
04128000,2011-2012,grant,18016386,01801-6386
04128000,2012-2013,grant,18016386,01801-6386
04128000,2013-2014,grant,18016386,01801-6386
04128800,2007-2008,grant,64056066,06405-6066
04128800,2009-2010,grant,64056066,06405-6066
04128800,2010-2011,grant,64056066,06405-6066
04128800,2011-2012,grant,64056066,06405-6066
04128800,2012-2013,grant,64056066,06405-6066
04128800,2013-2014,grant,64056066,06405-6066
04128900,2007-2008,grant,15621712,01562-1712
04128900,2009-2010,grant,15621712,01562-1712
04128900,2010-2011,grant,15621712,01562-1712
04128900,2011-2012,grant,15621712,01562-1712
04128900,2012-2013,grant,15621712,01562-1712
04128900,2013-2014,grant,15621712,01562-1712
04131100,2007-2008,grant,87012120,08701-2120
04131100,2009-2010,grant,87012120,08701-2120
04131100,2010-2011,grant,87012120,08701-2120
04131100,2011-2012,grant,87012120,08701-2120
04131100,2012-2013,grant,87012120,08701-2120
04131100,2013-2014,grant,87012120,08701-2120
04131200,2009-2010,grant,70872943,07087-2943
04131200,2010-2011,grant,70872943,07087-2943
04131200,2011-2012,grant,70872943,07087-2943
04131200,2012-2013,grant,70872943,07087-2943
04131200,2013-2014,grant,70872943,07087-2943
04131600,2009-2010,grant,7371298,00737-1298
04131600,2010-2011,grant,7371298,00737-1298
04131600,2011-2012,grant,7371298,00737-1298
04131600,2012-2013,grant,7371298,00737-1298
04131600,2013-2014,grant,7371298,00737-1298
04134100,2009-2010,grant,76015801,07601-5801
04134100,2010-2011,grant,76015801,07601-5801
04134100,2011-2012,grant,76081104,07608-1104
04134100,2012-2013,grant,76081104,07608-1104
04134100,2013-2014,grant,76081104,07608-1104
04136400,2009-2010,grant,70801183,07080-1183
04136400,2010-2011,grant,88543870,08854-3870
04136400,2011-2012,grant,88543870,08854-3870
04136400,2012-2013,grant,88543870,08854-3870
04136400,2013-2014,grant,88543870,08854-3870
04141200,2009-2010,grant,29200000,02920-0000
04141200,2010-2011,grant,29200000,02920-0000
04141200,2011-2012,grant,29200000,02920-0000
04141200,2012-2013,grant,29200000,02920-0000
04141200,2013-2014,grant,29200000,02920-0000
04143200,2013-2014,grant,21411805,02141-1805
04145400,2009-2010,grant,64832911,06483-2911
04145400,2010-2011,grant,64832911,06483-2911
04145400,2011-2012,grant,64832911,06483-2911
04145400,2012-2013,grant,64832911,06483-2911
04145400,2013-2014,grant,64832911,06483-2911
04146900,2009-2010,grant,54030000,05403-0000
04146900,2010-2011,grant,54030000,05403-0000
04146900,2011-2012,grant,54030000,05403-0000
04146900,2012-2013,grant,54030000,05403-0000
04146900,2013-2014,grant,54030000,05403-0000
04148400,2009-2010,grant,64370000,06437-0000
04148400,2010-2011,grant,64370000,06437-0000
04148400,2011-2012,grant,64370000,06437-0000
04148400,2012-2013,grant,64370000,06437-0000
04148400,2013-2014,grant,64370000,06437-0000
04152400,2009-2010,grant,61090000,06109-0000
04152400,2010-2011,grant,61090000,06109-0000
04152400,2011-2012,grant,61090000,06109-0000
04152400,2012-2013,grant,61090000,06109-0000
04152400,2013-2014,grant,61090000,06109-0000
04153200,2009-2010,grant,15071331,01507-1331
04153200,2010-2011,grant,15071331,01507-1331
04153200,2011-2012,grant,15071331,01507-1331
04153200,2012-2013,grant,15071331,01507-1331
04153200,2013-2014,grant,15071331,01507-1331
04154500,2010-2011,grant,73060001,07306-0001
04154500,2011-2012,grant,73060001,07306-0001
04154500,2012-2013,grant,73060001,07306-0001
04154500,2013-2014,grant,73060001,07306-0001
04154900,2009-2010,grant,70182011,07018-2011
04154900,2010-2011,grant,70182011,07018-2011
04154900,2011-2012,grant,70182011,07018-2011
04154900,2012-2013,grant,70182011,07018-2011
04154900,2013-2014,grant,70182011,07018-2011
04158600,2009-2010,grant,9616312,00961-6312
04158600,2010-2011,grant,9616312,00961-6312
04158600,2011-2012,grant,9616312,00961-6312
04162200,2010-2011,grant,31025263,03102-5263
04162200,2011-2012,grant,31025263,03102-5263
04162200,2012-2013,grant,31025263,03102-5263
04162200,2013-2014,grant,31025263,03102-5263
04162900,2009-2010,grant,65160000,06516-0000
04162900,2010-2011,grant,65160000,06516-0000
04162900,2011-2012,grant,65160000,06516-0000
04162900,2012-2013,grant,65160000,06516-0000
04164300,2011-2012,grant,7256485,00725-6485
04164300,2012-2013,grant,7256485,00725-6485
04164300,2013-2014,grant,7256485,00725-6485
04173100,2010-2011,grant,86282500,08628-2500
04173100,2011-2012,grant,86282500,08628-2500
04173100,2012-2013,grant,86282500,08628-2500
04173100,2013-2014,grant,86282500,08628-2500
04176000,2010-2011,grant,9570000,00957-0000
04176000,2011-2012,grant,9570000,00957-0000
04176000,2012-2013,grant,9570000,00957-0000
04176000,2013-2014,grant,9570000,00957-0000
04177400,2010-2011,grant,43300000,04330-0000
04177400,2011-2012,grant,43300000,04330-0000
04177400,2012-2013,grant,43300000,04330-0000
04177400,2013-2014,grant,43300000,04330-0000
04180300,2010-2011,grant,77192409,07719-2409
04180300,2011-2012,grant,77192409,07719-2409
04180300,2012-2013,grant,77192409,07719-2409
04180300,2013-2014,grant,87012758,08701-2758
04181400,2010-2011,grant,70181703,07018-1703
04181400,2011-2012,grant,70181703,07018-1703
04181400,2012-2013,grant,70181703,07018-1703
04181400,2013-2014,grant,70181703,07018-1703
04184500,2011-2012,grant,70589589,07058-9589
04184500,2012-2013,grant,70589589,07058-9589
04184500,2013-2014,grant,70589589,07058-9589
04185100,2010-2011,grant,40740000,04074-0000
04185100,2011-2012,grant,40740000,04074-0000
04185100,2012-2013,grant,40740000,04074-0000
04185100,2013-2014,grant,40740000,04074-0000
04188700,2011-2012,grant,80121043,08012-1043
04188700,2012-2013,grant,80121043,08012-1043
04188700,2013-2014,grant,80121043,08012-1043
04191400,2011-2012,grant,80531533,08053-1533
04192400,2011-2012,grant,70363905,07036-3905
04192400,2012-2013,grant,70363905,07036-3905
04192400,2013-2014,grant,70833618,07083-3618
04193100,2011-2012,grant,14200000,01420-0000
04193100,2012-2013,grant,14200000,01420-0000
04193100,2013-2014,grant,14620000,01462-0000
04207500,2012-2013,grant,77127202,07712-7202
04207500,2013-2014,grant,77127202,07712-7202
04214100,2012-2013,grant,40922878,04092-2878
04214100,2013-2014,grant,40922878,04092-2878
04216000,2012-2013,grant,88614106,08861-4106
04216000,2013-2014,grant,88614106,08861-4106
04216100,2012-2013,grant,87014946,08701-4946
04216100,2013-2014,grant,87014946,08701-4946
04216500,2012-2013,grant,80431911,08043-1911
04216500,2013-2014,grant,80431911,08043-1911
04218200,2012-2013,grant,87233413,08723-3413
04218200,2013-2014,grant,87233413,08723-3413
04218500,2013-2014,grant,70800000,07080-0000
04219200,2012-2013,grant,67160000,06716-0000
04219200,2013-2014,grant,67050000,06705-0000
04223400,2013-2014,grant,1742950,00174-2950
04224200,2013-2014,grant,67040135,06704-0135
04229200,2013-2014,grant,21222834,02122-2834
04230900,2013-2014,grant,64700000,06470-0000
04254200,2013-2014,grant,6839801,00683-9801
00137400,2006-2007,campus,65111189,06511-1189
00137400,2007-2008,campus,65111189,06511-1189
00137400,2013-2014,campus,65111189,06511-1189
00137400,2014-2015,campus,65111189,06511-1189
00137400,2015-2016,campus,65111189,06511-1189
00137400,2016-2017,campus,65111189,06511-1189
00137400,2019-2020,campus,65111189,06511-1189
00137800,2006-2007,campus,60502490,06050-2490
00137800,2007-2008,campus,60502490,06050-2490
00137800,2013-2014,campus,60502490,06050-2490
00137800,2014-2015,campus,60502490,06050-2490
00137800,2015-2016,campus,60502490,06050-2490
00137800,2016-2017,campus,60502490,06050-2490
00137800,2019-2020,campus,60502490,06050-2490
00137900,2006-2007,campus,63204196,06320-4196
00137900,2007-2008,campus,63204196,06320-4196
00137900,2013-2014,campus,63204196,06320-4196
00137900,2014-2015,campus,63204196,06320-4196
00137900,2015-2016,campus,63204196,06320-4196
00137900,2016-2017,campus,63204196,06320-4196
00137900,2019-2020,campus,63204196,06320-4196
00138000,2006-2007,campus,68106826,06810-6826
00138000,2007-2008,campus,68106826,06810-6826
00138000,2013-2014,campus,68106826,06810-6826
00138000,2014-2015,campus,68106826,06810-6826
00138000,2015-2016,campus,68106826,06810-6826
00138000,2016-2017,campus,68106826,06810-6826
00138000,2019-2020,campus,68106826,06810-6826
00138500,2006-2007,campus,68245171,06824-5171
00138500,2007-2008,campus,68245171,06824-5171
00138500,2013-2014,campus,68245171,06824-5171
00138500,2014-2015,campus,68245171,06824-5171
00138500,2015-2016,campus,68245171,06824-5171
00138500,2016-2017,campus,68245171,06824-5171
00138500,2019-2020,campus,68245171,06824-5171
00138700,2013-2014,campus,61052279,06105-2279
00138700,2014-2015,campus,61052279,06105-2279
00138700,2015-2016,campus,61052279,06105-2279
00138700,2016-2017,campus,61052279,06105-2279
00138700,2019-2020,campus,61052279,06105-2279
00139200,2006-2007,campus,60451046,06045-1046
00139200,2007-2008,campus,60451046,06045-1046
00139200,2013-2014,campus,60451046,06045-1046
00139200,2014-2015,campus,60451046,06045-1046
00139200,2015-2016,campus,60451046,06045-1046
00139200,2016-2017,campus,60451046,06045-1046
00139200,2019-2020,campus,60451046,06045-1046
00139300,2006-2007,campus,63204498,06320-4498
00139300,2007-2008,campus,63204498,06320-4498
00139300,2013-2014,campus,63204498,06320-4498
00139300,2014-2015,campus,63204498,06320-4498
00139300,2015-2016,campus,63204498,06320-4498
00139300,2016-2017,campus,63204498,06320-4498
00139300,2019-2020,campus,63204498,06320-4498
00139700,2006-2007,campus,65161999,06516-1999
00139700,2007-2008,campus,65161999,06516-1999
00139700,2013-2014,campus,65161999,06516-1999
00139700,2014-2015,campus,65161999,06516-1999
00139700,2015-2016,campus,65161999,06516-1999
00139700,2016-2017,campus,65161999,06516-1999
00139700,2019-2020,campus,65161999,06516-1999
00139800,2006-2007,campus,60981747,06098-1747
00139800,2007-2008,campus,60981747,06098-1747
00139800,2013-2014,campus,60981747,06098-1747
00139800,2014-2015,campus,60981747,06098-1747
00139800,2015-2016,campus,60981747,06098-1747
00139800,2016-2017,campus,60981747,06098-1747
00139800,2019-2020,campus,60981747,06098-1747
00139900,2006-2007,campus,68541655,06854-1655
00139900,2007-2008,campus,68541655,06854-1655
00139900,2013-2014,campus,68541655,06854-1655
00139900,2014-2015,campus,68541655,06854-1655
00139900,2015-2016,campus,68541655,06854-1655
00139900,2016-2017,campus,68541655,06854-1655
00139900,2019-2020,campus,68541655,06854-1655
00140100,2006-2007,campus,67233240,06723-3240
00140100,2007-2008,campus,67233240,06723-3240
00140100,2013-2014,campus,67233240,06723-3240
00140100,2014-2015,campus,67233240,06723-3240
00140100,2015-2016,campus,67233240,06723-3240
00140100,2016-2017,campus,67233240,06723-3240
00140100,2019-2020,campus,67233240,06723-3240
00140200,2006-2007,campus,65181908,06518-1908
00140200,2007-2008,campus,65181908,06518-1908
00140200,2013-2014,campus,65181908,06518-1908
00140200,2014-2015,campus,65181908,06518-1908
00140200,2015-2016,campus,65181908,06518-1908
00140200,2016-2017,campus,65181908,06518-1908
00140200,2019-2020,campus,65181908,06518-1908
00140300,2006-2007,campus,68251000,06825-1000
00140300,2007-2008,campus,68251000,06825-1000
00140300,2013-2014,campus,68251000,06825-1000
00140300,2014-2015,campus,68251000,06825-1000
00140300,2015-2016,campus,68251000,06825-1000
00140300,2016-2017,campus,68251000,06825-1000
00140300,2019-2020,campus,68251000,06825-1000
00140600,2006-2007,campus,65151355,06515-1355
00140600,2007-2008,campus,65151355,06515-1355
00140600,2013-2014,campus,65151355,06515-1355
00140600,2014-2015,campus,65151355,06515-1355
00140600,2015-2016,campus,65151355,06515-1355
00140600,2016-2017,campus,65151355,06515-1355
00140600,2019-2020,campus,65151355,06515-1355
00140900,2006-2007,campus,61172791,06117-2791
00140900,2007-2008,campus,61172791,06117-2791
00140900,2013-2014,campus,61172791,06117-2791
00140900,2014-2015,campus,61172791,06117-2791
00140900,2015-2016,campus,61172791,06117-2791
00140900,2016-2017,campus,61172791,06117-2791
00140900,2019-2020,campus,61172791,06117-2791
00141400,2006-2007,campus,61063100,06106-3100
00141400,2007-2008,campus,61063100,06106-3100
00141400,2013-2014,campus,61063100,06106-3100
00141400,2014-2015,campus,61063100,06106-3100
00141400,2015-2016,campus,61063100,06106-3100
00141400,2016-2017,campus,61063100,06106-3100
00141400,2019-2020,campus,61063100,06106-3100
00141600,2006-2007,campus,66015650,06601-5650
00141600,2007-2008,campus,66015650,06601-5650
00141600,2013-2014,campus,66015650,06601-5650
00141600,2014-2015,campus,66015650,06601-5650
00141600,2015-2016,campus,66015650,06601-5650
00141600,2016-2017,campus,66015650,06601-5650
00141600,2019-2020,campus,66015650,06601-5650
00141700,2006-2007,campus,62692151,06269-2151
00141700,2007-2008,campus,62692151,06269-2151
00141700,2013-2014,campus,62692151,06269-2151
00141700,2014-2015,campus,62692151,06269-2151
00141700,2015-2016,campus,62692151,06269-2151
00141700,2016-2017,campus,62692151,06269-2151
00141700,2019-2020,campus,62692151,06269-2151
00142200,2006-2007,campus,61171599,06117-1599
00142200,2007-2008,campus,61171599,06117-1599
00142200,2013-2014,campus,61171599,06117-1599
00142200,2014-2015,campus,61171599,06117-1599
00142200,2015-2016,campus,61171599,06117-1599
00142200,2016-2017,campus,61171599,06117-1599
00142200,2019-2020,campus,61171599,06117-1599
00142400,2006-2007,campus,64593208,06459-3208
00142400,2007-2008,campus,64593208,06459-3208
00142400,2013-2014,campus,64593208,06459-3208
00142400,2014-2015,campus,64593208,06459-3208
00142400,2015-2016,campus,64593208,06459-3208
00142400,2016-2017,campus,64593208,06459-3208
00142400,2019-2020,campus,64593208,06459-3208
00142500,2006-2007,campus,62262295,06226-2295
00142500,2007-2008,campus,62262295,06226-2295
00142500,2013-2014,campus,62262295,06226-2295
00142500,2014-2015,campus,62262295,06226-2295
00142500,2015-2016,campus,62262295,06226-2295
00142500,2016-2017,campus,62262295,06226-2295
00142500,2019-2020,campus,62262295,06226-2295
00142600,2006-2007,campus,65208288,06520-8288
00142600,2007-2008,campus,65208288,06520-8288
00142600,2013-2014,campus,65208288,06520-8288
00142600,2014-2015,campus,65208229,06520-8229
00142600,2015-2016,campus,65208229,06520-8229
00142600,2016-2017,campus,65208229,06520-8229
00142600,2019-2020,campus,65208229,06520-8229
00203300,2006-2007,campus,47692888,04769-2888
00203300,2007-2008,campus,47692888,04769-2888
00203300,2013-2014,campus,47692888,04769-2888
00203300,2014-2015,campus,47692888,04769-2888
00203300,2015-2016,campus,47692888,04769-2888
00203300,2016-2017,campus,47692888,04769-2888
00203300,2019-2020,campus,47692888,04769-2888
00203500,2006-2007,campus,44020411,04402-0411
00203500,2007-2008,campus,44020411,04402-0411
00203600,2006-2007,campus,42406028,04240-6028
00203600,2007-2008,campus,42406028,04240-6028
00203600,2013-2014,campus,42406028,04240-6028
00203600,2014-2015,campus,42406028,04240-6028
00203600,2015-2016,campus,42406028,04240-6028
00203600,2016-2017,campus,42406028,04240-6028
00203600,2019-2020,campus,42406028,04240-6028
00203800,2006-2007,campus,40118451,04011-8451
00203800,2007-2008,campus,40118451,04011-8451
00203800,2013-2014,campus,40118451,04011-8451
00203800,2014-2015,campus,40118451,04011-8451
00203800,2015-2016,campus,40118451,04011-8451
00203800,2016-2017,campus,40118451,04011-8451
00203800,2019-2020,campus,40118451,04011-8451
00203900,2006-2007,campus,49018840,04901-8840
00203900,2007-2008,campus,49018840,04901-8840
00203900,2013-2014,campus,49018840,04901-8840
00203900,2014-2015,campus,49018840,04901-8840
00203900,2015-2016,campus,49018840,04901-8840
00203900,2016-2017,campus,49018840,04901-8840
00203900,2019-2020,campus,49018840,04901-8840
00204000,2006-2007,campus,49381990,04938-1990
00204000,2007-2008,campus,49381990,04938-1990
00204000,2013-2014,campus,49381990,04938-1990
00204000,2014-2015,campus,49381990,04938-1990
00204000,2015-2016,campus,49381990,04938-1990
00204000,2016-2017,campus,49381990,04938-1990
00204000,2019-2020,campus,49381990,04938-1990
00204100,2006-2007,campus,47431292,04743-1292
00204100,2007-2008,campus,47431292,04743-1292
00204100,2013-2014,campus,47431292,04743-1292
00204100,2014-2015,campus,47431292,04743-1292
00204100,2015-2016,campus,47431292,04743-1292
00204100,2016-2017,campus,47431292,04743-1292
00204100,2019-2020,campus,47431292,04743-1292
00204300,2006-2007,campus,44012999,04401-2999
00204300,2007-2008,campus,44012999,04401-2999
00204300,2013-2014,campus,44012999,04401-2999
00204300,2014-2015,campus,44012999,04401-2999
00204300,2015-2016,campus,44012999,04401-2999
00204300,2016-2017,campus,44012999,04401-2999
00204300,2019-2020,campus,44012999,04401-2999
00204400,2006-2007,campus,44200001,04420-0001
00204400,2007-2008,campus,44200001,04420-0001
00204400,2013-2014,campus,44200001,04420-0001
00204400,2014-2015,campus,44200001,04420-0001
00204400,2015-2016,campus,44200001,04420-0001
00204400,2016-2017,campus,44200001,04420-0001
00204400,2019-2020,campus,44200001,04420-0001
00205000,2006-2007,campus,40059599,04005-9599
00205000,2007-2008,campus,40059599,04005-9599
00205000,2013-2014,campus,40059599,04005-9599
00205000,2014-2015,campus,40059599,04005-9599
00205000,2015-2016,campus,40059599,04005-9599
00205000,2016-2017,campus,40059599,04005-9599
00205000,2019-2020,campus,40059599,04005-9599
00205100,2006-2007,campus,40845263,04084-5263
00205100,2007-2008,campus,40845263,04084-5263
00205100,2013-2014,campus,40845236,04084-5236
00205100,2014-2015,campus,40845236,04084-5236
00205100,2015-2016,campus,40845236,04084-5236
00205100,2016-2017,campus,40845236,04084-5236
00205100,2019-2020,campus,40845236,04084-5236
00205200,2006-2007,campus,49015097,04901-5097
00205200,2007-2008,campus,49015097,04901-5097
00205200,2013-2014,campus,49015097,04901-5097
00205200,2014-2015,campus,49015097,04901-5097
00205200,2015-2016,campus,49015097,04901-5097
00205200,2016-2017,campus,49015097,04901-5097
00205200,2019-2020,campus,49015097,04901-5097
00205300,2006-2007,campus,44690001,04469-0001
00205300,2007-2008,campus,44690001,04469-0001
00205300,2013-2014,campus,44690001,04469-0001
00205300,2014-2015,campus,44690001,04469-0001
00205300,2015-2016,campus,44690001,04469-0001
00205300,2016-2017,campus,44690001,04469-0001
00205300,2019-2020,campus,44690001,04469-0001
00205400,2006-2007,campus,41044864,04104-4864
00205400,2007-2008,campus,41044864,04104-4864
00205400,2013-2014,campus,41049301,04104-9301
00205400,2014-2015,campus,41049301,04104-9301
00205400,2015-2016,campus,41049301,04104-9301
00205400,2016-2017,campus,41049301,04104-9301
00205400,2019-2020,campus,41049301,04104-9301
00205500,2006-2007,campus,46541397,04654-1397
00205500,2007-2008,campus,46541397,04654-1397
00205500,2013-2014,campus,46541397,04654-1397
00205500,2014-2015,campus,46541397,04654-1397
00205500,2015-2016,campus,46541397,04654-1397
00205500,2016-2017,campus,46541397,04654-1397
00205500,2019-2020,campus,46541397,04654-1397
00211400,2006-2007,campus,11093189,01109-3189
00211400,2007-2008,campus,11093189,01109-3189
00211400,2013-2014,campus,11093189,01109-3189
00211400,2014-2015,campus,11093189,01109-3189
00211400,2015-2016,campus,11093189,01109-3189
00211400,2016-2017,campus,11093189,01109-3189
00211400,2019-2020,campus,11093189,01109-3189
00211500,2006-2007,campus,10025000,01002-5000
00211500,2007-2008,campus,10025000,01002-5000
00211500,2013-2014,campus,10025000,01002-5000
00211500,2014-2015,campus,10025000,01002-5000
00211500,2015-2016,campus,10025000,01002-5000
00211500,2016-2017,campus,10025000,01002-5000
00211500,2019-2020,campus,10025000,01002-5000
00211700,2006-2007,campus,16121198,01612-1198
00211700,2007-2008,campus,16121198,01612-1198
00211700,2013-2014,campus,16121198,01612-1198
00211700,2014-2015,campus,16121198,01612-1198
00211700,2015-2016,campus,16121198,01612-1198
00211700,2016-2017,campus,16121198,01612-1198
00211700,2019-2020,campus,16121198,01612-1198
00211800,2006-2007,campus,16151294,01615-1294
00211800,2007-2008,campus,16151294,01615-1294
00211800,2013-2014,campus,16151294,01615-1294
00211800,2014-2015,campus,16151294,01615-1294
00211800,2015-2016,campus,16151294,01615-1294
00211800,2016-2017,campus,16151294,01615-1294
00211800,2019-2020,campus,16151294,01615-1294
00211900,2006-2007,campus,15611000,01561-1000
00211900,2007-2008,campus,15611000,01561-1000
00212000,2006-2007,campus,18455800,01845-5800
00212000,2007-2008,campus,18455800,01845-5800
00212000,2013-2014,campus,18455800,01845-5800
00212000,2014-2015,campus,18455800,01845-5800
00212000,2015-2016,campus,18455800,01845-5800
00212000,2016-2017,campus,18455800,01845-5800
00212000,2019-2020,campus,18455800,01845-5800
00212100,2006-2007,campus,24570310,02457-0310
00212100,2007-2008,campus,24570310,02457-0310
00212100,2013-2014,campus,24570310,02457-0310
00212100,2014-2015,campus,24570310,02457-0310
00212100,2015-2016,campus,24570310,02457-0310
00212100,2016-2017,campus,24570310,02457-0310
00212100,2019-2020,campus,24570310,02457-0310
00212200,2006-2007,campus,11062212,01106-2212
00212200,2007-2008,campus,11062212,01106-2212
00212200,2013-2014,campus,11062212,01106-2212
00212200,2014-2015,campus,11062212,01106-2212
00212200,2015-2016,campus,11062212,01106-2212
00212200,2016-2017,campus,11062212,01106-2212
00212200,2019-2020,campus,11062212,01106-2212
00212300,2006-2007,campus,16150071,01615-0071
00212300,2007-2008,campus,16150071,01615-0071
00212300,2013-2014,campus,16150071,01615-0071
00212300,2014-2015,campus,16150071,01615-0071
00212300,2015-2016,campus,16150071,01615-0071
00212300,2016-2017,campus,16150071,01615-0071
00212300,2019-2020,campus,16150071,01615-0071
00212400,2006-2007,campus,24524705,02452-4705
00212400,2007-2008,campus,24524705,02452-4705
00212400,2013-2014,campus,24524705,02452-4705
00212400,2014-2015,campus,24524705,02452-4705
00212400,2015-2016,campus,24524705,02452-4705
00212400,2016-2017,campus,24524705,02452-4705
00212400,2019-2020,campus,24524705,02452-4705
00212600,2006-2007,campus,22153693,02215-3693
00212600,2007-2008,campus,22153693,02215-3693
00212600,2013-2014,campus,22153693,02215-3693
00212600,2014-2015,campus,22153693,02215-3693
00212600,2015-2016,campus,22153693,02215-3693
00212600,2016-2017,campus,22153693,02215-3693
00212600,2019-2020,campus,22153693,02215-3693
00212800,2006-2007,campus,24673800,02467-3800
00212800,2007-2008,campus,24673800,02467-3800
00212800,2013-2014,campus,24673800,02467-3800
00212800,2014-2015,campus,24673800,02467-3800
00212800,2015-2016,campus,24673800,02467-3800
00212800,2016-2017,campus,24673800,02467-3800
00212800,2019-2020,campus,24673800,02467-3800
00212900,2006-2007,campus,22159830,02215-9830
00212900,2007-2008,campus,22159830,02215-9830
00212900,2013-2014,campus,22159830,02215-9830
00212900,2014-2015,campus,22159830,02215-9830
00212900,2015-2016,campus,22159830,02215-9830
00213000,2006-2007,campus,22151789,02215-1789
00213000,2007-2008,campus,22151789,02215-1789
00213000,2013-2014,campus,22151789,02215-1789
00213000,2014-2015,campus,22151789,02215-1789
00213000,2015-2016,campus,22151789,02215-1789
00213000,2016-2017,campus,22151789,02215-1789
00213000,2019-2020,campus,22151789,02215-1789
00213300,2006-2007,campus,24532700,02453-2700
00213300,2007-2008,campus,24532700,02453-2700
00213300,2013-2014,campus,24532700,02453-2700
00213300,2014-2015,campus,24532728,02453-2728
00213300,2015-2016,campus,24532728,02453-2728
00213300,2016-2017,campus,24532728,02453-2728
00213300,2019-2020,campus,24532728,02453-2728
00213900,2006-2007,campus,16101473,01610-1473
00213900,2007-2008,campus,16101473,01610-1473
00213900,2013-2014,campus,16101473,01610-1473
00213900,2014-2015,campus,16101473,01610-1473
00213900,2015-2016,campus,16101473,01610-1473
00213900,2016-2017,campus,16101473,01610-1473
00213900,2019-2020,campus,16101473,01610-1473
00214000,2006-2007,campus,10132839,01013-2839
00214000,2007-2008,campus,10132839,01013-2839
00214000,2013-2014,campus,10132839,01013-2839
00214000,2014-2015,campus,10132839,01013-2839
00214000,2015-2016,campus,10132839,01013-2839
00214000,2016-2017,campus,10132839,01013-2839
00214000,2019-2020,campus,10132839,01013-2839
00214100,2006-2007,campus,16102395,01610-2395
00214100,2007-2008,campus,16102395,01610-2395
00214100,2013-2014,campus,16102395,01610-2395
00214100,2014-2015,campus,16102395,01610-2395
00214100,2015-2016,campus,16102395,01610-2395
00214100,2016-2017,campus,16102395,01610-2395
00214100,2019-2020,campus,16102395,01610-2395
00214300,2006-2007,campus,21862395,02186-2395
00214300,2007-2008,campus,21862395,02186-2395
00214300,2013-2014,campus,21862395,02186-2395
00214300,2014-2015,campus,21862395,02186-2395
00214300,2015-2016,campus,21862395,02186-2395
00214300,2016-2017,campus,21862395,02186-2395
00214300,2019-2020,campus,21862395,02186-2395
00214400,2006-2007,campus,20381994,02038-1994
00214400,2007-2008,campus,20381994,02038-1994
00214400,2013-2014,campus,20381994,02038-1994
00214400,2014-2015,campus,20381994,02038-1994
00214400,2015-2016,campus,20381994,02038-1994
00214400,2016-2017,campus,20381994,02038-1994
00214400,2019-2020,campus,20381994,02038-1994
00214500,2006-2007,campus,21702999,02170-2999
00214500,2007-2008,campus,21702999,02170-2999
00214500,2013-2014,campus,21702999,02170-2999
00214500,2014-2015,campus,21702999,02170-2999
00214500,2015-2016,campus,21702999,02170-2999
00214500,2016-2017,campus,21702999,02170-2999
00214500,2019-2020,campus,21702999,02170-2999
00214600,2006-2007,campus,21164624,02116-4624
00214600,2007-2008,campus,21164624,02116-4624
00214600,2013-2014,campus,21164624,02116-4624
00214600,2014-2015,campus,21164624,02116-4624
00214600,2015-2016,campus,21164624,02116-4624
00214600,2016-2017,campus,21164624,02116-4624
00214600,2019-2020,campus,21164624,02116-4624
00214700,2006-2007,campus,21155798,02115-5798
00214700,2007-2008,campus,21155798,02115-5798
00214700,2013-2014,campus,21155798,02115-5798
00214700,2014-2015,campus,21155798,02115-5798
00214700,2015-2016,campus,21155798,02115-5798
00214700,2016-2017,campus,21155798,02115-5798
00214700,2019-2020,campus,21155798,02115-5798
00214800,2006-2007,campus,19152098,01915-2098
00214800,2007-2008,campus,19152098,01915-2098
00214800,2013-2014,campus,19152098,01915-2098
00214800,2014-2015,campus,19152098,01915-2098
00214800,2015-2016,campus,19152098,01915-2098
00214800,2016-2017,campus,19152098,01915-2098
00214800,2019-2020,campus,19152098,01915-2098
00214900,2013-2014,campus,21383494,02138-3494
00214900,2014-2015,campus,21383494,02138-3494
00214900,2015-2016,campus,21383494,02138-3494
00215000,2006-2007,campus,21161500,02116-1500
00215000,2007-2008,campus,21161500,02116-1500
00215000,2013-2014,campus,21161500,02116-1500
00215000,2014-2015,campus,21161500,02116-1500
00215000,2015-2016,campus,21161500,02116-1500
00215000,2016-2017,campus,21161500,02116-1500
00215000,2019-2020,campus,21161500,02116-1500
00215100,2006-2007,campus,21166296,02116-6296
00215100,2007-2008,campus,21166296,02116-6296
00215100,2013-2014,campus,21166296,02116-6296
00215100,2014-2015,campus,21166296,02116-6296
00215100,2015-2016,campus,21166296,02116-6296
00215100,2016-2017,campus,21166296,02116-6296
00215100,2019-2020,campus,21166296,02116-6296
00215300,2006-2007,campus,19841899,01984-1899
00215300,2007-2008,campus,19841899,01984-1899
00215300,2013-2014,campus,19841899,01984-1899
00215300,2014-2015,campus,19841899,01984-1899
00215300,2015-2016,campus,19841899,01984-1899
00215300,2016-2017,campus,19841899,01984-1899
00215300,2019-2020,campus,19841899,01984-1899
00215400,2013-2014,campus,24457496,02445-7496
00215400,2014-2015,campus,24457496,02445-7496
00215400,2015-2016,campus,24457496,02445-7496
00215400,2016-2017,campus,24457496,02445-7496
00215400,2019-2020,campus,24457496,02445-7496
00215500,2006-2007,campus,21383800,02138-3800
00215500,2007-2008,campus,21383800,02138-3800
00215500,2013-2014,campus,21383800,02138-3800
00215500,2014-2015,campus,21383800,02138-3800
00215500,2015-2016,campus,21383800,02138-3800
00215500,2016-2017,campus,21383800,02138-3800
00215500,2019-2020,campus,21383800,02138-3800
00215800,2006-2007,campus,24662716,02466-2716
00215800,2007-2008,campus,24662716,02466-2716
00215800,2013-2014,campus,24662716,02466-2716
00215800,2014-2015,campus,24662716,02466-2716
00215800,2015-2016,campus,24662716,02466-2716
00215800,2016-2017,campus,24662716,02466-2716
00215800,2019-2020,campus,24662716,02466-2716
00216000,2006-2007,campus,21382790,02138-2790
00216000,2007-2008,campus,21382790,02138-2790
00216000,2013-2014,campus,21382790,02138-2790
00216000,2014-2015,campus,21382790,02138-2790
00216000,2015-2016,campus,21382790,02138-2790
00216000,2016-2017,campus,21382790,02138-2790
00216000,2019-2020,campus,21382790,02138-2790
00216100,2006-2007,campus,18542881,01854-2881
00216100,2007-2008,campus,18542881,01854-2881
00216100,2013-2014,campus,18542881,01854-2881
00216100,2014-2015,campus,18542881,01854-2881
00216100,2015-2016,campus,18542881,01854-2881
00216100,2016-2017,campus,18542881,01854-2881
00216100,2019-2020,campus,18542881,01854-2881
00216400,2006-2007,campus,21151129,02115-1129
00216400,2007-2008,campus,21151129,02115-1129
00216400,2013-2014,campus,21151129,02115-1129
00216400,2014-2015,campus,21151129,02115-1129
00216400,2015-2016,campus,21151129,02115-1129
00216400,2016-2017,campus,21151129,02115-1129
00216400,2019-2020,campus,21151129,02115-1129
00216500,2006-2007,campus,21155804,02115-5804
00216500,2007-2008,campus,21155804,02115-5804
00216500,2013-2014,campus,21155804,02115-5804
00216500,2014-2015,campus,21155804,02115-5804
00216500,2015-2016,campus,21155804,02115-5804
00216500,2016-2017,campus,21155804,02115-5804
00216500,2019-2020,campus,21155804,02115-5804
00216700,2006-2007,campus,12015786,01201-5786
00216700,2007-2008,campus,12015786,01201-5786
00216700,2013-2014,campus,12015786,01201-5786
00216700,2014-2015,campus,12015786,01201-5786
00216700,2015-2016,campus,12015786,01201-5786
00216700,2016-2017,campus,12015786,01201-5786
00216700,2019-2020,campus,12015786,01201-5786
00216800,2006-2007,campus,26681599,02668-1599
00216800,2007-2008,campus,26681599,02668-1599
00216800,2013-2014,campus,26681599,02668-1599
00216800,2014-2015,campus,26681599,02668-1599
00216800,2015-2016,campus,26681599,02668-1599
00216800,2016-2017,campus,26681599,02668-1599
00216800,2019-2020,campus,26681599,02668-1599
00216900,2006-2007,campus,13019739,01301-9739
00216900,2007-2008,campus,13019739,01301-9739
00216900,2013-2014,campus,13019739,01301-9739
00216900,2014-2015,campus,13019739,01301-9739
00216900,2015-2016,campus,13019739,01301-9739
00216900,2016-2017,campus,13019739,01301-9739
00216900,2019-2020,campus,13019739,01301-9739
00217000,2006-2007,campus,10401099,01040-1099
00217000,2007-2008,campus,10401099,01040-1099
00217000,2013-2014,campus,10401099,01040-1099
00217000,2014-2015,campus,10401099,01040-1099
00217000,2015-2016,campus,10401099,01040-1099
00217000,2016-2017,campus,10401099,01040-1099
00217000,2019-2020,campus,10401099,01040-1099
00217100,2006-2007,campus,24815399,02481-5399
00217100,2007-2008,campus,24815399,02481-5399
00217100,2013-2014,campus,24815399,02481-5399
00217100,2014-2015,campus,24815399,02481-5399
00217100,2015-2016,campus,24815399,02481-5399
00217100,2016-2017,campus,24815399,02481-5399
00217100,2019-2020,campus,24815399,02481-5399
00217200,2006-2007,campus,14401000,01440-1000
00217200,2007-2008,campus,14401000,01440-1000
00217200,2013-2014,campus,14401000,01440-1000
00217200,2014-2015,campus,14401000,01440-1000
00217200,2015-2016,campus,14401000,01440-1000
00217200,2016-2017,campus,14401000,01440-1000
00217200,2019-2020,campus,14401000,01440-1000
00217300,2006-2007,campus,19234093,01923-4093
00217300,2007-2008,campus,19234093,01923-4093
00217300,2013-2014,campus,19234093,01923-4093
00217300,2014-2015,campus,19234093,01923-4093
00217300,2015-2016,campus,19234093,01923-4093
00217300,2016-2017,campus,19234093,01923-4093
00217300,2019-2020,campus,19234093,01923-4093
00217400,2006-2007,campus,18302399,01830-2399
00217400,2007-2008,campus,18302399,01830-2399
00217400,2013-2014,campus,18302399,01830-2399
00217400,2014-2015,campus,18302399,01830-2399
00217400,2015-2016,campus,18302399,01830-2399
00217400,2016-2017,campus,18302399,01830-2399
00217400,2019-2020,campus,18302399,01830-2399
00217500,2006-2007,campus,16062092,01606-2092
00217500,2007-2008,campus,16062092,01606-2092
00217500,2013-2014,campus,16062092,01606-2092
00217500,2014-2015,campus,16062092,01606-2092
00217500,2015-2016,campus,16062092,01606-2092
00217500,2016-2017,campus,16062092,01606-2092
00217500,2019-2020,campus,16062092,01606-2092
00217600,2006-2007,campus,27207399,02720-7399
00217600,2007-2008,campus,27207399,02720-7399
00217600,2013-2014,campus,27207399,02720-7399
00217600,2014-2015,campus,27207399,02720-7399
00217600,2015-2016,campus,27207399,02720-7399
00217600,2016-2017,campus,27207399,02720-7399
00217600,2019-2020,campus,27207399,02720-7399
00217700,2006-2007,campus,23023996,02302-3996
00217700,2007-2008,campus,23023996,02302-3996
00217700,2013-2014,campus,23023996,02302-3996
00217700,2014-2015,campus,23023996,02302-3996
00217700,2015-2016,campus,23023996,02302-3996
00217700,2016-2017,campus,23023996,02302-3996
00217700,2019-2020,campus,23023996,02302-3996
00217800,2006-2007,campus,21394307,02139-4307
00217800,2007-2008,campus,21394307,02139-4307
00217800,2013-2014,campus,21394307,02139-4307
00217800,2014-2015,campus,21394307,02139-4307
00217800,2015-2016,campus,21394307,02139-4307
00217800,2016-2017,campus,21394307,02139-4307
00217800,2019-2020,campus,21394307,02139-4307
00218000,2006-2007,campus,21155803,02115-5803
00218000,2007-2008,campus,21155803,02115-5803
00218000,2013-2014,campus,21155803,02115-5803
00218000,2014-2015,campus,21155803,02115-5803
00218000,2015-2016,campus,21155803,02115-5803
00218000,2016-2017,campus,21155803,02115-5803
00218000,2019-2020,campus,21155803,02115-5803
00218100,2006-2007,campus,25323400,02532-3400
00218100,2007-2008,campus,25323400,02532-3400
00218100,2013-2014,campus,25323400,02532-3400
00218100,2014-2015,campus,25323400,02532-3400
00218100,2015-2016,campus,25323400,02532-3400
00218100,2016-2017,campus,25323400,02532-3400
00218100,2019-2020,campus,25323400,02532-3400
00218300,2006-2007,campus,23250001,02325-0001
00218300,2007-2008,campus,23250001,02325-0001
00218300,2013-2014,campus,23250001,02325-0001
00218300,2014-2015,campus,23250001,02325-0001
00218300,2015-2016,campus,23250001,02325-0001
00218300,2016-2017,campus,23250001,02325-0001
00218300,2019-2020,campus,23250001,02325-0001
00218400,2006-2007,campus,14202697,01420-2697
00218400,2007-2008,campus,14202697,01420-2697
00218400,2013-2014,campus,14202697,01420-2697
00218400,2014-2015,campus,14202697,01420-2697
00218400,2015-2016,campus,14202697,01420-2697
00218400,2016-2017,campus,14202697,01420-2697
00218400,2019-2020,campus,14202697,01420-2697
00218500,2006-2007,campus,17022471,01702-2471
00218500,2007-2008,campus,17022471,01702-2471
00218500,2013-2014,campus,17022471,01702-2471
00218500,2014-2015,campus,17022471,01702-2471
00218500,2015-2016,campus,17022471,01702-2471
00218500,2016-2017,campus,17022471,01702-2471
00218500,2019-2020,campus,17022471,01702-2471
00218700,2006-2007,campus,12474100,01247-4100
00218700,2007-2008,campus,12474100,01247-4100
00218700,2013-2014,campus,12474100,01247-4100
00218700,2014-2015,campus,12474100,01247-4100
00218700,2015-2016,campus,12474100,01247-4100
00218700,2016-2017,campus,12474100,01247-4100
00218700,2019-2020,campus,12474100,01247-4100
00218800,2006-2007,campus,19705353,01970-5353
00218800,2007-2008,campus,19705353,01970-5353
00218800,2013-2014,campus,19705353,01970-5353
00218800,2014-2015,campus,19705353,01970-5353
00218800,2015-2016,campus,19705353,01970-5353
00218800,2016-2017,campus,19705353,01970-5353
00218800,2019-2020,campus,19705353,01970-5353
00218900,2006-2007,campus,10861630,01086-1630
00218900,2007-2008,campus,10861630,01086-1630
00218900,2013-2014,campus,10861630,01086-1630
00218900,2014-2015,campus,10861630,01086-1630
00218900,2015-2016,campus,10861630,01086-1630
00218900,2016-2017,campus,10861630,01086-1630
00218900,2019-2020,campus,10861630,01086-1630
00219000,2006-2007,campus,16022597,01602-2597
00219000,2007-2008,campus,16022597,01602-2597
00219000,2013-2014,campus,16022597,01602-2597
00219000,2014-2015,campus,16022597,01602-2597
00219000,2015-2016,campus,16022597,01602-2597
00219000,2016-2017,campus,16022597,01602-2597
00219000,2019-2020,campus,16022597,01602-2597
00219200,2006-2007,campus,10751492,01075-1492
00219200,2007-2008,campus,10751492,01075-1492
00219200,2013-2014,campus,10751492,01075-1492
00219200,2014-2015,campus,10751492,01075-1492
00219200,2015-2016,campus,10751492,01075-1492
00219200,2016-2017,campus,10751492,01075-1492
00219200,2019-2020,campus,10751492,01075-1492
00219300,2006-2007,campus,24593323,02459-3323
00219300,2007-2008,campus,24593323,02459-3323
00219300,2013-2014,campus,24593323,02459-3323
00219300,2014-2015,campus,24593323,02459-3323
00219300,2015-2016,campus,24593323,02459-3323
00219300,2016-2017,campus,24593323,02459-3323
00219400,2006-2007,campus,21155018,02115-5018
00219400,2007-2008,campus,21155018,02115-5018
00219400,2013-2014,campus,21155018,02115-5018
00219400,2014-2015,campus,21155018,02115-5018
00219400,2015-2016,campus,21155018,02115-5018
00219400,2016-2017,campus,21155018,02115-5018
00219400,2019-2020,campus,21155018,02115-5018
00219700,2006-2007,campus,15716346,01571-6346
00219700,2007-2008,campus,15716346,01571-6346
00219700,2013-2014,campus,15716346,01571-6346
00219700,2014-2015,campus,15716346,01571-6346
00219700,2015-2016,campus,15716346,01571-6346
00219700,2016-2017,campus,15716346,01571-6346
00219700,2019-2020,campus,15716346,01571-6346
00219900,2006-2007,campus,21155000,02115-5000
00219900,2007-2008,campus,21155000,02115-5000
00219900,2013-2014,campus,21155000,02115-5000
00219900,2014-2015,campus,21155000,02115-5000
00219900,2015-2016,campus,21155000,02115-5000
00219900,2016-2017,campus,21155000,02115-5000
00219900,2019-2020,campus,21155000,02115-5000
00220100,2006-2007,campus,24672332,02467-2332
00220100,2007-2008,campus,24672332,02467-2332
00220100,2013-2014,campus,24672332,02467-2332
00220100,2014-2015,campus,24672332,02467-2332
00220100,2015-2016,campus,24672332,02467-2332
00220100,2016-2017,campus,24672332,02467-2332
00220100,2019-2020,campus,24672332,02467-2332
00220500,2006-2007,campus,21694501,02169-4501
00220500,2007-2008,campus,21694501,02169-4501
00220500,2013-2014,campus,21694324,02169-4324
00220500,2014-2015,campus,21694324,02169-4324
00220500,2015-2016,campus,21694324,02169-4324
00220500,2016-2017,campus,21694324,02169-4324
00220500,2019-2020,campus,21694339,02169-4339
00220600,2006-2007,campus,24931571,02493-1571
00220600,2007-2008,campus,24931571,02493-1571
00220600,2013-2014,campus,24931571,02493-1571
00220600,2014-2015,campus,24931571,02493-1571
00220600,2015-2016,campus,24931571,02493-1571
00220600,2016-2017,campus,24931571,02493-1571
00220600,2019-2020,campus,24931571,02493-1571
00220800,2006-2007,campus,21155898,02115-5898
00220800,2007-2008,campus,21155898,02115-5898
00220800,2013-2014,campus,21155898,02115-5898
00220800,2014-2015,campus,21155898,02115-5898
00220800,2015-2016,campus,21155898,02115-5898
00220800,2016-2017,campus,21155898,02115-5898
00220800,2019-2020,campus,21155898,02115-5898
00220900,2006-2007,campus,10632936,01063-2936
00220900,2007-2008,campus,10632936,01063-2936
00220900,2013-2014,campus,10632936,01063-2936
00220900,2014-2015,campus,10632936,01063-2936
00220900,2015-2016,campus,10632936,01063-2936
00220900,2016-2017,campus,10632936,01063-2936
00220900,2019-2020,campus,10632936,01063-2936
00221000,2006-2007,campus,27472300,02747-2300
00221000,2007-2008,campus,27472300,02747-2300
00221000,2013-2014,campus,27472300,02747-2300
00221000,2014-2015,campus,27472300,02747-2300
00221000,2015-2016,campus,27472300,02747-2300
00221000,2016-2017,campus,27472300,02747-2300
00221000,2019-2020,campus,27472300,02747-2300
00221100,2006-2007,campus,11093797,01109-3797
00221100,2007-2008,campus,11093797,01109-3797
00221100,2013-2014,campus,11093797,01109-3797
00221100,2014-2015,campus,11093797,01109-3797
00221100,2015-2016,campus,11093797,01109-3797
00221100,2016-2017,campus,11093797,01109-3797
00221100,2019-2020,campus,11093797,01109-3797
00221700,2006-2007,campus,23576110,02357-6110
00221700,2007-2008,campus,23576110,02357-6110
00221700,2013-2014,campus,23576110,02357-6110
00221700,2014-2015,campus,23576110,02357-6110
00221700,2015-2016,campus,23576110,02357-6110
00221700,2016-2017,campus,23576110,02357-6110
00221700,2019-2020,campus,23576110,02357-6110
00221800,2006-2007,campus,21082770,02108-2770
00221800,2007-2008,campus,21082770,02108-2770
00221800,2013-2014,campus,21082770,02108-2770
00221800,2014-2015,campus,21082770,02108-2770
00221800,2015-2016,campus,21082770,02108-2770
00221800,2016-2017,campus,21082770,02108-2770
00221800,2019-2020,campus,21082770,02108-2770
00221900,2006-2007,campus,21555808,02155-5808
00221900,2007-2008,campus,21555808,02155-5808
00221900,2013-2014,campus,21555808,02155-5808
00221900,2014-2015,campus,21555808,02155-5808
00221900,2015-2016,campus,21555808,02155-5808
00221900,2016-2017,campus,21555808,02155-5808
00221900,2019-2020,campus,21555808,02155-5808
00222100,2006-2007,campus,10030000,01003-0000
00222100,2007-2008,campus,10030000,01003-0000
00222100,2013-2014,campus,10030000,01003-0000
00222100,2014-2015,campus,10030000,01003-0000
00222100,2015-2016,campus,10030000,01003-0000
00222100,2016-2017,campus,10030000,01003-0000
00222100,2019-2020,campus,10030000,01003-0000
00222200,2006-2007,campus,21253393,02125-3393
00222200,2007-2008,campus,21253393,02125-3393
00222200,2013-2014,campus,21253393,02125-3393
00222200,2014-2015,campus,21253393,02125-3393
00222200,2015-2016,campus,21253393,02125-3393
00222200,2016-2017,campus,21253393,02125-3393
00222200,2019-2020,campus,21253393,02125-3393
00222400,2006-2007,campus,24818203,02481-8203
00222400,2007-2008,campus,24818203,02481-8203
00222400,2013-2014,campus,24818203,02481-8203
00222400,2014-2015,campus,24818203,02481-8203
00222400,2015-2016,campus,24818203,02481-8203
00222400,2016-2017,campus,24818203,02481-8203
00222400,2019-2020,campus,24818203,02481-8203
00222500,2006-2007,campus,21155998,02115-5998
00222500,2007-2008,campus,21155998,02115-5998
00222500,2013-2014,campus,21155998,02115-5998
00222500,2014-2015,campus,21155998,02115-5998
00222500,2015-2016,campus,21155998,02115-5998
00222500,2016-2017,campus,21155998,02115-5998
00222500,2019-2020,campus,21155998,02115-5998
00222600,2006-2007,campus,11192654,01119-2654
00222600,2007-2008,campus,11192654,01119-2654
00222600,2013-2014,campus,11192654,01119-2654
00222600,2014-2015,campus,11192654,01119-2654
00222600,2015-2016,campus,11192654,01119-2654
00222600,2016-2017,campus,11192654,01119-2654
00222600,2019-2020,campus,11192654,01119-2654
00222700,2006-2007,campus,27662322,02766-2322
00222700,2007-2008,campus,27662322,02766-2322
00222700,2013-2014,campus,27662322,02766-2322
00222700,2014-2015,campus,27662322,02766-2322
00222700,2015-2016,campus,27662322,02766-2322
00222700,2016-2017,campus,27662322,02766-2322
00222700,2019-2020,campus,27662322,02766-2322
00222800,2006-2007,campus,22154176,02215-4176
00222800,2007-2008,campus,22154176,02215-4176
00222800,2013-2014,campus,22154176,02215-4176
00222800,2014-2015,campus,22154176,02215-4176
00222800,2015-2016,campus,22154176,02215-4176
00222800,2016-2017,campus,22154176,02215-4176
00222900,2006-2007,campus,12672600,01267-2600
00222900,2007-2008,campus,12672600,01267-2600
00222900,2013-2014,campus,12672600,01267-2600
00222900,2014-2015,campus,12672600,01267-2600
00222900,2015-2016,campus,12672600,01267-2600
00222900,2016-2017,campus,12672600,01267-2600
00222900,2019-2020,campus,12672600,01267-2600
00223300,2006-2007,campus,16092280,01609-2280
00223300,2007-2008,campus,16092280,01609-2280
00223300,2013-2014,campus,16092280,01609-2280
00223300,2014-2015,campus,16092280,01609-2280
00223300,2015-2016,campus,16092280,01609-2280
00223300,2016-2017,campus,16092280,01609-2280
00223300,2019-2020,campus,16092280,01609-2280
00257200,2006-2007,campus,32574648,03257-4648
00257200,2007-2008,campus,32574648,03257-4648
00257200,2013-2014,campus,32574648,03257-4648
00257200,2014-2015,campus,32574648,03257-4648
00257200,2015-2016,campus,32574648,03257-4648
00257200,2016-2017,campus,32574648,03257-4648
00257200,2019-2020,campus,32574648,03257-4648
00257300,2006-2007,campus,37553529,03755-3529
00257300,2007-2008,campus,37553529,03755-3529
00257300,2013-2014,campus,37553529,03755-3529
00257300,2014-2015,campus,37553529,03755-3529
00257300,2015-2016,campus,37553529,03755-3529
00257300,2016-2017,campus,37553529,03755-3529
00257300,2019-2020,campus,37553529,03755-3529
00257500,2006-2007,campus,34610060,03461-0060
00257500,2007-2008,campus,34610060,03461-0060
00257500,2013-2014,campus,34610060,03461-0060
00257500,2014-2015,campus,34610060,03461-0060
00257500,2015-2016,campus,34610060,03461-0060
00257500,2016-2017,campus,34610060,03461-0060
00257500,2019-2020,campus,34610060,03461-0060
00257900,2006-2007,campus,32423293,03242-3293
00257900,2007-2008,campus,32423293,03242-3293
00257900,2013-2014,campus,32423293,03242-3293
00257900,2014-2015,campus,32423293,03242-3293
00257900,2015-2016,campus,32423293,03242-3293
00257900,2016-2017,campus,32423293,03242-3293
00257900,2019-2020,campus,32423293,03242-3293
00258000,2006-2007,campus,31061045,03106-1045
00258000,2007-2008,campus,31061045,03106-1045
00258000,2013-2014,campus,31061045,03106-1045
00258000,2014-2015,campus,31061045,03106-1045
00258000,2015-2016,campus,31061045,03106-1045
00258000,2016-2017,campus,31061045,03106-1045
00258000,2019-2020,campus,31061045,03106-1045
00258100,2006-2007,campus,33017412,03301-7412
00258100,2007-2008,campus,33017412,03301-7412
00258100,2013-2014,campus,33017412,03301-7412
00258100,2014-2015,campus,33017412,03301-7412
00258100,2015-2016,campus,33017412,03301-7412
00258100,2016-2017,campus,33017412,03301-7412
00258100,2019-2020,campus,33017412,03301-7412
00258200,2006-2007,campus,31028518,03102-8518
00258200,2007-2008,campus,31028518,03102-8518
00258200,2013-2014,campus,31028518,03102-8518
00258200,2014-2015,campus,31028518,03102-8518
00258200,2015-2016,campus,31028518,03102-8518
00258200,2016-2017,campus,31028518,03102-8518
00258200,2019-2020,campus,31028518,03102-8518
00258300,2006-2007,campus,38850000,03885-0000
00258300,2007-2008,campus,38850000,03885-0000
00258300,2013-2014,campus,38012807,03801-2807
00258300,2014-2015,campus,38012807,03801-2807
00258300,2015-2016,campus,38012807,03801-2807
00258300,2016-2017,campus,38012807,03801-2807
00258300,2019-2020,campus,38012807,03801-2807
00258600,2006-2007,campus,30605086,03060-5086
00258600,2007-2008,campus,30605086,03060-5086
00258600,2013-2014,campus,30605086,03060-5086
00258600,2014-2015,campus,30605086,03060-5086
00258600,2015-2016,campus,30605086,03060-5086
00258600,2016-2017,campus,30605086,03060-5086
00258600,2019-2020,campus,30605086,03060-5086
00258700,2006-2007,campus,31021310,03102-1310
00258700,2007-2008,campus,31021310,03102-1310
00258700,2013-2014,campus,31021310,03102-1310
00258700,2014-2015,campus,31021310,03102-1310
00258700,2015-2016,campus,31021310,03102-1310
00258700,2016-2017,campus,31021310,03102-1310
00258700,2019-2020,campus,31021310,03102-1310
00258900,2006-2007,campus,38242511,03824-2511
00258900,2007-2008,campus,38242511,03824-2511
00258900,2013-2014,campus,38242511,03824-2511
00258900,2014-2015,campus,38242511,03824-2511
00258900,2015-2016,campus,38242511,03824-2511
00258900,2016-2017,campus,38242511,03824-2511
00258900,2019-2020,campus,38242511,03824-2511
00259000,2006-2007,campus,34351504,03435-1504
00259000,2007-2008,campus,34351504,03435-1504
00259000,2013-2014,campus,34351504,03435-1504
00259000,2014-2015,campus,34351504,03435-1504
00259000,2015-2016,campus,34351504,03435-1504
00259000,2016-2017,campus,34351504,03435-1504
00259000,2019-2020,campus,34351504,03435-1504
00259100,2006-2007,campus,32641595,03264-1595
00259100,2007-2008,campus,32641595,03264-1595
00259100,2013-2014,campus,32641595,03264-1595
00259100,2014-2015,campus,32641595,03264-1595
00259100,2015-2016,campus,32641595,03264-1595
00259100,2016-2017,campus,32641595,03264-1595
00259100,2019-2020,campus,32641595,03264-1595
00259600,2006-2007,campus,83302699,08330-2699
00259600,2007-2008,campus,83302699,08330-2699
00259600,2013-2014,campus,83302699,08330-2699
00259600,2014-2015,campus,83302699,08330-2699
00259600,2015-2016,campus,83302699,08330-2699
00259600,2016-2017,campus,83302699,08330-2699
00259600,2019-2020,campus,83302699,08330-2699
00259700,2006-2007,campus,70033425,07003-3425
00259700,2007-2008,campus,70033425,07003-3425
00259700,2013-2014,campus,70033425,07003-3425
00259700,2014-2015,campus,70033425,07003-3425
00259700,2015-2016,campus,70033425,07003-3425
00259700,2016-2017,campus,70033425,07003-3425
00259700,2019-2020,campus,70033425,07003-3425
00259800,2006-2007,campus,70066195,07006-6195
00259800,2007-2008,campus,70066195,07006-6195
00259800,2013-2014,campus,70066195,07006-6195
00259800,2014-2015,campus,70066195,07006-6195
00259800,2015-2016,campus,70066195,07006-6195
00259800,2016-2017,campus,70066195,07006-6195
00259800,2019-2020,campus,70066195,07006-6195
00259900,2006-2007,campus,78402184,07840-2184
00259900,2007-2008,campus,78402184,07840-2184
00259900,2013-2014,campus,78402184,07840-2184
00259900,2014-2015,campus,78402184,07840-2184
00259900,2015-2016,campus,78402184,07840-2184
00259900,2016-2017,campus,78402184,07840-2184
00259900,2019-2020,campus,78402184,07840-2184
00260000,2006-2007,campus,79606989,07960-6989
00260000,2007-2008,campus,79606989,07960-6989
00260000,2013-2014,campus,79606989,07960-6989
00260000,2014-2015,campus,79606989,07960-6989
00260000,2015-2016,campus,79606989,07960-6989
00260000,2016-2017,campus,79606989,07960-6989
00260000,2019-2020,campus,79606989,07960-6989
00260100,2006-2007,campus,83620517,08362-0517
00260100,2007-2008,campus,83620517,08362-0517
00260100,2013-2014,campus,83629912,08362-9912
00260100,2014-2015,campus,83629912,08362-9912
00260100,2015-2016,campus,83629912,08362-9912
00260100,2016-2017,campus,83629912,08362-9912
00260300,2006-2007,campus,79404063,07940-4063
00260300,2007-2008,campus,79404063,07940-4063
00260300,2013-2014,campus,79404063,07940-4063
00260300,2014-2015,campus,79404063,07940-4063
00260300,2015-2016,campus,79404063,07940-4063
00260300,2016-2017,campus,79404063,07940-4063
00260300,2019-2020,campus,79404063,07940-4063
00260700,2006-2007,campus,76661996,07666-1996
00260700,2007-2008,campus,76661996,07666-1996
00260700,2013-2014,campus,76661996,07666-1996
00260700,2014-2015,campus,76661996,07666-1996
00260700,2015-2016,campus,76661996,07666-1996
00260700,2016-2017,campus,76661996,07666-1996
00260700,2019-2020,campus,76661996,07666-1996
00260800,2006-2007,campus,87012697,08701-2697
00260800,2007-2008,campus,87012697,08701-2697
00260800,2013-2014,campus,87012697,08701-2697
00260800,2014-2015,campus,87012697,08701-2697
00260800,2015-2016,campus,87012697,08701-2697
00260800,2016-2017,campus,87012697,08701-2697
00260800,2019-2020,campus,87012697,08701-2697
00260900,2006-2007,campus,80281702,08028-1702
00260900,2007-2008,campus,80281702,08028-1702
00260900,2013-2014,campus,80281702,08028-1702
00260900,2014-2015,campus,80281702,08028-1702
00260900,2015-2016,campus,80281702,08028-1702
00260900,2016-2017,campus,80281702,08028-1702
00260900,2019-2020,campus,80281702,08028-1702
00261000,2006-2007,campus,76442198,07644-2198
00261000,2007-2008,campus,76442198,07644-2198
00261000,2013-2014,campus,76442198,07644-2198
00261000,2014-2015,campus,76442198,07644-2198
00261000,2015-2016,campus,76442198,07644-2198
00261000,2016-2017,campus,76442198,07644-2198
00261000,2019-2020,campus,76442198,07644-2198
00261300,2006-2007,campus,73051597,07305-1597
00261300,2007-2008,campus,73051597,07305-1597
00261300,2013-2014,campus,73051597,07305-1597
00261300,2014-2015,campus,73051597,07305-1597
00261300,2015-2016,campus,73051597,07305-1597
00261300,2016-2017,campus,73051597,07305-1597
00261300,2019-2020,campus,73051597,07305-1597
00261500,2006-2007,campus,88183050,08818-3050
00261500,2007-2008,campus,88183050,08818-3050
00261500,2013-2014,campus,88183050,08818-3050
00261500,2014-2015,campus,88183050,08818-3050
00261500,2015-2016,campus,88183050,08818-3050
00261500,2016-2017,campus,88183050,08818-3050
00261500,2019-2020,campus,88183050,08818-3050
00261600,2006-2007,campus,77641898,07764-1898
00261600,2007-2008,campus,77641898,07764-1898
00261600,2013-2014,campus,77641898,07764-1898
00261600,2014-2015,campus,77641898,07764-1898
00261600,2015-2016,campus,77641898,07764-1898
00261600,2016-2017,campus,77641898,07764-1898
00261600,2019-2020,campus,77641898,07764-1898
00261700,2006-2007,campus,70439987,07043-9987
00261700,2007-2008,campus,70439987,07043-9987
00261700,2013-2014,campus,70439987,07043-9987
00261700,2014-2015,campus,70439987,07043-9987
00261700,2015-2016,campus,70439987,07043-9987
00261700,2016-2017,campus,70439987,07043-9987
00261700,2019-2020,campus,70439987,07043-9987
00262100,2006-2007,campus,71021982,07102-1982
00262100,2007-2008,campus,71021982,07102-1982
00262100,2013-2014,campus,71021982,07102-1982
00262100,2014-2015,campus,71021982,07102-1982
00262100,2015-2016,campus,71021982,07102-1982
00262100,2016-2017,campus,71021982,07102-1982
00262100,2019-2020,campus,71021982,07102-1982
00262200,2006-2007,campus,70837131,07083-7131
00262200,2007-2008,campus,70837131,07083-7131
00262200,2013-2014,campus,70837131,07083-7131
00262200,2014-2015,campus,70837131,07083-7131
00262200,2015-2016,campus,70837131,07083-7131
00262200,2016-2017,campus,70837131,07083-7131
00262200,2019-2020,campus,70837131,07083-7131
00262400,2006-2007,campus,87542001,08754-2001
00262400,2007-2008,campus,87542001,08754-2001
00262400,2013-2014,campus,87542001,08754-2001
00262400,2014-2015,campus,87542001,08754-2001
00262400,2015-2016,campus,87542001,08754-2001
00262400,2016-2017,campus,87542001,08754-2001
00262400,2019-2020,campus,87542001,08754-2001
00262500,2006-2007,campus,74702152,07470-2152
00262500,2007-2008,campus,74702152,07470-2152
00262500,2013-2014,campus,74702152,07470-2152
00262500,2014-2015,campus,74702152,07470-2152
00262500,2015-2016,campus,74702152,07470-2152
00262500,2016-2017,campus,74702152,07470-2152
00262500,2019-2020,campus,74702152,07470-2152
00262600,2006-2007,campus,85400803,08540-0803
00262600,2007-2008,campus,85400803,08540-0803
00262600,2013-2014,campus,85400803,08540-0803
00262600,2014-2015,campus,85400803,08540-0803
00262600,2015-2016,campus,85400803,08540-0803
00262600,2016-2017,campus,85400803,08540-0803
00262600,2019-2020,campus,85400803,08540-0803
00262700,2006-2007,campus,85440001,08544-0001
00262700,2007-2008,campus,85440001,08544-0001
00262700,2013-2014,campus,85440001,08544-0001
00262700,2014-2015,campus,85440001,08544-0001
00262700,2015-2016,campus,85440001,08544-0001
00262700,2016-2017,campus,85440001,08544-0001
00262700,2019-2020,campus,85440001,08544-0001
00262800,2006-2007,campus,86483099,08648-3099
00262800,2007-2008,campus,86483099,08648-3099
00262800,2013-2014,campus,86483099,08648-3099
00262800,2014-2015,campus,86483099,08648-3099
00262800,2015-2016,campus,86483099,08648-3099
00262800,2016-2017,campus,86483099,08648-3099
00262800,2019-2020,campus,86483099,08648-3099
00262900,2006-2007,campus,89011281,08901-1281
00262900,2007-2008,campus,89011281,08901-1281
00262900,2013-2014,campus,89011281,08901-1281
00262900,2014-2015,campus,89011281,08901-1281
00262900,2015-2016,campus,89011281,08901-1281
00262900,2016-2017,campus,89011281,08901-1281
00262900,2019-2020,campus,89011281,08901-1281
00263200,2006-2007,campus,70792697,07079-2697
00263200,2007-2008,campus,70792697,07079-2697
00263200,2013-2014,campus,70792697,07079-2697
00263200,2014-2015,campus,70792697,07079-2697
00263200,2015-2016,campus,70792697,07079-2697
00263200,2016-2017,campus,70792697,07079-2697
00263200,2019-2020,campus,70792697,07079-2697
00263800,2006-2007,campus,73065997,07306-5997
00263800,2007-2008,campus,73065997,07306-5997
00263800,2013-2014,campus,73065997,07306-5997
00263800,2014-2015,campus,73065997,07306-5997
00263800,2015-2016,campus,73065997,07306-5997
00263800,2016-2017,campus,73065997,07306-5997
00263800,2019-2020,campus,73065997,07306-5997
00263900,2006-2007,campus,70305370,07030-5370
00263900,2007-2008,campus,70305370,07030-5370
00263900,2013-2014,campus,70305370,07030-5370
00263900,2014-2015,campus,70305370,07030-5370
00263900,2015-2016,campus,70305370,07030-5370
00263900,2016-2017,campus,70305370,07030-5370
00263900,2019-2020,campus,70305370,07030-5370
00264200,2006-2007,campus,86280718,08628-0718
00264200,2007-2008,campus,86280718,08628-0718
00264200,2013-2014,campus,86280718,08628-0718
00264200,2014-2015,campus,86280718,08628-0718
00264200,2015-2016,campus,86280718,08628-0718
00264200,2016-2017,campus,86280718,08628-0718
00264200,2019-2020,campus,86280718,08628-0718
00264300,2006-2007,campus,70161598,07016-1598
00264300,2007-2008,campus,70161598,07016-1598
00264300,2013-2014,campus,70161598,07016-1598
00264300,2014-2015,campus,70161598,07016-1598
00264300,2015-2016,campus,70161598,07016-1598
00264300,2016-2017,campus,70161598,07016-1598
00264300,2019-2020,campus,70161598,07016-1598
00340100,2006-2007,campus,29129127,02912-9127
00340100,2007-2008,campus,29129127,02912-9127
00340100,2013-2014,campus,29129127,02912-9127
00340100,2014-2015,campus,29129127,02912-9127
00340100,2015-2016,campus,29129127,02912-9127
00340100,2016-2017,campus,29129127,02912-9127
00340100,2019-2020,campus,29129127,02912-9127
00340200,2006-2007,campus,29171284,02917-1284
00340200,2007-2008,campus,29171284,02917-1284
00340200,2013-2014,campus,29171284,02917-1284
00340200,2014-2015,campus,29171284,02917-1284
00340200,2015-2016,campus,29171284,02917-1284
00340200,2016-2017,campus,29171284,02917-1284
00340200,2019-2020,campus,29171284,02917-1284
00340400,2006-2007,campus,29033703,02903-3703
00340400,2007-2008,campus,29033703,02903-3703
00340400,2013-2014,campus,29033703,02903-3703
00340400,2014-2015,campus,29033703,02903-3703
00340400,2015-2016,campus,29033703,02903-3703
00340400,2016-2017,campus,29033703,02903-3703
00340400,2019-2020,campus,29033703,02903-3703
00340600,2006-2007,campus,29180001,02918-0001
00340600,2007-2008,campus,29180001,02918-0001
00340600,2013-2014,campus,29180001,02918-0001
00340600,2014-2015,campus,29180001,02918-0001
00340600,2015-2016,campus,29180001,02918-0001
00340600,2016-2017,campus,29180001,02918-0001
00340600,2019-2020,campus,29180001,02918-0001
00340700,2006-2007,campus,29081991,02908-1991
00340700,2007-2008,campus,29081991,02908-1991
00340700,2013-2014,campus,29081991,02908-1991
00340700,2014-2015,campus,29081991,02908-1991
00340700,2015-2016,campus,29081991,02908-1991
00340700,2016-2017,campus,29081991,02908-1991
00340700,2019-2020,campus,29081991,02908-1991
00340800,2006-2007,campus,28861807,02886-1807
00340800,2007-2008,campus,28861807,02886-1807
00340800,2013-2014,campus,28861807,02886-1807
00340800,2014-2015,campus,28861807,02886-1807
00340800,2015-2016,campus,28861807,02886-1807
00340800,2016-2017,campus,28861807,02886-1807
00340800,2019-2020,campus,28861807,02886-1807
00340900,2006-2007,campus,29032784,02903-2784
00340900,2007-2008,campus,29032784,02903-2784
00340900,2013-2014,campus,29032784,02903-2784
00340900,2014-2015,campus,29032784,02903-2784
00340900,2015-2016,campus,29032784,02903-2784
00340900,2016-2017,campus,29032784,02903-2784
00340900,2019-2020,campus,29032784,02903-2784
00341000,2006-2007,campus,28092921,02809-2921
00341000,2007-2008,campus,28092921,02809-2921
00341000,2013-2014,campus,28092921,02809-2921
00341000,2014-2015,campus,28092921,02809-2921
00341000,2015-2016,campus,28092921,02809-2921
00341000,2016-2017,campus,28092921,02809-2921
00341000,2019-2020,campus,28092921,02809-2921
00341100,2006-2007,campus,28404192,02840-4192
00341100,2007-2008,campus,28404192,02840-4192
00341100,2013-2014,campus,28404192,02840-4192
00341100,2014-2015,campus,28404192,02840-4192
00341100,2015-2016,campus,28404192,02840-4192
00341100,2016-2017,campus,28404192,02840-4192
00341100,2019-2020,campus,28404192,02840-4192
00341400,2006-2007,campus,28810000,02881-0000
00341400,2007-2008,campus,28810000,02881-0000
00341400,2013-2014,campus,28810000,02881-0000
00341400,2014-2015,campus,28810000,02881-0000
00341400,2015-2016,campus,28810000,02881-0000
00341400,2016-2017,campus,28810000,02881-0000
00341400,2019-2020,campus,28810000,02881-0000
00368200,2006-2007,campus,52016001,05201-6001
00368200,2007-2008,campus,52016001,05201-6001
00368200,2013-2014,campus,52016001,05201-6001
00368200,2014-2015,campus,52016001,05201-6001
00368200,2015-2016,campus,52016001,05201-6001
00368200,2016-2017,campus,52016001,05201-6001
00368200,2019-2020,campus,52016001,05201-6001
00368300,2006-2007,campus,57350000,05735-0000
00368300,2007-2008,campus,57350000,05735-0000
00368300,2013-2014,campus,57350000,05735-0000
00368300,2014-2015,campus,57350000,05735-0000
00368300,2015-2016,campus,57350000,05735-0000
00368300,2016-2017,campus,57350000,05735-0000
00368300,2019-2020,campus,57350000,05735-0000
00368400,2006-2007,campus,54013950,05401-3950
00368400,2007-2008,campus,54013950,05401-3950
00368400,2013-2014,campus,54013950,05401-3950
00368400,2014-2015,campus,54013950,05401-3950
00368400,2015-2016,campus,54013950,05401-3950
00368400,2016-2017,campus,54013950,05401-3950
00368400,2019-2020,campus,54013950,05401-3950
00368500,2006-2007,campus,57013899,05701-3899
00368500,2007-2008,campus,57013899,05701-3899
00368500,2013-2014,campus,57013899,05701-3899
00368500,2014-2015,campus,57013899,05701-3899
00368500,2015-2016,campus,57013899,05701-3899
00368500,2016-2017,campus,57013899,05701-3899
00368600,2006-2007,campus,56670000,05667-0000
00368600,2007-2008,campus,56670000,05667-0000
00368600,2013-2014,campus,56670000,05667-0000
00368600,2014-2015,campus,56670000,05667-0000
00368600,2015-2016,campus,56670000,05667-0000
00368600,2016-2017,campus,56670000,05667-0000
00368600,2019-2020,campus,56670000,05667-0000
00368700,2006-2007,campus,57641199,05764-1199
00368700,2007-2008,campus,57641199,05764-1199
00368700,2013-2014,campus,57641199,05764-1199
00368700,2014-2015,campus,57641199,05764-1199
00368700,2015-2016,campus,57641199,05764-1199
00368700,2016-2017,campus,57641199,05764-1199
00368800,2006-2007,campus,56569898,05656-9898
00368800,2007-2008,campus,56569898,05656-9898
00368800,2013-2014,campus,56569898,05656-9898
00368800,2014-2015,campus,56569898,05656-9898
00368800,2015-2016,campus,56569898,05656-9898
00368800,2016-2017,campus,56569898,05656-9898
00368800,2019-2020,campus,56569898,05656-9898
00368900,2006-2007,campus,58510919,05851-0919
00368900,2007-2008,campus,58510919,05851-0919
00368900,2013-2014,campus,58510919,05851-0919
00368900,2014-2015,campus,58510919,05851-0919
00368900,2015-2016,campus,58510919,05851-0919
00368900,2016-2017,campus,58510919,05851-0919
00369000,2006-2007,campus,53443668,05344-3668
00369000,2007-2008,campus,53443668,05344-3668
00369000,2013-2014,campus,53443668,05344-3668
00369000,2014-2015,campus,53443668,05344-3668
00369000,2015-2016,campus,53443668,05344-3668
00369000,2016-2017,campus,53443668,05344-3668
00369000,2019-2020,campus,53443668,05344-3668
00369100,2006-2007,campus,57530000,05753-0000
00369100,2007-2008,campus,57530000,05753-0000
00369100,2013-2014,campus,57530000,05753-0000
00369100,2014-2015,campus,57530000,05753-0000
00369100,2015-2016,campus,57530000,05753-0000
00369100,2016-2017,campus,57530000,05753-0000
00369100,2019-2020,campus,57530000,05753-0000
00369200,2006-2007,campus,56631035,05663-1035
00369200,2007-2008,campus,56631035,05663-1035
00369200,2013-2014,campus,56631035,05663-1035
00369200,2014-2015,campus,56631035,05663-1035
00369200,2015-2016,campus,56631035,05663-1035
00369200,2016-2017,campus,56631035,05663-1035
00369200,2019-2020,campus,56631035,05663-1035
00369300,2006-2007,campus,52016002,05201-6002
00369300,2007-2008,campus,52016002,05201-6002
00369300,2013-2014,campus,52016002,05201-6002
00369300,2014-2015,campus,52016002,05201-6002
00369300,2015-2016,campus,52016002,05201-6002
00369300,2016-2017,campus,52016002,05201-6002
00369400,2006-2007,campus,54390001,05439-0001
00369400,2007-2008,campus,54390001,05439-0001
00369400,2013-2014,campus,54390001,05439-0001
00369400,2014-2015,campus,54390001,05439-0001
00369400,2015-2016,campus,54390001,05439-0001
00369400,2016-2017,campus,54390001,05439-0001
00369400,2019-2020,campus,54390001,05439-0001
00369600,2006-2007,campus,54050160,05405-0160
00369600,2007-2008,campus,54050160,05405-0160
00369600,2013-2014,campus,54050160,05405-0160
00369600,2014-2015,campus,54050160,05405-0160
00369600,2015-2016,campus,54050160,05405-0160
00369600,2016-2017,campus,54050160,05405-0160
00369600,2019-2020,campus,54050160,05405-0160
00369800,2006-2007,campus,50610000,05061-0000
00369800,2007-2008,campus,50610000,05061-0000
00369800,2013-2014,campus,50610000,05061-0000
00369800,2014-2015,campus,50610000,05061-0000
00369800,2015-2016,campus,50610000,05061-0000
00369800,2016-2017,campus,50610000,05061-0000
00369800,2019-2020,campus,50610000,05061-0000
00393600,2006-2007,campus,7179997,00717-9997
00393600,2007-2008,campus,7179997,00717-9997
00393600,2013-2014,campus,7179997,00717-9997
00393600,2014-2015,campus,7179997,00717-9997
00393600,2015-2016,campus,7179997,00717-9997
00393600,2016-2017,campus,7170655,00717-0655
00393600,2019-2020,campus,7170655,00717-0655
00393700,2006-2007,campus,9140383,00914-0383
00393700,2007-2008,campus,9140383,00914-0383
00393700,2013-2014,campus,9140383,00914-0383
00393700,2014-2015,campus,9140383,00914-0383
00393700,2015-2016,campus,9140383,00914-0383
00393700,2016-2017,campus,9140383,00914-0383
00393700,2019-2020,campus,9140383,00914-0383
00393800,2006-2007,campus,9260000,00926-0000
00393800,2007-2008,campus,9260000,00926-0000
00393800,2013-2014,campus,9260000,00926-0000
00393800,2014-2015,campus,6839801,00683-9801
00393900,2014-2015,campus,6052000,00605-2000
00393900,2015-2016,campus,6052000,00605-2000
00393900,2016-2017,campus,6052000,00605-2000
00393900,2019-2020,campus,6052000,00605-2000
00394000,2014-2015,campus,9191293,00919-1293
00394000,2015-2016,campus,9191293,00919-1293
00394000,2016-2017,campus,9191293,00919-1293
00394000,2019-2020,campus,9191293,00919-1293
00394100,2006-2007,campus,9842010,00984-2010
00394100,2007-2008,campus,9842010,00984-2010
00394100,2013-2014,campus,9842010,00984-2010
00394100,2014-2015,campus,9842010,00984-2010
00394100,2015-2016,campus,9842010,00984-2010
00394100,2016-2017,campus,9842010,00984-2010
00394100,2019-2020,campus,9832010,00983-2010
00394200,2006-2007,campus,9364984,00936-4984
00394200,2007-2008,campus,9364984,00936-4984
00394300,2013-2014,campus,7914300,00791-4300
00394300,2014-2015,campus,7914300,00791-4300
00394300,2015-2016,campus,7914300,00791-4300
00394300,2016-2017,campus,7914300,00791-4300
00394300,2019-2020,campus,7914300,00791-4300
00394400,2013-2014,campus,6800000,00680-0000
00394400,2014-2015,campus,6800000,00680-0000
00394400,2015-2016,campus,6800000,00680-0000
00394400,2016-2017,campus,6800000,00680-0000
00394400,2019-2020,campus,6800000,00680-0000
00394600,2006-2007,campus,8026000,00802-6000
00394600,2007-2008,campus,8026000,00802-6000
00394600,2013-2014,campus,8029990,00802-9990
00394600,2014-2015,campus,8029990,00802-9990
00394600,2015-2016,campus,8029990,00802-9990
00394600,2016-2017,campus,8029990,00802-9990
00394600,2019-2020,campus,8029990,00802-9990
00396500,2006-2007,campus,21162901,02116-2901
00396500,2007-2008,campus,21162901,02116-2901
00396500,2013-2014,campus,21162901,02116-2901
00396500,2014-2015,campus,21162901,02116-2901
00396500,2015-2016,campus,21162901,02116-2901
00396500,2016-2017,campus,21162901,02116-2901
00396500,2019-2020,campus,21164101,02116-4101
00396600,2006-2007,campus,21152795,02115-2795
00396600,2007-2008,campus,21152795,02115-2795
00396600,2013-2014,campus,21152795,02115-2795
00396600,2014-2015,campus,21152795,02115-2795
00396600,2015-2016,campus,21152795,02115-2795
00396600,2016-2017,campus,21152795,02115-2795
00396600,2019-2020,campus,21152795,02115-2795
00451300,2006-2007,campus,66044704,06604-4704
00451300,2007-2008,campus,66044704,06604-4704
00451300,2013-2014,campus,66044704,06604-4704
00451300,2014-2015,campus,66044704,06604-4704
00451300,2015-2016,campus,66044704,06604-4704
00451300,2016-2017,campus,66044704,06604-4704
00451300,2019-2020,campus,66044704,06604-4704
00466100,2006-2007,campus,10023359,01002-3359
00466100,2007-2008,campus,10023359,01002-3359
00466100,2013-2014,campus,10023359,01002-3359
00466100,2014-2015,campus,10023359,01002-3359
00466100,2015-2016,campus,10023359,01002-3359
00466100,2016-2017,campus,10023359,01002-3359
00466100,2019-2020,campus,10023359,01002-3359
00466600,2006-2007,campus,15831700,01583-1700
00466600,2007-2008,campus,15831700,01583-1700
00466600,2013-2014,campus,15831700,01583-1700
00466600,2014-2015,campus,15831700,01583-1700
00466600,2015-2016,campus,15831700,01583-1700
00466600,2016-2017,campus,15831700,01583-1700
00466700,2006-2007,campus,21155534,02115-5534
00466700,2007-2008,campus,21155534,02115-5534
00466700,2013-2014,campus,21155534,02115-5534
00466700,2014-2015,campus,21155534,02115-5534
00466700,2015-2016,campus,21155534,02115-5534
00472900,2006-2007,campus,31037230,03103-7230
00472900,2007-2008,campus,31037230,03103-7230
00472900,2013-2014,campus,31037230,03103-7230
00472900,2014-2015,campus,31037230,03103-7230
00472900,2015-2016,campus,31037230,03103-7230
00473000,2006-2007,campus,38203990,03820-3990
00473000,2007-2008,campus,38203990,03820-3990
00473100,2006-2007,campus,30631300,03063-1300
00473100,2007-2008,campus,30631300,03063-1300
00473100,2013-2014,campus,30631300,03063-1300
00473100,2014-2015,campus,30631300,03063-1300
00473300,2006-2007,campus,30364331,03036-4331
00473300,2007-2008,campus,30364331,03036-4331
00473600,2006-2007,campus,76521595,07652-1595
00473600,2007-2008,campus,76521595,07652-1595
00473600,2013-2014,campus,76521595,07652-1595
00473600,2014-2015,campus,76521595,07652-1595
00473600,2015-2016,campus,76521595,07652-1595
00473600,2016-2017,campus,76521595,07652-1595
00473600,2019-2020,campus,76521595,07652-1595
00474000,2006-2007,campus,86900182,08690-0182
00474000,2007-2008,campus,86900182,08690-0182
00474000,2013-2014,campus,86900182,08690-0182
00474000,2014-2015,campus,86900182,08690-0182
00474000,2015-2016,campus,86900182,08690-0182
00474000,2016-2017,campus,86900182,08690-0182
00474000,2019-2020,campus,86900182,08690-0182
00501900,2006-2007,campus,6810118,00681-0118
00501900,2007-2008,campus,6810118,00681-0118
00501900,2013-2014,campus,6810118,00681-0118
00501900,2014-2015,campus,6810118,00681-0118
00501900,2015-2016,campus,6810118,00681-0118
00501900,2016-2017,campus,6810118,00681-0118
00501900,2019-2020,campus,6810118,00681-0118
00502200,2006-2007,campus,9601725,00960-1725
00502200,2007-2008,campus,9601725,00960-1725
00502200,2013-2014,campus,9601725,00960-1725
00502200,2014-2015,campus,9601725,00960-1725
00502200,2015-2016,campus,9601725,00960-1725
00502200,2016-2017,campus,9601725,00960-1725
00502200,2019-2020,campus,9601725,00960-1725
00502600,2014-2015,campus,6144050,00614-4050
00502600,2015-2016,campus,6144050,00614-4050
00502600,2016-2017,campus,6144050,00614-4050
00502600,2019-2020,campus,6144050,00614-4050
00502700,2014-2015,campus,7940517,00794-0517
00502700,2015-2016,campus,7940517,00794-0517
00502700,2016-2017,campus,7940517,00794-0517
00502700,2019-2020,campus,7940517,00794-0517
00502800,2014-2015,campus,9576257,00957-6257
00502800,2015-2016,campus,9576257,00957-6257
00502800,2016-2017,campus,9576257,00957-6257
00502800,2019-2020,campus,9576257,00957-6257
00502900,2014-2015,campus,7151612,00715-1612
00502900,2015-2016,campus,7151612,00715-1612
00502900,2016-2017,campus,7151612,00715-1612
00502900,2019-2020,campus,7151612,00715-1612
00520400,2006-2007,campus,44016896,04401-6896
00520400,2007-2008,campus,44016896,04401-6896
00520400,2013-2014,campus,44016896,04401-6896
00520400,2014-2015,campus,44016896,04401-6896
00520400,2015-2016,campus,44016896,04401-6896
00520400,2016-2017,campus,44016896,04401-6896
00520400,2019-2020,campus,44016896,04401-6896
00527600,2006-2007,campus,42106498,04210-6498
00527600,2007-2008,campus,42106498,04210-6498
00527600,2013-2014,campus,42106498,04210-6498
00527600,2014-2015,campus,42106498,04210-6498
00527600,2015-2016,campus,42106498,04210-6498
00527600,2016-2017,campus,42106498,04210-6498
00527600,2019-2020,campus,42106498,04210-6498
00527700,2006-2007,campus,44014280,04401-4280
00527700,2007-2008,campus,44014280,04401-4280
00527700,2013-2014,campus,44014280,04401-4280
00527700,2014-2015,campus,44014280,04401-4280
00527700,2015-2016,campus,44014280,04401-4280
00527700,2016-2017,campus,44014280,04401-4280
00527700,2019-2020,campus,44014280,04401-4280
00529100,2006-2007,campus,35703799,03570-3799
00529100,2007-2008,campus,35703799,03570-3799
00529100,2013-2014,campus,35703799,03570-3799
00529100,2014-2015,campus,35703799,03570-3799
00529100,2015-2016,campus,35703799,03570-3799
00529100,2016-2017,campus,35703799,03570-3799
00529100,2019-2020,campus,35703799,03570-3799
00545200,2006-2007,campus,76081083,07608-1083
00545200,2007-2008,campus,76081083,07608-1083
00545200,2013-2014,campus,76081083,07608-1083
00545200,2014-2015,campus,76081083,07608-1083
00545200,2015-2016,campus,76081083,07608-1083
00545200,2016-2017,campus,76081083,07608-1083
00545200,2019-2020,campus,76081083,07608-1083
00546100,2006-2007,campus,80692799,08069-2799
00546100,2007-2008,campus,80692799,08069-2799
00546100,2013-2014,campus,80692799,08069-2799
00546100,2014-2015,campus,80692799,08069-2799
00546100,2015-2016,campus,80692799,08069-2799
00546100,2016-2017,campus,80692799,08069-2799
00546100,2019-2020,campus,80692799,08069-2799
00552500,2006-2007,campus,41061698,04106-1698
00552500,2007-2008,campus,41061698,04106-1698
00552500,2013-2014,campus,41061698,04106-1698
00552500,2014-2015,campus,41061698,04106-1698
00552500,2015-2016,campus,41061698,04106-1698
00552500,2016-2017,campus,41061698,04106-1698
00552500,2019-2020,campus,41061698,04106-1698
00576000,2006-2007,campus,47692016,04769-2016
00576000,2007-2008,campus,47692016,04769-2016
00576000,2013-2014,campus,47692016,04769-2016
00576000,2014-2015,campus,47692016,04769-2016
00576000,2015-2016,campus,47692016,04769-2016
00576000,2016-2017,campus,47692016,04769-2016
00576000,2019-2020,campus,47692016,04769-2016
00613600,2006-2007,campus,17302620,01730-2620
00613600,2007-2008,campus,17302620,01730-2620
00618100,2006-2007,campus,66102896,06610-2896
00618100,2007-2008,campus,66102896,06610-2896
00618100,2013-2014,campus,66102896,06610-2896
00618100,2014-2015,campus,66102896,06610-2896
00618100,2015-2016,campus,66102896,06610-2896
00618100,2016-2017,campus,66102896,06610-2896
00619100,2006-2007,campus,66069966,06606-9966
00619100,2007-2008,campus,66069966,06606-9966
00619100,2013-2014,campus,66069966,06606-9966
00619100,2014-2015,campus,66069966,06606-9966
00619100,2015-2016,campus,66069966,06606-9966
00619100,2016-2017,campus,66069966,06606-9966
00630500,2006-2007,campus,42404500,04240-4500
00630500,2007-2008,campus,42404500,04240-4500
00630500,2013-2014,campus,42439986,04243-9986
00632400,2006-2007,campus,21245698,02124-5698
00632400,2007-2008,campus,21245698,02124-5698
00632400,2013-2014,campus,21264253,02126-4253
00632400,2014-2015,campus,21264253,02126-4253
00632400,2015-2016,campus,21264253,02126-4253
00632400,2016-2017,campus,21264253,02126-4253
00632400,2019-2020,campus,21864253,02186-4253
00633100,2006-2007,campus,21551643,02155-1643
00633100,2007-2008,campus,21551643,02155-1643
00633100,2013-2014,campus,21551643,02155-1643
00633100,2014-2015,campus,21551643,02155-1643
00633100,2015-2016,campus,21551643,02155-1643
00633100,2016-2017,campus,21551643,02155-1643
00633100,2019-2020,campus,21551643,02155-1643
00642100,2006-2007,campus,70613399,07061-3399
00642100,2007-2008,campus,70613399,07061-3399
00642100,2013-2014,campus,70613399,07061-3399
00642100,2014-2015,campus,70613399,07061-3399
00642100,2015-2016,campus,70613399,07061-3399
00642100,2016-2017,campus,70613399,07061-3399
00642100,2019-2020,campus,70613399,07061-3399
00676000,2006-2007,campus,43309410,04330-9410
00676000,2007-2008,campus,43309410,04330-9410
00676000,2013-2014,campus,43309410,04330-9410
00676000,2014-2015,campus,43309410,04330-9410
00676000,2015-2016,campus,43309410,04330-9410
00676000,2016-2017,campus,43309410,04330-9410
00676000,2019-2020,campus,43309410,04330-9410
00685800,2006-2007,campus,49889502,04988-9502
00685800,2007-2008,campus,49889502,04988-9502
00685800,2013-2014,campus,49889502,04988-9502
00685800,2014-2015,campus,49889502,04988-9502
00685800,2015-2016,campus,49889502,04988-9502
00685800,2016-2017,campus,49889502,04988-9502
00685800,2019-2020,campus,49889502,04988-9502
00686500,2006-2007,campus,80123240,08012-3240
00686500,2007-2008,campus,80123240,08012-3240
00686500,2013-2014,campus,80123240,08012-3240
00686500,2014-2015,campus,80123240,08012-3240
00686500,2015-2016,campus,80123240,08012-3240
00686500,2016-2017,campus,80123240,08012-3240
00686500,2019-2020,campus,80123240,08012-3240
00687300,2006-2007,campus,19072896,01907-2896
00687300,2007-2008,campus,19072896,01907-2896
00687300,2013-2014,campus,19072896,01907-2896
00687300,2014-2015,campus,19072896,01907-2896
00690100,2006-2007,campus,80804249,08080-4249
00690100,2007-2008,campus,80804249,08080-4249
00690100,2013-2014,campus,80804249,08080-4249
00690100,2014-2015,campus,80804249,08080-4249
00690100,2015-2016,campus,80804249,08080-4249
00690100,2016-2017,campus,80804249,08080-4249
00690100,2019-2020,campus,80804249,08080-4249
00698200,2006-2007,campus,67083089,06708-3089
00698200,2007-2008,campus,67083089,06708-3089
00698200,2013-2014,campus,67083089,06708-3089
00698200,2014-2015,campus,67083089,06708-3089
00698200,2015-2016,campus,67083089,06708-3089
00698200,2016-2017,campus,67083089,06708-3089
00698200,2019-2020,campus,67083089,06708-3089
00702500,2006-2007,campus,37661312,03766-1312
00702500,2013-2014,campus,37661312,03766-1312
00702500,2014-2015,campus,37661312,03766-1312
00710700,2006-2007,campus,71021798,07102-1798
00710700,2007-2008,campus,71021798,07102-1798
00710700,2013-2014,campus,71021798,07102-1798
00710700,2014-2015,campus,71021798,07102-1798
00710700,2015-2016,campus,71021798,07102-1798
00710700,2016-2017,campus,71021798,07102-1798
00710700,2019-2020,campus,71021798,07102-1798
00710800,2013-2014,campus,9313300,00931-3300
00710800,2014-2015,campus,9313300,00931-3300
00710800,2015-2016,campus,9313300,00931-3300
00710800,2016-2017,campus,9313300,00931-3300
00710800,2019-2020,campus,9313300,00931-3300
00720600,2013-2014,campus,7365534,00736-5534
00720600,2014-2015,campus,7365534,00736-5534
00720600,2015-2016,campus,7365534,00736-5534
00720600,2016-2017,campus,7369997,00736-9997
00720600,2019-2020,campus,7369997,00736-9997
00722800,2013-2014,campus,6144010,00614-4010
00722800,2014-2015,campus,6144010,00614-4010
00722800,2015-2016,campus,6144010,00614-4010
00722800,2016-2017,campus,6144010,00614-4010
00722800,2019-2020,campus,6144010,00614-4010
00730300,2006-2007,campus,60512904,06051-2904
00730300,2007-2008,campus,60512904,06051-2904
00730300,2013-2014,campus,60512904,06051-2904
00730300,2014-2015,campus,60512904,06051-2904
00730300,2015-2016,campus,60512904,06051-2904
00730300,2016-2017,campus,60512904,06051-2904
00730300,2019-2020,campus,60512904,06051-2904
00730500,2006-2007,campus,64054022,06405-4022
00730500,2007-2008,campus,64054022,06405-4022
00730500,2013-2014,campus,64054022,06405-4022
00730500,2014-2015,campus,64054022,06405-4022
00730500,2015-2016,campus,64054022,06405-4022
00730500,2016-2017,campus,64054022,06405-4022
00730500,2019-2020,campus,65144132,06514-4132
00745900,2006-2007,campus,65143902,06514-3902
00745900,2007-2008,campus,65143902,06514-3902
00745900,2013-2014,campus,65143902,06514-3902
00745900,2014-2015,campus,65143902,06514-3902
00745900,2015-2016,campus,65143902,06514-3902
00745900,2016-2017,campus,65143902,06514-3902
00745900,2019-2020,campus,65143902,06514-3902
00748100,2006-2007,campus,21162904,02116-2904
00748100,2007-2008,campus,21162904,02116-2904
00748100,2013-2014,campus,21162904,02116-2904
00748400,2006-2007,campus,24455796,02445-5796
00748400,2007-2008,campus,24455796,02445-5796
00748400,2013-2014,campus,24455796,02445-5796
00748400,2014-2015,campus,24455796,02445-5796
00748400,2015-2016,campus,24455796,02445-5796
00748400,2016-2017,campus,24455796,02445-5796
00748600,2006-2007,campus,24457295,02445-7295
00748600,2007-2008,campus,24457295,02445-7295
00748600,2013-2014,campus,24457295,02445-7295
00748600,2014-2015,campus,24457295,02445-7295
00748600,2015-2016,campus,24457295,02445-7295
00748600,2016-2017,campus,24457295,02445-7295
00748800,2006-2007,campus,21291644,02129-1644
00748800,2007-2008,campus,21291644,02129-1644
00750200,2006-2007,campus,74243367,07424-3367
00750200,2007-2008,campus,74243367,07424-3367
00750200,2013-2014,campus,74243367,07424-3367
00750200,2014-2015,campus,74243367,07424-3367
00750200,2015-2016,campus,74243367,07424-3367
00750200,2016-2017,campus,74243367,07424-3367
00750200,2019-2020,campus,74243367,07424-3367
00750600,2006-2007,campus,70835032,07083-5032
00750600,2007-2008,campus,70835032,07083-5032
00750600,2013-2014,campus,70835032,07083-5032
00750700,2006-2007,campus,70391611,07039-1611
00750700,2007-2008,campus,70391611,07039-1611
00755500,2006-2007,campus,32461326,03246-1326
00755500,2007-2008,campus,32461326,03246-1326
00755500,2013-2014,campus,32461326,03246-1326
00755500,2014-2015,campus,32461326,03246-1326
00755500,2015-2016,campus,32461326,03246-1326
00755500,2016-2017,campus,32461326,03246-1326
00755500,2019-2020,campus,32461326,03246-1326
00756000,2006-2007,campus,37439707,03743-9707
00756000,2007-2008,campus,37439707,03743-9707
00756000,2013-2014,campus,37439707,03743-9707
00756000,2014-2015,campus,37439707,03743-9707
00756000,2015-2016,campus,37439707,03743-9707
00756000,2016-2017,campus,37439707,03743-9707
00756000,2019-2020,campus,37439707,03743-9707
00759300,2006-2007,campus,76015509,07601-5509
00759300,2007-2008,campus,76015509,07601-5509
00759300,2013-2014,campus,76015509,07601-5509
00759300,2014-2015,campus,76015509,07601-5509
00759300,2015-2016,campus,76015509,07601-5509
00759300,2016-2017,campus,76015509,07601-5509
00759300,2019-2020,campus,76015509,07601-5509
00763500,2006-2007,campus,61031207,06103-1207
00763500,2007-2008,campus,61031207,06103-1207
00763500,2013-2014,campus,61031207,06103-1207
00763500,2014-2015,campus,61031207,06103-1207
00763500,2015-2016,campus,61031207,06103-1207
00763500,2016-2017,campus,61031207,06103-1207
00763500,2019-2020,campus,61031207,06103-1207
00772900,2006-2007,campus,78692086,07869-2086
00772900,2007-2008,campus,78692086,07869-2086
00772900,2013-2014,campus,78692086,07869-2086
00772900,2014-2015,campus,78692086,07869-2086
00772900,2015-2016,campus,78692086,07869-2086
00772900,2016-2017,campus,78692086,07869-2086
00772900,2019-2020,campus,78692086,07869-2086
00773000,2006-2007,campus,80681599,08068-1599
00773000,2007-2008,campus,80681599,08068-1599
00773000,2013-2014,campus,80681599,08068-1599
00773000,2014-2015,campus,80681599,08068-1599
00773000,2015-2016,campus,80681599,08068-1599
00773000,2016-2017,campus,80681599,08068-1599
00773000,2019-2020,campus,80549416,08054-9416
00773100,2006-2007,campus,88761265,08876-1265
00773100,2007-2008,campus,88761265,08876-1265
00773100,2013-2014,campus,88761265,08876-1265
00773100,2014-2015,campus,88761265,08876-1265
00773100,2015-2016,campus,88761265,08876-1265
00773100,2016-2017,campus,88761265,08876-1265
00773100,2019-2020,campus,88761265,08876-1265
00784400,2006-2007,campus,29207807,02920-7807
00784400,2007-2008,campus,29207807,02920-7807
00784500,2006-2007,campus,28862266,02886-2266
00784500,2007-2008,campus,28862266,02886-2266
00784500,2013-2014,campus,28181205,02818-1205
00784500,2014-2015,campus,28181205,02818-1205
00784500,2015-2016,campus,28181205,02818-1205
00784500,2016-2017,campus,28181205,02818-1205
00784500,2019-2020,campus,28181205,02818-1205
00794700,2006-2007,campus,87012754,08701-2754
00794700,2007-2008,campus,87012754,08701-2754
00794700,2013-2014,campus,87012754,08701-2754
00794700,2014-2015,campus,87012754,08701-2754
00794700,2015-2016,campus,87012754,08701-2754
00794700,2016-2017,campus,87012754,08701-2754
00794700,2019-2020,campus,87012754,08701-2754
00803700,2006-2007,campus,65115970,06511-5970
00803700,2007-2008,campus,65115970,06511-5970
00803700,2013-2014,campus,65100000,06510-0000
00803700,2014-2015,campus,65100000,06510-0000
00803700,2015-2016,campus,65100000,06510-0000
00803700,2016-2017,campus,65100000,06510-0000
00803700,2019-2020,campus,65100000,06510-0000
00803800,2006-2007,campus,64574889,06457-4889
00803800,2007-2008,campus,64574889,06457-4889
00803800,2013-2014,campus,64574889,06457-4889
00803800,2014-2015,campus,64574889,06457-4889
00803800,2015-2016,campus,64574889,06457-4889
00803800,2016-2017,campus,64574889,06457-4889
00803800,2019-2020,campus,64574889,06457-4889
00807800,2006-2007,campus,11019000,01101-9000
00807800,2007-2008,campus,11019000,01101-9000
00807800,2013-2014,campus,11019000,01101-9000
00807800,2014-2015,campus,11019000,01101-9000
00807800,2015-2016,campus,11019000,01101-9000
00807800,2016-2017,campus,11019000,01101-9000
00807800,2019-2020,campus,11019000,01101-9000
00840400,2006-2007,campus,77381597,07738-1597
00840400,2007-2008,campus,77381597,07738-1597
00840400,2013-2014,campus,77381597,07738-1597
00840400,2014-2015,campus,77381597,07738-1597
00840400,2015-2016,campus,77381597,07738-1597
00840400,2016-2017,campus,77381597,07738-1597
00840400,2019-2020,campus,77381597,07738-1597
00849400,2006-2007,campus,75131402,07513-1402
00849400,2007-2008,campus,75131402,07513-1402
00849400,2013-2014,campus,75131402,07513-1402
00849400,2014-2015,campus,75131402,07513-1402
00849400,2015-2016,campus,75131402,07513-1402
00849400,2016-2017,campus,75131402,07513-1402
00849400,2019-2020,campus,75131402,07513-1402
00857500,2006-2007,campus,54954001,05495-4001
00857500,2007-2008,campus,54954001,05495-4001
00857500,2013-2014,campus,54954001,05495-4001
00860900,2006-2007,campus,79603600,07960-3600
00860900,2007-2008,campus,79603600,07960-3600
00860900,2013-2014,campus,79603600,07960-3600
00860900,2014-2015,campus,79603600,07960-3600
00860900,2015-2016,campus,79603600,07960-3600
00860900,2016-2017,campus,79603600,07960-3600
00860900,2019-2020,campus,79603600,07960-3600
00865800,2006-2007,campus,54037747,05403-7747
00865800,2007-2008,campus,54037747,05403-7747
00865800,2013-2014,campus,54037747,05403-7747
00865800,2014-2015,campus,54037747,05403-7747
00865800,2015-2016,campus,54037747,05403-7747
00865800,2016-2017,campus,54959998,05495-9998
00865800,2019-2020,campus,54959998,05495-9998
00886000,2006-2007,campus,53014801,05301-4801
00886000,2007-2008,campus,53014801,05301-4801
00886000,2013-2014,campus,53024801,05302-4801
00886000,2014-2015,campus,53024801,05302-4801
00886000,2015-2016,campus,53024801,05302-4801
00886000,2016-2017,campus,53024801,05302-4801
00887200,2006-2007,campus,64604160,06460-4160
00887200,2007-2008,campus,64604160,06460-4160
00887300,2006-2007,campus,68106716,06810-6716
00887300,2007-2008,campus,68106716,06810-6716
00887300,2013-2014,campus,68106716,06810-6716
00887400,2006-2007,campus,64504836,06450-4836
00887400,2007-2008,campus,64504836,06450-4836
00887400,2013-2014,campus,64504836,06450-4836
00887400,2014-2015,campus,64504836,06450-4836
00887400,2015-2016,campus,64504836,06450-4836
00890200,2006-2007,campus,7258517,00725-8517
00890200,2007-2008,campus,7258517,00725-8517
00890200,2013-2014,campus,7258517,00725-8517
00890200,2014-2015,campus,7258517,00725-8517
00890200,2015-2016,campus,7258517,00725-8517
00890200,2016-2017,campus,7258517,00725-8517
00890200,2019-2020,campus,7258517,00725-8517
00891600,2006-2007,campus,21165687,02116-5687
00891600,2007-2008,campus,21165687,02116-5687
00891600,2013-2014,campus,21165687,02116-5687
00891600,2014-2015,campus,21165687,02116-5687
00891600,2015-2016,campus,21165687,02116-5687
00891600,2016-2017,campus,21165687,02116-5687
00891600,2019-2020,campus,21165687,02116-5687
00907800,2006-2007,campus,70112111,07011-2111
00907800,2007-2008,campus,70112111,07011-2111
00907800,2013-2014,campus,70112111,07011-2111
00907800,2014-2015,campus,70112111,07011-2111
00907800,2015-2016,campus,70112111,07011-2111
00907800,2016-2017,campus,70112111,07011-2111
00907800,2019-2020,campus,70112111,07011-2111
00923100,2006-2007,campus,46199704,04619-9704
00923100,2007-2008,campus,46199704,04619-9704
00923100,2013-2014,campus,46199704,04619-9704
00923100,2014-2015,campus,46199704,04619-9704
00923100,2015-2016,campus,46199704,04619-9704
00923100,2016-2017,campus,46199704,04619-9704
00923100,2019-2020,campus,46199704,04619-9704
00923600,2006-2007,campus,30632052,03063-2052
00923600,2007-2008,campus,30632052,03063-2052
00923600,2013-2014,campus,30632052,03063-2052
00923600,2014-2015,campus,30632052,03063-2052
00923600,2015-2016,campus,30632052,03063-2052
00923600,2016-2017,campus,30632052,03063-2052
00923600,2019-2020,campus,30632052,03063-2052
00929200,2006-2007,campus,41062415,04106-2415
00929200,2007-2008,campus,41062415,04106-2415
00934400,2006-2007,campus,74301680,07430-1680
00934400,2007-2008,campus,74301680,07430-1680
00934400,2013-2014,campus,74301680,07430-1680
00934400,2014-2015,campus,74301680,07430-1680
00934400,2015-2016,campus,74301680,07430-1680
00934400,2016-2017,campus,74301680,07430-1680
00934400,2019-2020,campus,74301680,07430-1680
00934500,2006-2007,campus,82400195,08240-0195
00934500,2007-2008,campus,82400195,08240-0195
00934500,2013-2014,campus,82059441,08205-9441
00934500,2014-2015,campus,82059441,08205-9441
00934500,2015-2016,campus,82059441,08205-9441
00934500,2016-2017,campus,82059441,08205-9441
00934500,2019-2020,campus,82059441,08205-9441
00940700,2006-2007,campus,64891057,06489-1057
00940700,2007-2008,campus,64891057,06489-1057
00940700,2013-2014,campus,64891057,06489-1057
00940700,2014-2015,campus,64891057,06489-1057
00940700,2015-2016,campus,64891057,06489-1057
00940700,2016-2017,campus,64891057,06489-1057
00945900,2006-2007,campus,41013348,04101-3348
00945900,2007-2008,campus,41013348,04101-3348
00964500,2006-2007,campus,12309702,01230-9702
00964500,2007-2008,campus,12309702,01230-9702
00964500,2013-2014,campus,12309702,01230-9702
00964500,2014-2015,campus,12309702,01230-9702
00964500,2015-2016,campus,12309702,01230-9702
00964500,2016-2017,campus,12309702,01230-9702
00964500,2019-2020,campus,12309702,01230-9702
00965200,2013-2014,campus,7160000,00716-0000
00965200,2014-2015,campus,7160000,00716-0000
00965200,2015-2016,campus,7160000,00716-0000
00965200,2016-2017,campus,7160000,00716-0000
00965200,2019-2020,campus,7160000,00716-0000
00974700,2006-2007,campus,19822317,01982-2317
00974700,2007-2008,campus,19822317,01982-2317
00974700,2013-2014,campus,19822317,01982-2317
00974700,2014-2015,campus,19822317,01982-2317
00974700,2015-2016,campus,19822317,01982-2317
00974700,2016-2017,campus,19822325,01982-2325
00974700,2019-2020,campus,19822325,01982-2325
00975600,2006-2007,campus,16550001,01655-0001
00975600,2007-2008,campus,16550001,01655-0001
00975600,2013-2014,campus,16550001,01655-0001
00975600,2014-2015,campus,16550001,01655-0001
00975600,2015-2016,campus,16550001,01655-0001
00975600,2016-2017,campus,16550001,01655-0001
00976400,2006-2007,campus,60323187,06032-3187
00976400,2007-2008,campus,60323187,06032-3187
00976400,2013-2014,campus,60323187,06032-3187
00976400,2014-2015,campus,60323187,06032-3187
00976400,2015-2016,campus,60323187,06032-3187
00976400,2016-2017,campus,60323187,06032-3187
00976400,2019-2020,campus,60323187,06032-3187
00976500,2006-2007,campus,63600000,06360-0000
00976500,2007-2008,campus,63600000,06360-0000
00976500,2013-2014,campus,63606598,06360-6598
00976500,2014-2015,campus,63606598,06360-6598
00976500,2015-2016,campus,63606598,06360-6598
00976500,2016-2017,campus,63606598,06360-6598
00976500,2019-2020,campus,63606598,06360-6598
00982600,2006-2007,campus,49371367,04937-1367
00982600,2007-2008,campus,49371367,04937-1367
00982600,2013-2014,campus,49371367,04937-1367
00982600,2014-2015,campus,49371367,04937-1367
00982600,2015-2016,campus,49371367,04937-1367
00982600,2016-2017,campus,49371367,04937-1367
00982600,2019-2020,campus,49371367,04937-1367
00987700,2006-2007,campus,14205675,01420-5675
00987700,2007-2008,campus,14205675,01420-5675
00987700,2013-2014,campus,14205675,01420-5675
00987700,2014-2015,campus,14205675,01420-5675
00989900,2006-2007,campus,18521909,01852-1909
00989900,2007-2008,campus,18521909,01852-1909
00989900,2013-2014,campus,18521909,01852-1909
00989900,2014-2015,campus,18521909,01852-1909
00989900,2015-2016,campus,18521909,01852-1909
00989900,2016-2017,campus,18521909,01852-1909
00989900,2019-2020,campus,18521909,01852-1909
00993600,2006-2007,campus,17301197,01730-1197
00993600,2007-2008,campus,17301197,01730-1197
00993600,2013-2014,campus,17301197,01730-1197
00993600,2014-2015,campus,17301197,01730-1197
00993600,2015-2016,campus,17301197,01730-1197
00993600,2016-2017,campus,17301197,01730-1197
00993600,2019-2020,campus,17301197,01730-1197
00999400,2006-2007,campus,75051179,07505-1179
00999400,2007-2008,campus,75051179,07505-1179
00999400,2013-2014,campus,75051179,07505-1179
00999400,2014-2015,campus,75051179,07505-1179
00999400,2015-2016,campus,75051179,07505-1179
00999400,2016-2017,campus,75051179,07505-1179
00999400,2019-2020,campus,75051179,07505-1179
01039400,2006-2007,campus,71073000,07107-3000
01039400,2007-2008,campus,71073000,07107-3000
01041700,2006-2007,campus,61082220,06108-2220
01041700,2007-2008,campus,61082220,06108-2220
01041700,2013-2014,campus,61082220,06108-2220
01041700,2014-2015,campus,61082220,06108-2220
01041700,2015-2016,campus,61082220,06108-2220
01053000,2006-2007,campus,62391440,06239-1440
01053000,2007-2008,campus,62391440,06239-1440
01053000,2013-2014,campus,62391440,06239-1440
01053000,2014-2015,campus,62391440,06239-1440
01053000,2015-2016,campus,62391440,06239-1440
01053000,2016-2017,campus,62391440,06239-1440
01053000,2019-2020,campus,62391440,06239-1440
01056700,2006-2007,campus,9182973,00918-2973
01056700,2007-2008,campus,9182973,00918-2973
01056700,2013-2014,campus,9182973,00918-2973
01056700,2014-2015,campus,9182973,00918-2973
01056700,2015-2016,campus,9182973,00918-2973
01056700,2016-2017,campus,9182973,00918-2973
01056700,2019-2020,campus,9182973,00918-2973
01062900,2006-2007,campus,80301750,08030-1750
01062900,2007-2008,campus,80301750,08030-1750
01062900,2013-2014,campus,80301750,08030-1750
01062900,2014-2015,campus,80301750,08030-1750
01062900,2015-2016,campus,80301750,08030-1750
01062900,2016-2017,campus,80301750,08030-1750
01062900,2019-2020,campus,80301750,08030-1750
01072400,2006-2007,campus,9023711,00902-3711
01072400,2007-2008,campus,9023711,00902-3711
01072400,2013-2014,campus,9023711,00902-3711
01072400,2014-2015,campus,9023711,00902-3711
01072400,2015-2016,campus,9023711,00902-3711
01072400,2016-2017,campus,9023711,00902-3711
01072400,2019-2020,campus,9023711,00902-3711
01077900,2006-2007,campus,66157158,06615-7158
01077900,2007-2008,campus,66157158,06615-7158
01077900,2013-2014,campus,66157158,06615-7158
01077900,2014-2015,campus,66157158,06615-7158
01077900,2015-2016,campus,66157158,06615-7158
01077900,2016-2017,campus,66157158,06615-7158
01077900,2019-2020,campus,66157158,06615-7158
01081900,2006-2007,campus,9182127,00918-2127
01081900,2007-2008,campus,9073373,00907-3373
01081900,2013-2014,campus,9073373,00907-3373
01081900,2014-2015,campus,9073373,00907-3373
01081900,2015-2016,campus,9073373,00907-3373
01081900,2016-2017,campus,9073373,00907-3373
01081900,2019-2020,campus,9073373,00907-3373
01085100,2006-2007,campus,70543801,07054-3801
01085100,2007-2008,campus,70543409,07054-3409
01085100,2013-2014,campus,70543409,07054-3409
01085100,2014-2015,campus,70543409,07054-3409
01085100,2015-2016,campus,70543409,07054-3409
01085100,2016-2017,campus,70543409,07054-3409
01085100,2019-2020,campus,70543409,07054-3409
01092200,2013-2014,campus,6412500,00641-2500
01092200,2014-2015,campus,6412500,00641-2500
01092200,2015-2016,campus,6412500,00641-2500
01092200,2016-2017,campus,6412500,00641-2500
01092200,2019-2020,campus,6412500,00641-2500
01097500,2013-2014,campus,9591911,00959-1911
01097500,2014-2015,campus,9591911,00959-1911
01097500,2015-2016,campus,9591911,00959-1911
01097500,2016-2017,campus,9591911,00959-1911
01097500,2019-2020,campus,9591911,00959-1911
01115000,2006-2007,campus,60823800,06082-3800
01115000,2007-2008,campus,60823800,06082-3800
01115000,2013-2014,campus,60823800,06082-3800
01115000,2014-2015,campus,60823800,06082-3800
01115000,2015-2016,campus,60823800,06082-3800
01115000,2016-2017,campus,60823800,06082-3800
01115000,2019-2020,campus,60823800,06082-3800
01115900,2006-2007,campus,28604117,02860-4117
01115900,2007-2008,campus,28604117,02860-4117
01116700,2006-2007,campus,56761552,05676-1552
01116700,2007-2008,campus,56761552,05676-1552
01116700,2013-2014,campus,54042245,05404-2245
01116700,2014-2015,campus,54042245,05404-2245
01116700,2015-2016,campus,56010489,05601-0489
01116700,2016-2017,campus,56010489,05601-0489
01116700,2019-2020,campus,56010489,05601-0489
01120300,2006-2007,campus,7910859,00791-0859
01120300,2007-2008,campus,7910859,00791-0859
01120300,2013-2014,campus,7910859,00791-0859
01120300,2014-2015,campus,7910859,00791-0859
01121000,2006-2007,campus,21292991,02129-2991
01121000,2007-2008,campus,21292991,02129-2991
01121000,2013-2014,campus,21292991,02129-2991
01121000,2014-2015,campus,21292991,02129-2991
01121000,2015-2016,campus,21292991,02129-2991
01121000,2016-2017,campus,21292991,02129-2991
01121000,2019-2020,campus,21292991,02129-2991
01138500,2006-2007,campus,46091105,04609-1105
01138500,2007-2008,campus,46091105,04609-1105
01138500,2013-2014,campus,46091105,04609-1105
01138500,2014-2015,campus,46091105,04609-1105
01138500,2015-2016,campus,46091105,04609-1105
01138500,2016-2017,campus,46091105,04609-1105
01138500,2019-2020,campus,46091105,04609-1105
01151000,2006-2007,campus,21357638,02135-7638
01151000,2007-2008,campus,21357638,02135-7638
01151000,2013-2014,campus,21353605,02135-3605
01151000,2014-2015,campus,21353605,02135-3605
01167300,2006-2007,campus,41013987,04101-3987
01167300,2007-2008,campus,41013987,04101-3987
01167300,2013-2014,campus,41013987,04101-3987
01167300,2014-2015,campus,41013987,04101-3987
01167300,2015-2016,campus,41013987,04101-3987
01167300,2016-2017,campus,41013987,04101-3987
01167300,2019-2020,campus,41013987,04101-3987
01170800,2006-2007,campus,73065496,07306-5496
01170800,2007-2008,campus,73065496,07306-5496
01171900,2006-2007,campus,7780000,00778-0000
01171900,2007-2008,campus,7780000,00778-0000
01171900,2013-2014,campus,7780000,00778-0000
01171900,2014-2015,campus,7780000,00778-0000
01171900,2015-2016,campus,7780000,00778-0000
01171900,2016-2017,campus,7780000,00778-0000
01171900,2019-2020,campus,7780000,00778-0000
01193000,2006-2007,campus,21203400,02120-3400
01193000,2007-2008,campus,21203400,02120-3400
01193000,2013-2014,campus,21203400,02120-3400
01193000,2014-2015,campus,21203400,02120-3400
01193000,2015-2016,campus,21203400,02120-3400
01193000,2016-2017,campus,21203400,02120-3400
01193000,2019-2020,campus,21203400,02120-3400
01193400,2006-2007,campus,50689998,05068-9998
01193400,2007-2008,campus,50689998,05068-9998
01193400,2013-2014,campus,50689998,05068-9998
01193400,2014-2015,campus,50689998,05068-9998
01193400,2015-2016,campus,50689998,05068-9998
01193400,2016-2017,campus,50689998,05068-9998
01193400,2019-2020,campus,50689998,05068-9998
01194000,2006-2007,campus,9183611,00918-3611
01194000,2007-2008,campus,9183611,00918-3611
01194000,2013-2014,campus,9183611,00918-3611
01194000,2014-2015,campus,9183611,00918-3611
01194000,2015-2016,campus,9190304,00919-0304
01194000,2016-2017,campus,9190304,00919-0304
01194000,2019-2020,campus,9190304,00919-0304
01194100,2006-2007,campus,9602037,00960-2037
01194100,2007-2008,campus,9602037,00960-2037
01194100,2013-2014,campus,9602037,00960-2037
01194100,2014-2015,campus,9602037,00960-2037
01194100,2015-2016,campus,9602037,00960-2037
01194100,2016-2017,campus,9602037,00960-2037
01194100,2019-2020,campus,9602037,00960-2037
01198900,2006-2007,campus,77100000,07710-0000
01198900,2007-2008,campus,77100000,07710-0000
01198900,2013-2014,campus,77100000,07710-0000
01198900,2014-2015,campus,77100000,07710-0000
01198900,2015-2016,campus,77100000,07710-0000
01198900,2016-2017,campus,77100000,07710-0000
01198900,2019-2020,campus,77100000,07710-0000
01204200,2006-2007,campus,21695061,02169-5061
01204200,2007-2008,campus,21695061,02169-5061
01204200,2013-2014,campus,21695061,02169-5061
01204200,2014-2015,campus,21695061,02169-5061
01204200,2015-2016,campus,21695061,02169-5061
01204200,2016-2017,campus,21695061,02169-5061
01206800,2006-2007,campus,11031410,01103-1410
01206800,2007-2008,campus,11031410,01103-1410
01206800,2013-2014,campus,11031410,01103-1410
01206800,2014-2015,campus,11031410,01103-1410
01206800,2015-2016,campus,11031410,01103-1410
01206800,2016-2017,campus,11031410,01103-1410
01209000,2006-2007,campus,88614118,08861-4118
01209000,2007-2008,campus,88614118,08861-4118
01209000,2013-2014,campus,88614118,08861-4118
01209000,2014-2015,campus,88614118,08861-4118
01209000,2015-2016,campus,88614118,08861-4118
01209000,2016-2017,campus,88614118,08861-4118
01209000,2019-2020,campus,88614118,08861-4118
01212300,2013-2014,campus,6040160,00604-0160
01212300,2014-2015,campus,6040160,00604-0160
01212300,2015-2016,campus,6040160,00604-0160
01212300,2016-2017,campus,6040160,00604-0160
01212300,2019-2020,campus,6040160,00604-0160
01218300,2006-2007,campus,54018477,05401-8477
01218300,2007-2008,campus,54018477,05401-8477
01218300,2013-2014,campus,54018477,05401-8477
01218300,2014-2015,campus,54018477,05401-8477
01234600,2006-2007,campus,70112161,07011-2161
01234600,2007-2008,campus,70112161,07011-2161
01242500,2006-2007,campus,65144125,06514-4125
01242500,2007-2008,campus,65144125,06514-4125
01242500,2013-2014,campus,65164049,06516-4049
01242500,2014-2015,campus,65164049,06516-4049
01242500,2015-2016,campus,65164049,06516-4049
01242500,2016-2017,campus,65164049,06516-4049
01242500,2019-2020,campus,65164049,06516-4049
01246100,2006-2007,campus,88202896,08820-2896
01246100,2007-2008,campus,88202896,08820-2896
01246100,2013-2014,campus,88202896,08820-2896
01246100,2014-2015,campus,88202896,08820-2896
01246100,2015-2016,campus,88301636,08830-1636
01246100,2016-2017,campus,88301636,08830-1636
01246100,2019-2020,campus,88301636,08830-1636
01246200,2006-2007,campus,76017197,07601-7197
01246200,2007-2008,campus,76017197,07601-7197
01246200,2013-2014,campus,76017197,07601-7197
01246200,2014-2015,campus,76017197,07601-7197
01246200,2015-2016,campus,76017197,07601-7197
01246200,2016-2017,campus,76017197,07601-7197
01246200,2019-2020,campus,76017197,07601-7197
01252500,2006-2007,campus,9600493,00960-0493
01252500,2007-2008,campus,9600493,00960-0493
01252500,2013-2014,campus,9600493,00960-0493
01252500,2014-2015,campus,9600493,00960-0493
01252500,2015-2016,campus,9600493,00960-0493
01252500,2016-2017,campus,9600493,00960-0493
01252500,2019-2020,campus,9600493,00960-0493
01287700,2006-2007,campus,68551436,06855-1436
01287700,2007-2008,campus,68551436,06855-1436
01287700,2013-2014,campus,60321909,06032-1909
01291300,2006-2007,campus,66044226,06604-4226
01291300,2007-2008,campus,66044226,06604-4226
01292100,2006-2007,campus,21111204,02111-1204
01292100,2007-2008,campus,21111204,02111-1204
01294800,2006-2007,campus,27215330,02721-5330
01294800,2007-2008,campus,27215330,02721-5330
01294800,2013-2014,campus,27215330,02721-5330
01294800,2014-2015,campus,27215330,02721-5330
01294800,2015-2016,campus,27215330,02721-5330
01294800,2016-2017,campus,27215330,02721-5330
01294800,2019-2020,campus,27215330,02721-5330
01295400,2006-2007,campus,73064012,07306-4012
01295400,2007-2008,campus,73064012,07306-4012
01295400,2013-2014,campus,73064012,07306-4012
01295400,2014-2015,campus,73064012,07306-4012
01295400,2015-2016,campus,73064012,07306-4012
01295400,2016-2017,campus,73064012,07306-4012
01295400,2019-2020,campus,73064012,07306-4012
01314800,2006-2007,campus,9280411,00928-0411
01314800,2007-2008,campus,9280411,00928-0411
02061800,2006-2007,campus,75062516,07506-2516
02061800,2007-2008,campus,75062516,07506-2516
02061800,2013-2014,campus,75062516,07506-2516
02061800,2014-2015,campus,75062516,07506-2516
02061800,2015-2016,campus,75062516,07506-2516
02061800,2016-2017,campus,75062516,07506-2516
02063000,2006-2007,campus,19154508,01915-4508
02063000,2007-2008,campus,19154508,01915-4508
02063000,2013-2014,campus,19154508,01915-4508
02063000,2014-2015,campus,19154508,01915-4508
02063000,2015-2016,campus,19154508,01915-4508
02063000,2016-2017,campus,19154508,01915-4508
02063000,2019-2020,campus,19154508,01915-4508
02063100,2006-2007,campus,9083917,00908-3917
02063100,2007-2008,campus,9073917,00907-3917
02063100,2013-2014,campus,9073917,00907-3917
02063100,2014-2015,campus,9073917,00907-3917
02071900,2006-2007,campus,29033042,02903-3042
02071900,2007-2008,campus,29033042,02903-3042
02074000,2006-2007,campus,64059811,06405-9811
02074000,2007-2008,campus,64059811,06405-9811
02074000,2013-2014,campus,64059811,06405-9811
02074000,2014-2015,campus,64059811,06405-9811
02074000,2015-2016,campus,64059811,06405-9811
02074000,2016-2017,campus,64059811,06405-9811
02074000,2019-2020,campus,64059811,06405-9811
02076700,2006-2007,campus,21485103,02148-5103
02076700,2007-2008,campus,21485103,02148-5103
02079400,2006-2007,campus,24535202,02453-5202
02079400,2007-2008,campus,24535202,02453-5202
02086600,2006-2007,campus,56024017,05602-4017
02086600,2007-2008,campus,56024017,05602-4017
02092200,2006-2007,campus,18522214,01852-2214
02092200,2007-2008,campus,18522214,01852-2214
02092300,2006-2007,campus,71109802,07110-9802
02092300,2007-2008,campus,71109802,07110-9802
02092300,2013-2014,campus,71109802,07110-9802
02092300,2014-2015,campus,71109802,07110-9802
02092300,2015-2016,campus,71109802,07110-9802
02092300,2016-2017,campus,71109802,07110-9802
02092300,2019-2020,campus,71109802,07110-9802
02097900,2006-2007,campus,33019912,03301-9912
02097900,2007-2008,campus,33019912,03301-9912
02097900,2013-2014,campus,33019912,03301-9912
02100000,2006-2007,campus,9185955,00918-5955
02100000,2007-2008,campus,9185955,00918-5955
02100000,2013-2014,campus,9185955,00918-5955
02100000,2014-2015,campus,9185955,00918-5955
02100000,2015-2016,campus,9185955,00918-5955
02100000,2016-2017,campus,9185955,00918-5955
02100000,2019-2020,campus,9185955,00918-5955
02103700,2006-2007,campus,76523901,07652-3901
02103700,2007-2008,campus,76523901,07652-3901
02103700,2013-2014,campus,76523901,07652-3901
02103700,2014-2015,campus,76523901,07652-3901
02103700,2015-2016,campus,76523901,07652-3901
02103700,2016-2017,campus,76523901,07652-3901
02103700,2019-2020,campus,76523901,07652-3901
02104000,2006-2007,campus,80022983,08002-2983
02104000,2007-2008,campus,80022983,08002-2983
02104000,2013-2014,campus,80022983,08002-2983
02104000,2014-2015,campus,80022983,08002-2983
02104000,2015-2016,campus,80022983,08002-2983
02104000,2016-2017,campus,80022983,08002-2983
02104000,2019-2020,campus,80022983,08002-2983
02104400,2006-2007,campus,41021042,04102-1042
02104400,2007-2008,campus,41021042,04102-1042
02104400,2013-2014,campus,40930000,04093-0000
02104400,2014-2015,campus,40930000,04093-0000
02104400,2015-2016,campus,40930000,04093-0000
02104400,2016-2017,campus,40930000,04093-0000
02106600,2006-2007,campus,61101922,06110-1922
02106600,2007-2008,campus,61101922,06110-1922
02106600,2013-2014,campus,61101922,06110-1922
02106600,2014-2015,campus,61101922,06110-1922
02106600,2015-2016,campus,61101922,06110-1922
02106600,2016-2017,campus,61101922,06110-1922
02106600,2019-2020,campus,61101922,06110-1922
02122000,2006-2007,campus,21485118,02148-5118
02122000,2007-2008,campus,21485118,02148-5118
02122000,2013-2014,campus,21485118,02148-5118
02122000,2014-2015,campus,21485118,02148-5118
02122000,2015-2016,campus,21485118,02148-5118
02122000,2016-2017,campus,21485118,02148-5118
02122000,2019-2020,campus,21485118,02148-5118
02131600,2006-2007,campus,80129961,08012-9961
02131600,2007-2008,campus,80129961,08012-9961
02131600,2013-2014,campus,80129961,08012-9961
02131600,2014-2015,campus,80129961,08012-9961
02131600,2015-2016,campus,80129961,08012-9961
02131600,2016-2017,campus,80129961,08012-9961
02131600,2019-2020,campus,80129961,08012-9961
02132300,2006-2007,campus,74707041,07470-7041
02132300,2007-2008,campus,74707041,07470-7041
02132300,2013-2014,campus,74707041,07470-7041
02132300,2014-2015,campus,74707041,07470-7041
02132300,2015-2016,campus,74707041,07470-7041
02132300,2016-2017,campus,74707041,07470-7041
02132300,2019-2020,campus,74707041,07470-7041
02137000,2006-2007,campus,27803121,02780-3121
02137000,2007-2008,campus,27803121,02780-3121
02137000,2013-2014,campus,27803121,02780-3121
02137000,2014-2015,campus,27803121,02780-3121
02137000,2015-2016,campus,27803121,02780-3121
02137000,2016-2017,campus,27803121,02780-3121
02137000,2019-2020,campus,27803212,02780-3212
02143500,2006-2007,campus,58270072,05827-0072
02143500,2007-2008,campus,58270072,05827-0072
02143500,2013-2014,campus,58270072,05827-0072
02143500,2014-2015,campus,58270072,05827-0072
02143500,2015-2016,campus,58270072,05827-0072
02143500,2016-2017,campus,58270072,05827-0072
02143500,2019-2020,campus,58270072,05827-0072
02146800,2006-2007,campus,78014054,07801-4054
02146800,2007-2008,campus,78014054,07801-4054
02146800,2013-2014,campus,78014054,07801-4054
02146800,2014-2015,campus,78014054,07801-4054
02146800,2015-2016,campus,78014054,07801-4054
02146800,2016-2017,campus,78014054,07801-4054
02146800,2019-2020,campus,78014054,07801-4054
02163300,2013-2014,campus,9606032,00960-6032
02163300,2014-2015,campus,9606032,00960-6032
02163300,2015-2016,campus,9606032,00960-6032
02163300,2016-2017,campus,9606032,00960-6032
02163300,2019-2020,campus,9606032,00960-6032
02163500,2006-2007,campus,22152005,02215-2005
02163500,2007-2008,campus,22152005,02215-2005
02163500,2013-2014,campus,22152005,02215-2005
02163500,2014-2015,campus,22152005,02215-2005
02163500,2015-2016,campus,22152005,02215-2005
02163500,2016-2017,campus,24535201,02453-5201
02163500,2019-2020,campus,24535201,02453-5201
02163600,2013-2014,campus,24593211,02459-3211
02163600,2014-2015,campus,24593211,02459-3211
02163600,2015-2016,campus,24593211,02459-3211
02163600,2016-2017,campus,24593211,02459-3211
02163600,2019-2020,campus,24593211,02459-3211
02165100,2006-2007,campus,9192303,00919-2303
02165100,2007-2008,campus,9192303,00919-2303
02165100,2013-2014,campus,9192303,00919-2303
02165100,2014-2015,campus,9192303,00919-2303
02165100,2015-2016,campus,9192303,00919-2303
02165100,2016-2017,campus,9192303,00919-2303
02165100,2019-2020,campus,9192303,00919-2303
02166400,2006-2007,campus,9171102,00917-1102
02166400,2007-2008,campus,9171102,00917-1102
02166400,2013-2014,campus,9171102,00917-1102
02166400,2014-2015,campus,9171102,00917-1102
02166400,2015-2016,campus,9171102,00917-1102
02166400,2016-2017,campus,9171102,00917-1102
02174800,2006-2007,campus,31100000,03110-0000
02174800,2007-2008,campus,31100000,03110-0000
02174800,2013-2014,campus,31100000,03110-0000
02174800,2014-2015,campus,31100000,03110-0000
02174800,2015-2016,campus,31100000,03110-0000
02174800,2016-2017,campus,31100000,03110-0000
02174800,2019-2020,campus,31100000,03110-0000
02176900,2007-2008,campus,28861534,02886-1534
02181600,2006-2007,campus,16092038,01609-2038
02181600,2007-2008,campus,16092038,01609-2038
02181600,2013-2014,campus,16092038,01609-2038
02181600,2014-2015,campus,16092038,01609-2038
02181600,2015-2016,campus,16092038,01609-2038
02181600,2016-2017,campus,16092038,01609-2038
02181600,2019-2020,campus,16092038,01609-2038
02182900,2006-2007,campus,21385304,02138-5304
02182900,2007-2008,campus,21385304,02138-5304
02182900,2013-2014,campus,21385304,02138-5304
02182900,2014-2015,campus,21385304,02138-5304
02182900,2015-2016,campus,21385304,02138-5304
02182900,2016-2017,campus,21291647,02129-1647
02182900,2019-2020,campus,21291647,02129-1647
02183600,2006-2007,campus,70331042,07033-1042
02183600,2007-2008,campus,70331042,07033-1042
02183600,2013-2014,campus,70331042,07033-1042
02183600,2014-2015,campus,70331042,07033-1042
02183600,2015-2016,campus,70331042,07033-1042
02183600,2016-2017,campus,70331042,07033-1042
02183600,2019-2020,campus,70331042,07033-1042
02189100,2006-2007,campus,9261931,00926-1931
02189100,2007-2008,campus,9261931,00926-1931
02189100,2013-2014,campus,9261931,00926-1931
02189100,2014-2015,campus,9261931,00926-1931
02189100,2015-2016,campus,9261931,00926-1931
02189100,2016-2017,campus,9261931,00926-1931
02189100,2019-2020,campus,9261931,00926-1931
02189300,2006-2007,campus,6804222,00680-4222
02189300,2007-2008,campus,6804222,00680-4222
02189300,2013-2014,campus,6804222,00680-4222
02189300,2014-2015,campus,6804222,00680-4222
02189300,2015-2016,campus,6804222,00680-4222
02189300,2016-2017,campus,6804222,00680-4222
02189300,2019-2020,campus,6804222,00680-4222
02195400,2006-2007,campus,9606345,00960-6345
02195400,2007-2008,campus,9606345,00960-6345
02195400,2013-2014,campus,9610000,00961-0000
02195400,2014-2015,campus,9610000,00961-0000
02195400,2015-2016,campus,9610000,00961-0000
02195400,2016-2017,campus,9610000,00961-0000
02195400,2019-2020,campus,9610000,00961-0000
02195500,2006-2007,campus,6120000,00612-0000
02195500,2007-2008,campus,6120000,00612-0000
02195500,2013-2014,campus,6120000,00612-0000
02195500,2014-2015,campus,6120000,00612-0000
02195500,2015-2016,campus,6120000,00612-0000
02195500,2016-2017,campus,6120000,00612-0000
02195500,2019-2020,campus,6120000,00612-0000
02195800,2006-2007,campus,9182346,00918-2346
02195800,2007-2008,campus,9182346,00918-2346
02195800,2013-2014,campus,9183429,00918-3429
02195800,2014-2015,campus,9183429,00918-3429
02195800,2015-2016,campus,9183429,00918-3429
02195800,2016-2017,campus,9183429,00918-3429
02195800,2019-2020,campus,9183429,00918-3429
02195900,2006-2007,campus,9855907,00985-5907
02195900,2007-2008,campus,9855907,00985-5907
02195900,2013-2014,campus,9855907,00985-5907
02195900,2014-2015,campus,9855907,00985-5907
02195900,2015-2016,campus,9850000,00985-0000
02195900,2016-2017,campus,9850000,00985-0000
02195900,2019-2020,campus,9850000,00985-0000
02215100,2006-2007,campus,13761604,01376-1604
02215100,2007-2008,campus,13761604,01376-1604
02215100,2013-2014,campus,13761604,01376-1604
02215100,2014-2015,campus,13761604,01376-1604
02215100,2015-2016,campus,13761604,01376-1604
02215100,2016-2017,campus,13761604,01376-1604
02219600,2006-2007,campus,81094417,08109-4417
02219600,2007-2008,campus,81094417,08109-4417
02219600,2013-2014,campus,81094417,08109-4417
02219600,2014-2015,campus,80120200,08012-0200
02220400,2006-2007,campus,18016815,01801-6815
02220400,2007-2008,campus,18016815,01801-6815
02220400,2013-2014,campus,18016815,01801-6815
02220400,2014-2015,campus,18016815,01801-6815
02220400,2015-2016,campus,18016815,01801-6815
02220400,2016-2017,campus,18016815,01801-6815
02220400,2019-2020,campus,18016815,01801-6815
02223700,2006-2007,campus,70934623,07093-4623
02223700,2007-2008,campus,70934623,07093-4623
02223700,2013-2014,campus,70934623,07093-4623
02223700,2014-2015,campus,70934623,07093-4623
02223700,2015-2016,campus,70934623,07093-4623
02223700,2016-2017,campus,70934623,07093-4623
02223700,2019-2020,campus,70934623,07093-4623
02223900,2006-2007,campus,72012334,07201-2334
02223900,2007-2008,campus,72012334,07201-2334
02228800,2006-2007,campus,60889631,06088-9631
02228800,2007-2008,campus,60889631,06088-9631
02234900,2006-2007,campus,9093006,00909-3006
02234900,2007-2008,campus,9093006,00909-3006
02234900,2013-2014,campus,9093006,00909-3006
02234900,2014-2015,campus,9093006,00909-3006
02234900,2015-2016,campus,9093006,00909-3006
02234900,2016-2017,campus,9093006,00909-3006
02234900,2019-2020,campus,9093006,00909-3006
02241900,2006-2007,campus,9190759,00919-0759
02241900,2007-2008,campus,9190759,00919-0759
02241900,2013-2014,campus,9190759,00919-0759
02241900,2014-2015,campus,9190759,00919-0759
02241900,2015-2016,campus,9190759,00919-0759
02241900,2016-2017,campus,9190759,00919-0759
02241900,2019-2020,campus,9190759,00919-0759
02244900,2006-2007,campus,61082777,06108-2777
02244900,2007-2008,campus,61189980,06118-9980
02244900,2013-2014,campus,61189980,06118-9980
02244900,2014-2015,campus,61189980,06118-9980
02244900,2015-2016,campus,61189980,06118-9980
02244900,2016-2017,campus,61189980,06118-9980
02244900,2019-2020,campus,61189980,06118-9980
02247000,2006-2007,campus,37842003,03784-2003
02247000,2007-2008,campus,37842003,03784-2003
02247000,2013-2014,campus,37842003,03784-2003
02247000,2014-2015,campus,37842003,03784-2003
02247000,2015-2016,campus,37842003,03784-2003
02247000,2016-2017,campus,37842003,03784-2003
02247000,2019-2020,campus,37842003,03784-2003
02252700,2006-2007,campus,77124003,07712-4003
02252700,2007-2008,campus,77124003,07712-4003
02254000,2006-2007,campus,56023115,05602-3115
02254000,2007-2008,campus,56023115,05602-3115
02254000,2013-2014,campus,56023115,05602-3115
02254000,2014-2015,campus,56023115,05602-3115
02254000,2015-2016,campus,56023115,05602-3115
02254000,2016-2017,campus,56023115,05602-3115
02254000,2019-2020,campus,56023115,05602-3115
02260600,2006-2007,campus,9602036,00960-2036
02260600,2007-2008,campus,9602036,00960-2036
02260600,2013-2014,campus,9602036,00960-2036
02260600,2014-2015,campus,9602036,00960-2036
02260600,2015-2016,campus,9602036,00960-2036
02260600,2016-2017,campus,9602036,00960-2036
02260600,2019-2020,campus,9602036,00960-2036
02260800,2006-2007,campus,7260000,00726-0000
02260800,2007-2008,campus,7260000,00726-0000
02260800,2013-2014,campus,7260000,00726-0000
02260800,2014-2015,campus,7260000,00726-0000
02260800,2015-2016,campus,7260000,00726-0000
02260800,2016-2017,campus,7260000,00726-0000
02260800,2019-2020,campus,7260000,00726-0000
02261800,2006-2007,campus,70833306,07083-3306
02261800,2007-2008,campus,70833306,07083-3306
02265500,2006-2007,campus,87247166,08724-7166
02265500,2007-2008,campus,87247166,08724-7166
02265500,2013-2014,campus,87247166,08724-7166
02265500,2014-2015,campus,87247166,08724-7166
02265500,2015-2016,campus,87247166,08724-7166
02265500,2016-2017,campus,87247166,08724-7166
02265500,2019-2020,campus,87247166,08724-7166
02282700,2014-2015,campus,7854004,00785-4004
02282700,2015-2016,campus,7854004,00785-4004
02282700,2016-2017,campus,7854004,00785-4004
02282700,2019-2020,campus,7854004,00785-4004
02282800,2014-2015,campus,7387003,00738-7003
02282800,2015-2016,campus,7387003,00738-7003
02282800,2016-2017,campus,7387003,00738-7003
02282800,2019-2020,campus,7387003,00738-7003
02291000,2006-2007,campus,70802424,07080-2424
02291000,2007-2008,campus,70802424,07080-2424
02291000,2013-2014,campus,70802424,07080-2424
02297700,2013-2014,campus,9610000,00961-0000
02297700,2014-2015,campus,9610000,00961-0000
02297700,2015-2016,campus,9610000,00961-0000
02297700,2016-2017,campus,9570000,00957-0000
02297700,2019-2020,campus,9570000,00957-0000
02303800,2006-2007,campus,9610000,00961-0000
02303800,2007-2008,campus,9610000,00961-0000
02303800,2013-2014,campus,9610000,00961-0000
02303800,2014-2015,campus,9610000,00961-0000
02303800,2015-2016,campus,9610000,00961-0000
02303800,2016-2017,campus,9610000,00961-0000
02303800,2019-2020,campus,9610000,00961-0000
02316600,2013-2014,campus,61113975,06111-3975
02316600,2014-2015,campus,61113975,06111-3975
02316600,2015-2016,campus,61113975,06111-3975
02316600,2016-2017,campus,61113975,06111-3975
02316600,2019-2020,campus,64161649,06416-1649
02325700,2006-2007,campus,27406031,02740-6031
02325700,2007-2008,campus,27406031,02740-6031
02325700,2013-2014,campus,27406031,02740-6031
02325700,2014-2015,campus,27406031,02740-6031
02325700,2015-2016,campus,27406031,02740-6031
02325800,2006-2007,campus,23015570,02301-5570
02325800,2007-2008,campus,23015570,02301-5570
02325800,2013-2014,campus,23015570,02301-5570
02325800,2014-2015,campus,23015570,02301-5570
02325800,2015-2016,campus,23015570,02301-5570
02338200,2006-2007,campus,20212358,02021-2358
02338200,2007-2008,campus,20212358,02021-2358
02338200,2013-2014,campus,20212358,02021-2358
02338200,2014-2015,campus,20212358,02021-2358
02338200,2015-2016,campus,20212358,02021-2358
02338200,2016-2017,campus,20212358,02021-2358
02339400,2006-2007,campus,27462114,02746-2114
02339400,2007-2008,campus,27462114,02746-2114
02339400,2013-2014,campus,27462114,02746-2114
02339400,2014-2015,campus,27462114,02746-2114
02339400,2015-2016,campus,27462114,02746-2114
02339400,2016-2017,campus,27462114,02746-2114
02339400,2019-2020,campus,27462114,02746-2114
02340600,2006-2007,campus,7914138,00791-4138
02340600,2007-2008,campus,7914138,00791-4138
02340600,2013-2014,campus,7914138,00791-4138
02340600,2014-2015,campus,7914138,00791-4138
02340600,2015-2016,campus,7914138,00791-4138
02340600,2016-2017,campus,7914138,00791-4138
02340600,2019-2020,campus,7914138,00791-4138
02343600,2006-2007,campus,6120809,00612-0809
02343600,2007-2008,campus,6120809,00612-0809
02343600,2013-2014,campus,6120809,00612-0809
02343600,2014-2015,campus,6120809,00612-0809
02343600,2015-2016,campus,6120809,00612-0809
02343600,2016-2017,campus,6120809,00612-0809
02343600,2019-2020,campus,6130809,00613-0809
02347100,2013-2014,campus,44012999,04401-2999
02347100,2014-2015,campus,44012999,04401-2999
02460000,2013-2014,campus,9360000,00936-0000
02460000,2014-2015,campus,9360000,00936-0000
02460000,2015-2016,campus,9360000,00936-0000
02460000,2016-2017,campus,9360000,00936-0000
02460000,2019-2020,campus,9360000,00936-0000
02482400,2019-2020,campus,7162347,00716-2347
02491700,2007-2008,campus,24722577,02472-2577
02491700,2013-2014,campus,24722577,02472-2577
02491700,2014-2015,campus,24722577,02472-2577
02491700,2015-2016,campus,24722577,02472-2577
02491700,2016-2017,campus,24722577,02472-2577
02502400,2006-2007,campus,7840000,00784-0000
02502400,2007-2008,campus,7840000,00784-0000
02502400,2013-2014,campus,7840000,00784-0000
02503900,2006-2007,campus,78824343,07882-4343
02503900,2007-2008,campus,78824343,07882-4343
02503900,2013-2014,campus,78824343,07882-4343
02503900,2014-2015,campus,78824343,07882-4343
02503900,2015-2016,campus,78824343,07882-4343
02503900,2016-2017,campus,78824343,07882-4343
02503900,2019-2020,campus,78824343,07882-4343
02504500,2013-2014,campus,6805045,00680-5045
02504500,2014-2015,campus,6805045,00680-5045
02504500,2015-2016,campus,6805045,00680-5045
02504500,2016-2017,campus,6805045,00680-5045
02504500,2019-2020,campus,6805045,00680-5045
02505400,2006-2007,campus,9700000,00970-0000
02505400,2007-2008,campus,9700000,00970-0000
02505400,2013-2014,campus,9700000,00970-0000
02505400,2014-2015,campus,9700000,00970-0000
02505400,2015-2016,campus,9700000,00970-0000
02505400,2016-2017,campus,9700000,00970-0000
02505400,2019-2020,campus,9700000,00970-0000
02512400,2015-2016,campus,69011284,06901-1284
02525900,2006-2007,campus,79501409,07950-1409
02525900,2007-2008,campus,79501409,07950-1409
02525900,2013-2014,campus,79501409,07950-1409
02525900,2014-2015,campus,79501409,07950-1409
02525900,2015-2016,campus,79501409,07950-1409
02525900,2016-2017,campus,79501409,07950-1409
02525900,2019-2020,campus,79501409,07950-1409
02528200,2006-2007,campus,70604840,07060-4840
02528200,2007-2008,campus,70604840,07060-4840
02528200,2013-2014,campus,70604840,07060-4840
02528200,2014-2015,campus,70604840,07060-4840
02528200,2015-2016,campus,70604840,07060-4840
02528200,2016-2017,campus,70604840,07060-4840
02528200,2019-2020,campus,70604840,07060-4840
02532600,2006-2007,campus,53460000,05346-0000
02532600,2007-2008,campus,53460000,05346-0000
02532600,2013-2014,campus,53460000,05346-0000
02532600,2014-2015,campus,53460000,05346-0000
02532600,2015-2016,campus,53460000,05346-0000
02532600,2016-2017,campus,53460000,05346-0000
02532600,2019-2020,campus,53460000,05346-0000
02534900,2006-2007,campus,7162901,00716-2901
02534900,2007-2008,campus,7162901,00716-2901
02534900,2013-2014,campus,7162901,00716-2901
02534900,2014-2015,campus,7162901,00716-2901
02534900,2015-2016,campus,7162901,00716-2901
02534900,2016-2017,campus,7162901,00716-2901
02549700,2006-2007,campus,9073337,00907-3337
02549700,2007-2008,campus,9073337,00907-3337
02562500,2006-2007,campus,9183325,00918-3325
02562500,2007-2008,campus,9183325,00918-3325
02562500,2013-2014,campus,9183325,00918-3325
02562500,2014-2015,campus,9183325,00918-3325
02562500,2015-2016,campus,9183325,00918-3325
02562500,2019-2020,campus,9183325,00918-3325
02563500,2006-2007,campus,9071828,00907-1828
02563500,2007-2008,campus,9071828,00907-1828
02563500,2013-2014,campus,9071828,00907-1828
02568800,2006-2007,campus,78601149,07860-1149
02568800,2007-2008,campus,78601149,07860-1149
02568800,2013-2014,campus,78601149,07860-1149
02568800,2014-2015,campus,78601149,07860-1149
02568800,2015-2016,campus,78601149,07860-1149
02568800,2016-2017,campus,78601149,07860-1149
02568800,2019-2020,campus,78601149,07860-1149
02569400,2006-2007,campus,9011112,00901-1112
02569400,2007-2008,campus,9011112,00901-1112
02569400,2013-2014,campus,9011112,00901-1112
02569400,2014-2015,campus,9011112,00901-1112
02569400,2015-2016,campus,9011112,00901-1112
02569400,2016-2017,campus,9011112,00901-1112
02569400,2019-2020,campus,9011112,00901-1112
02570400,2006-2007,campus,9590000,00959-0000
02570400,2007-2008,campus,9253404,00925-3404
02570400,2013-2014,campus,9597270,00959-7270
02570400,2014-2015,campus,9597270,00959-7270
02570400,2015-2016,campus,9597270,00959-7270
02570400,2016-2017,campus,9597270,00959-7270
02570400,2019-2020,campus,9670000,00967-0000
02579800,2013-2014,campus,24581005,02458-1005
02579800,2014-2015,campus,24581005,02458-1005
02579800,2015-2016,campus,24581005,02458-1005
02586900,2006-2007,campus,80841520,08084-1520
02586900,2013-2014,campus,80432604,08043-2604
02586900,2014-2015,campus,80432604,08043-2604
02586900,2015-2016,campus,80432604,08043-2604
02586900,2016-2017,campus,80432604,08043-2604
02586900,2019-2020,campus,80432604,08043-2604
02587500,2006-2007,campus,9281150,00928-1150
02587500,2007-2008,campus,9281150,00928-1150
02587500,2013-2014,campus,9262602,00926-2602
02587500,2014-2015,campus,9262602,00926-2602
02587500,2015-2016,campus,9262602,00926-2602
02587500,2016-2017,campus,9262602,00926-2602
02587500,2019-2020,campus,9262602,00926-2602
02611100,2006-2007,campus,9609998,00960-9998
03016000,2013-2014,campus,9850000,00985-0000
03016000,2014-2015,campus,9850000,00985-0000
03016000,2015-2016,campus,9850000,00985-0000
03016000,2016-2017,campus,9850000,00985-0000
03016000,2019-2020,campus,9850000,00985-0000
03021900,2006-2007,campus,7250000,00725-0000
03021900,2007-2008,campus,7250000,00725-0000
03021900,2013-2014,campus,7250000,00725-0000
03021900,2014-2015,campus,7250000,00725-0000
03021900,2015-2016,campus,7250000,00725-0000
03021900,2016-2017,campus,7250000,00725-0000
03025500,2006-2007,campus,7256118,00725-6118
03025500,2007-2008,campus,7256118,00725-6118
03025500,2013-2014,campus,7256118,00725-6118
03025500,2014-2015,campus,7256118,00725-6118
03025500,2015-2016,campus,7256118,00725-6118
03025500,2016-2017,campus,7256118,00725-6118
03025500,2019-2020,campus,7256118,00725-6118
03029700,2006-2007,campus,6051955,00605-1955
03029700,2007-2008,campus,6051955,00605-1955
03029700,2013-2014,campus,6031955,00603-1955
03029700,2014-2015,campus,6031955,00603-1955
03029700,2015-2016,campus,6031955,00603-1955
03029700,2016-2017,campus,6031955,00603-1955
03029700,2019-2020,campus,6031955,00603-1955
03043100,2006-2007,campus,30544818,03054-4818
03043100,2007-2008,campus,30544818,03054-4818
03043100,2013-2014,campus,30544818,03054-4818
03043100,2014-2015,campus,30544818,03054-4818
03043100,2015-2016,campus,30544818,03054-4818
03043100,2016-2017,campus,30544818,03054-4818
03043100,2019-2020,campus,30544818,03054-4818
03070500,2006-2007,campus,7943517,00794-3517
03070500,2013-2014,campus,7943517,00794-3517
03070500,2014-2015,campus,7943517,00794-3517
03070500,2015-2016,campus,7943517,00794-3517
03070500,2016-2017,campus,7943517,00794-3517
03070500,2019-2020,campus,7943517,00794-3517
03075600,2006-2007,campus,7950000,00795-0000
03075600,2007-2008,campus,7950000,00795-0000
03075600,2013-2014,campus,7950000,00795-0000
03075600,2014-2015,campus,7950000,00795-0000
03075600,2015-2016,campus,7950000,00795-0000
03075600,2016-2017,campus,7950000,00795-0000
03075600,2019-2020,campus,7950000,00795-0000
03077500,2006-2007,campus,88174494,08817-4494
03077500,2007-2008,campus,88174494,08817-4494
03077500,2013-2014,campus,88174494,08817-4494
03077500,2014-2015,campus,88174494,08817-4494
03077500,2015-2016,campus,88174494,08817-4494
03077500,2016-2017,campus,88174494,08817-4494
03077500,2019-2020,campus,88174494,08817-4494
03079400,2006-2007,campus,63712333,06371-2333
03079400,2007-2008,campus,63712333,06371-2333
03079400,2013-2014,campus,63712333,06371-2333
03085700,2013-2014,campus,9597061,00959-7061
03085700,2014-2015,campus,9597061,00959-7061
03085700,2015-2016,campus,9597061,00959-7061
03085700,2016-2017,campus,9597061,00959-7061
03085700,2019-2020,campus,9597061,00959-7061
03094800,2006-2007,campus,67061211,06706-1211
03094800,2007-2008,campus,67061211,06706-1211
03094800,2013-2014,campus,67061211,06706-1211
03094800,2014-2015,campus,67061211,06706-1211
03094800,2015-2016,campus,67061211,06706-1211
03094800,2016-2017,campus,67061211,06706-1211
03094800,2019-2020,campus,67061211,06706-1211
03101300,2006-2007,campus,33016400,03301-6400
03101300,2007-2008,campus,33016400,03301-6400
03101300,2013-2014,campus,33016400,03301-6400
03101300,2014-2015,campus,33016400,03301-6400
03101300,2015-2016,campus,33016400,03301-6400
03101300,2016-2017,campus,33016400,03301-6400
03101300,2019-2020,campus,33016400,03301-6400
03112100,2006-2007,campus,9159538,00915-9538
03112100,2007-2008,campus,9159538,00915-9538
03112100,2013-2014,campus,9159538,00915-9538
03112100,2014-2015,campus,9159538,00915-9538
03112100,2015-2016,campus,9159538,00915-9538
03112100,2016-2017,campus,9159538,00915-9538
03112100,2019-2020,campus,9159538,00915-9538
03115200,2006-2007,campus,29145022,02914-5022
03115200,2007-2008,campus,29145022,02914-5022
03115200,2013-2014,campus,27715933,02771-5933
03115200,2014-2015,campus,27715933,02771-5933
03115200,2015-2016,campus,27715933,02771-5933
03115200,2016-2017,campus,27715933,02771-5933
03115200,2019-2020,campus,27715933,02771-5933
03115900,2006-2007,campus,7161111,00716-1111
03115900,2007-2008,campus,7161111,00716-1111
03115900,2013-2014,campus,7161111,00716-1111
03115900,2014-2015,campus,7161111,00716-1111
03115900,2015-2016,campus,7161111,00716-1111
03115900,2016-2017,campus,7161111,00716-1111
03115900,2019-2020,campus,7161111,00716-1111
03120800,2006-2007,campus,10892701,01089-2701
03120800,2007-2008,campus,10892701,01089-2701
03120800,2013-2014,campus,10892701,01089-2701
03120800,2014-2015,campus,10892701,01089-2701
03120800,2015-2016,campus,10892701,01089-2701
03120800,2016-2017,campus,10892701,01089-2701
03122500,2013-2014,campus,7171568,00717-1568
03122500,2014-2015,campus,7171568,00717-1568
03122500,2015-2016,campus,7171568,00717-1568
03122500,2016-2017,campus,7171568,00717-1568
03122500,2019-2020,campus,7171250,00717-1250
03122600,2006-2007,campus,73063906,07306-3906
03122600,2007-2008,campus,73063906,07306-3906
03122600,2013-2014,campus,73063906,07306-3906
03122600,2014-2015,campus,73063906,07306-3906
03122600,2015-2016,campus,73063906,07306-3906
03122600,2016-2017,campus,73063906,07306-3906
03122600,2019-2020,campus,73063906,07306-3906
03122900,2006-2007,campus,40900529,04090-0529
03122900,2007-2008,campus,40900529,04090-0529
03122900,2013-2014,campus,40900529,04090-0529
03122900,2014-2015,campus,40900529,04090-0529
03122900,2015-2016,campus,40900529,04090-0529
03122900,2016-2017,campus,40900529,04090-0529
03122900,2019-2020,campus,40900529,04090-0529
03124200,2006-2007,campus,9604016,00960-4016
03124200,2007-2008,campus,9604016,00960-4016
03124200,2013-2014,campus,9604016,00960-4016
03124200,2014-2015,campus,9604016,00960-4016
03124200,2015-2016,campus,9604016,00960-4016
03124200,2016-2017,campus,9604016,00960-4016
03124200,2019-2020,campus,9604016,00960-4016
03130500,2006-2007,campus,21111093,02111-1093
03130500,2007-2008,campus,21111093,02111-1093
03130500,2013-2014,campus,21111093,02111-1093
03130500,2014-2015,campus,21111093,02111-1093
03130500,2015-2016,campus,21111093,02111-1093
03130500,2016-2017,campus,21111093,02111-1093
03130500,2019-2020,campus,21161093,02116-1093
03157600,2006-2007,campus,9616345,00961-6345
03157600,2007-2008,campus,9616345,00961-6345
03157600,2013-2014,campus,9616345,00961-6345
03157600,2014-2015,campus,9616345,00961-6345
03157600,2015-2016,campus,9616345,00961-6345
03157600,2016-2017,campus,9616345,00961-6345
03157600,2019-2020,campus,9616345,00961-6345
03182300,2006-2007,campus,31044858,03104-4858
03182300,2007-2008,campus,31044858,03104-4858
03182300,2013-2014,campus,31044858,03104-4858
03182300,2014-2015,campus,31044858,03104-4858
03182300,2015-2016,campus,31044858,03104-4858
03182300,2016-2017,campus,31044858,03104-4858
03196300,2006-2007,campus,21451102,02145-1102
03196300,2007-2008,campus,21451102,02145-1102
03232300,2006-2007,campus,28654211,02865-4211
03232300,2007-2008,campus,28654211,02865-4211
03232300,2013-2014,campus,28654211,02865-4211
03234300,2013-2014,campus,60532150,06053-2150
03234300,2014-2015,campus,60532150,06053-2150
03234300,2015-2016,campus,60532150,06053-2150
03234300,2016-2017,campus,60532150,06053-2150
03234300,2019-2020,campus,60532150,06053-2150
03248300,2006-2007,campus,21364000,02136-4000
03248300,2007-2008,campus,21364000,02136-4000
03248300,2013-2014,campus,21364030,02136-4030
03248300,2014-2015,campus,21364030,02136-4030
03248300,2015-2016,campus,21364030,02136-4030
03248300,2016-2017,campus,21364030,02136-4030
03248300,2019-2020,campus,21364030,02136-4030
03316300,2006-2007,campus,61053630,06105-3630
03316300,2007-2008,campus,61053630,06105-3630
03316300,2013-2014,campus,61053630,06105-3630
03316300,2014-2015,campus,61053630,06105-3630
03316300,2015-2016,campus,61053630,06105-3630
03316300,2016-2017,campus,61053630,06105-3630
03316400,2006-2007,campus,20624766,02062-4766
03316400,2007-2008,campus,20624766,02062-4766
03316400,2013-2014,campus,20624766,02062-4766
03316400,2014-2015,campus,20624766,02062-4766
03316400,2015-2016,campus,20624766,02062-4766
03316400,2016-2017,campus,20624766,02062-4766
03316400,2019-2020,campus,20624766,02062-4766
03324300,2006-2007,campus,70802408,07080-2408
03324300,2007-2008,campus,70802408,07080-2408
03324300,2013-2014,campus,70802408,07080-2408
03324300,2014-2015,campus,70802408,07080-2408
03324300,2015-2016,campus,70802408,07080-2408
03324300,2016-2017,campus,70802408,07080-2408
03326300,2006-2007,campus,9093010,00909-3010
03326300,2007-2008,campus,9093010,00909-3010
03336300,2006-2007,campus,6034802,00603-4802
03336300,2007-2008,campus,6034802,00603-4802
03336300,2013-2014,campus,9070907,00907-0907
03336300,2014-2015,campus,9070907,00907-0907
03336300,2015-2016,campus,9070907,00907-0907
03336300,2016-2017,campus,9070907,00907-0907
03336300,2019-2020,campus,9070907,00907-0907
03381300,2006-2007,campus,61082705,06108-2705
03381300,2007-2008,campus,61082705,06108-2705
03429300,2006-2007,campus,40730000,04073-0000
03429300,2007-2008,campus,40730000,04073-0000
03429300,2013-2014,campus,40730000,04073-0000
03429300,2014-2015,campus,40730000,04073-0000
03429300,2015-2016,campus,40730000,04073-0000
03429300,2016-2017,campus,40730000,04073-0000
03429300,2019-2020,campus,40737007,04073-7007
03452300,2006-2007,campus,6121800,00612-1800
03452300,2007-2008,campus,6121800,00612-1800
03452300,2013-2014,campus,6121800,00612-1800
03452300,2014-2015,campus,6121800,00612-1800
03452300,2015-2016,campus,6121800,00612-1800
03452300,2016-2017,campus,6121800,00612-1800
03452300,2019-2020,campus,6120000,00612-0000
03461400,2006-2007,campus,7310000,00731-0000
03530300,2006-2007,campus,70131900,07013-1900
03530300,2007-2008,campus,70131900,07013-1900
03531300,2006-2007,campus,9280966,00928-0966
03531300,2007-2008,campus,9280966,00928-0966
03531300,2013-2014,campus,9280966,00928-0966
03531300,2014-2015,campus,9280966,00928-0966
03531300,2015-2016,campus,9280966,00928-0966
03531300,2016-2017,campus,9280966,00928-0966
03531300,2019-2020,campus,9280966,00928-0966
03544300,2006-2007,campus,6740000,00674-0000
03544300,2007-2008,campus,6740000,00674-0000
03544300,2013-2014,campus,6740000,00674-0000
03544300,2014-2015,campus,6740000,00674-0000
03544300,2015-2016,campus,6740000,00674-0000
03544300,2016-2017,campus,6740000,00674-0000
03544300,2019-2020,campus,6740000,00674-0000
03552300,2006-2007,campus,9616309,00961-6309
03552300,2007-2008,campus,9616309,00961-6309
03552300,2013-2014,campus,9616309,00961-6309
03552300,2014-2015,campus,9616309,00961-6309
03552300,2015-2016,campus,9616309,00961-6309
03552300,2016-2017,campus,9616309,00961-6309
03552300,2019-2020,campus,9616309,00961-6309
03570500,2006-2007,campus,28061246,02806-1246
03570500,2007-2008,campus,28061246,02806-1246
03570500,2013-2014,campus,18350000,01835-0000
03570500,2014-2015,campus,18350000,01835-0000
03570500,2015-2016,campus,18350000,01835-0000
03570500,2016-2017,campus,18350000,01835-0000
03570500,2019-2020,campus,18350000,01835-0000
03574400,2006-2007,campus,88543908,08854-3908
03574400,2007-2008,campus,88543908,08854-3908
03666300,2006-2007,campus,88909035,08890-9035
03666300,2007-2008,campus,88909035,08890-9035
03666300,2013-2014,campus,71025511,07102-5511
03666300,2014-2015,campus,71025511,07102-5511
03666300,2015-2016,campus,71025511,07102-5511
03666300,2016-2017,campus,71025511,07102-5511
03666300,2019-2020,campus,71025511,07102-5511
03735400,2007-2008,campus,6030000,00603-0000
03735400,2013-2014,campus,6030000,00603-0000
03735400,2014-2015,campus,6030000,00603-0000
03735400,2015-2016,campus,6030000,00603-0000
03735400,2016-2017,campus,6030000,00603-0000
03735400,2019-2020,campus,6030000,00603-0000
03758300,2007-2008,campus,9600000,00960-0000
03758300,2013-2014,campus,9600000,00960-0000
03758300,2014-2015,campus,9600000,00960-0000
03758300,2015-2016,campus,9600000,00960-0000
03758300,2016-2017,campus,9600000,00960-0000
03758300,2019-2020,campus,9600000,00960-0000
03769300,2006-2007,campus,73069900,07306-9900
03769300,2007-2008,campus,73069900,07306-9900
03781400,2013-2014,campus,7918480,00791-8480
03781400,2014-2015,campus,7918480,00791-8480
03781400,2015-2016,campus,7918480,00791-8480
03781400,2016-2017,campus,7918480,00791-8480
03781400,2019-2020,campus,7918480,00791-8480
03785300,2013-2014,campus,9200000,00920-0000
03785300,2014-2015,campus,9200000,00920-0000
03785300,2015-2016,campus,9260000,00926-0000
03785300,2016-2017,campus,9260000,00926-0000
03785300,2019-2020,campus,9260000,00926-0000
03800400,2013-2014,campus,6765071,00676-5071
03800400,2014-2015,campus,6765071,00676-5071
03800400,2015-2016,campus,6765071,00676-5071
03843300,2013-2014,campus,9616321,00961-6321
03927300,2006-2007,campus,63572447,06357-2447
03927300,2007-2008,campus,63572447,06357-2447
03927300,2013-2014,campus,63572447,06357-2447
03927300,2014-2015,campus,63572447,06357-2447
03927300,2015-2016,campus,63572447,06357-2447
03946300,2007-2008,campus,24921200,02492-1200
03946300,2013-2014,campus,24921200,02492-1200
03946300,2014-2015,campus,24921200,02492-1200
03946300,2015-2016,campus,24921200,02492-1200
03946300,2016-2017,campus,24921200,02492-1200
03946300,2019-2020,campus,24921200,02492-1200
03965400,2007-2008,campus,7543917,00754-3917
03965400,2013-2014,campus,7543917,00754-3917
03965400,2014-2015,campus,7543917,00754-3917
03965400,2015-2016,campus,7543917,00754-3917
03965400,2016-2017,campus,7543917,00754-3917
03965400,2019-2020,campus,7543917,00754-3917
04081300,2006-2007,campus,87010000,08701-0000
04081300,2007-2008,campus,87010000,08701-0000
04081300,2013-2014,campus,87010000,08701-0000
04081300,2014-2015,campus,87010000,08701-0000
04081300,2015-2016,campus,87010000,08701-0000
04081300,2016-2017,campus,87010000,08701-0000
04081300,2019-2020,campus,87010000,08701-0000
04117200,2013-2014,campus,7310000,00731-0000
04117200,2014-2015,campus,7310000,00731-0000
04117200,2015-2016,campus,7310000,00731-0000
04117200,2016-2017,campus,7300000,00730-0000
04117200,2019-2020,campus,7300000,00730-0000
04123400,2013-2014,campus,72082380,07208-2380
04123400,2014-2015,campus,72082380,07208-2380
04123400,2015-2016,campus,72082380,07208-2380
04123400,2016-2017,campus,72082380,07208-2380
04123400,2019-2020,campus,72082380,07208-2380
04128000,2013-2014,campus,18016386,01801-6386
04128000,2014-2015,campus,18016386,01801-6386
04128000,2015-2016,campus,18016386,01801-6386
04128000,2016-2017,campus,18016386,01801-6386
04128000,2019-2020,campus,18016386,01801-6386
04131100,2013-2014,campus,87012120,08701-2120
04131100,2014-2015,campus,87012120,08701-2120
04131100,2015-2016,campus,87012120,08701-2120
04131100,2016-2017,campus,87012120,08701-2120
04131100,2019-2020,campus,87012120,08701-2120
04131600,2013-2014,campus,7371298,00737-1298
04131600,2014-2015,campus,7371298,00737-1298
04131600,2015-2016,campus,7371298,00737-1298
04131600,2016-2017,campus,7371298,00737-1298
04131600,2019-2020,campus,7371298,00737-1298
04134100,2016-2017,campus,76081104,07608-1104
04136400,2013-2014,campus,88543870,08854-3870
04136400,2014-2015,campus,88543870,08854-3870
04136400,2015-2016,campus,88543870,08854-3870
04136400,2016-2017,campus,88543870,08854-3870
04136400,2019-2020,campus,88543870,08854-3870
04154500,2014-2015,campus,73060001,07306-0001
04154500,2015-2016,campus,73060001,07306-0001
04154500,2016-2017,campus,73060001,07306-0001
04154900,2013-2014,campus,70182011,07018-2011
04154900,2014-2015,campus,70182011,07018-2011
04154900,2015-2016,campus,70182011,07018-2011
04154900,2016-2017,campus,70182011,07018-2011
04154900,2019-2020,campus,70182011,07018-2011
04180300,2013-2014,campus,77192409,07719-2409
04180300,2014-2015,campus,87012758,08701-2758
04180300,2015-2016,campus,87012758,08701-2758
04184500,2013-2014,campus,70589589,07058-9589
04184500,2014-2015,campus,70589589,07058-9589
04184500,2015-2016,campus,70589589,07058-9589
04184500,2016-2017,campus,70589589,07058-9589
04184500,2019-2020,campus,70589589,07058-9589
04192400,2013-2014,campus,70363905,07036-3905
04192400,2014-2015,campus,70833618,07083-3618
04192400,2015-2016,campus,70833618,07083-3618
04192400,2016-2017,campus,70833618,07083-3618
04192400,2019-2020,campus,70833618,07083-3618
04216100,2013-2014,campus,87014946,08701-4946
04216100,2014-2015,campus,87014946,08701-4946
04216100,2015-2016,campus,87014946,08701-4946
04216100,2016-2017,campus,87014946,08701-4946
04216100,2019-2020,campus,87014946,08701-4946
04218500,2013-2014,campus,70800000,07080-0000
04218500,2014-2015,campus,70800000,07080-0000
04218500,2015-2016,campus,70800000,07080-0000
04218500,2016-2017,campus,70800000,07080-0000
04218500,2019-2020,campus,70800000,07080-0000
04229200,2015-2016,campus,21222834,02122-2834
04229200,2016-2017,campus,21222834,02122-2834
04229200,2019-2020,campus,21222834,02122-2834
04240400,2019-2020,campus,9260000,00926-0000
04240900,2014-2015,campus,7263164,00726-3164
04240900,2015-2016,campus,7263164,00726-3164
04240900,2016-2017,campus,7263164,00726-3164
04250900,2014-2015,campus,9368351,00936-8351
04250900,2015-2016,campus,9368351,00936-8351
04250900,2016-2017,campus,9368351,00936-8351
04250900,2019-2020,campus,9368351,00936-8351
04251000,2014-2015,campus,9576257,00957-6257
04251000,2015-2016,campus,9576257,00957-6257
04251000,2016-2017,campus,9576257,00957-6257
04251500,2015-2016,campus,87015842,08701-5842
04251500,2016-2017,campus,87015842,08701-5842
04251500,2019-2020,campus,87015842,08701-5842
04252000,2015-2016,campus,87013623,08701-3623
04252000,2016-2017,campus,87013623,08701-3623
04252000,2019-2020,campus,87013623,08701-3623
04254200,2014-2015,campus,6839801,00683-9801
04254200,2015-2016,campus,6839801,00683-9801
04254200,2016-2017,campus,6839801,00683-9801
04254200,2019-2020,campus,6839801,00683-9801
04261200,2016-2017,campus,87012053,08701-2053
04261200,2019-2020,campus,87012053,08701-2053
04264400,2019-2020,campus,70600000,07060-0000
04264900,2016-2017,campus,87014618,08701-4618
04264900,2019-2020,campus,87014618,08701-4618
04265300,2019-2020,campus,87011239,08701-1239
04266000,2016-2017,campus,87011445,08701-1445
04266000,2019-2020,campus,87011445,08701-1445
04269300,2019-2020,campus,77355105,07735-5105
04270300,2019-2020,campus,77312444,07731-2444
04271200,2019-2020,campus,87015809,08701-5809
04273800,2019-2020,campus,87010000,08701-0000
00137400,2013-2014,loan_direct,65111189,06511-1189
00137800,2013-2014,loan_direct,60502490,06050-2490
00137900,2013-2014,loan_direct,63204196,06320-4196
00138000,2013-2014,loan_direct,68106826,06810-6826
00138500,2013-2014,loan_direct,68245171,06824-5171
00138700,2013-2014,loan_direct,61052279,06105-2279
00138900,2013-2014,loan_direct,64162027,06416-2027
00139200,2013-2014,loan_direct,60451046,06045-1046
00139300,2013-2014,loan_direct,63204498,06320-4498
00139700,2013-2014,loan_direct,65161999,06516-1999
00139800,2013-2014,loan_direct,60981747,06098-1747
00139900,2013-2014,loan_direct,68541655,06854-1655
00140100,2013-2014,loan_direct,67233240,06723-3240
00140200,2013-2014,loan_direct,65181908,06518-1908
00140300,2013-2014,loan_direct,68251000,06825-1000
00140600,2013-2014,loan_direct,65151355,06515-1355
00140900,2013-2014,loan_direct,61172791,06117-2791
00141400,2013-2014,loan_direct,61063100,06106-3100
00141600,2013-2014,loan_direct,66015650,06601-5650
00141700,2013-2014,loan_direct,62692151,06269-2151
00142200,2013-2014,loan_direct,61171599,06117-1599
00142400,2013-2014,loan_direct,64593208,06459-3208
00142500,2013-2014,loan_direct,62262295,06226-2295
00142600,2013-2014,loan_direct,65208229,06520-8229
00203300,2013-2014,loan_direct,47692888,04769-2888
00203600,2013-2014,loan_direct,42406028,04240-6028
00203800,2013-2014,loan_direct,40118451,04011-8451
00203900,2013-2014,loan_direct,49018840,04901-8840
00204000,2013-2014,loan_direct,49381990,04938-1990
00204100,2013-2014,loan_direct,47431292,04743-1292
00204300,2013-2014,loan_direct,44012999,04401-2999
00204400,2013-2014,loan_direct,44200001,04420-0001
00205000,2013-2014,loan_direct,40059599,04005-9599
00205100,2013-2014,loan_direct,40845236,04084-5236
00205200,2013-2014,loan_direct,49015097,04901-5097
00205300,2013-2014,loan_direct,44690001,04469-0001
00205400,2013-2014,loan_direct,41049301,04104-9301
00205500,2013-2014,loan_direct,46541397,04654-1397
00211400,2013-2014,loan_direct,11093189,01109-3189
00211500,2013-2014,loan_direct,10025000,01002-5000
00211600,2013-2014,loan_direct,24592243,02459-2243
00211700,2013-2014,loan_direct,16121198,01612-1198
00211800,2013-2014,loan_direct,16151294,01615-1294
00212000,2013-2014,loan_direct,18455800,01845-5800
00212100,2013-2014,loan_direct,24570310,02457-0310
00212200,2013-2014,loan_direct,11062212,01106-2212
00212300,2013-2014,loan_direct,16150071,01615-0071
00212400,2013-2014,loan_direct,24524705,02452-4705
00212600,2013-2014,loan_direct,22153693,02215-3693
00212800,2013-2014,loan_direct,24673800,02467-3800
00212900,2013-2014,loan_direct,22159830,02215-9830
00213000,2013-2014,loan_direct,22151789,02215-1789
00213300,2013-2014,loan_direct,24532728,02453-2728
00213900,2013-2014,loan_direct,16101473,01610-1473
00214000,2013-2014,loan_direct,10132839,01013-2839
00214100,2013-2014,loan_direct,16102395,01610-2395
00214300,2013-2014,loan_direct,21862395,02186-2395
00214400,2013-2014,loan_direct,20381994,02038-1994
00214500,2013-2014,loan_direct,21702999,02170-2999
00214600,2013-2014,loan_direct,21164624,02116-4624
00214700,2013-2014,loan_direct,21155798,02115-5798
00214800,2013-2014,loan_direct,19152098,01915-2098
00214900,2013-2014,loan_direct,21383494,02138-3494
00215000,2013-2014,loan_direct,21161500,02116-1500
00215100,2013-2014,loan_direct,21166296,02116-6296
00215300,2013-2014,loan_direct,19841899,01984-1899
00215400,2013-2014,loan_direct,24457496,02445-7496
00215500,2013-2014,loan_direct,21383800,02138-3800
00215700,2013-2014,loan_direct,24592237,02459-2237
00215800,2013-2014,loan_direct,24662716,02466-2716
00216000,2013-2014,loan_direct,21382790,02138-2790
00216100,2013-2014,loan_direct,18542881,01854-2881
00216400,2013-2014,loan_direct,21151129,02115-1129
00216500,2013-2014,loan_direct,21155804,02115-5804
00216700,2013-2014,loan_direct,12015786,01201-5786
00216800,2013-2014,loan_direct,26681599,02668-1599
00216900,2013-2014,loan_direct,13019739,01301-9739
00217000,2013-2014,loan_direct,10401099,01040-1099
00217100,2013-2014,loan_direct,24815399,02481-5399
00217200,2013-2014,loan_direct,14401000,01440-1000
00217300,2013-2014,loan_direct,19234093,01923-4093
00217400,2013-2014,loan_direct,18302399,01830-2399
00217500,2013-2014,loan_direct,16062092,01606-2092
00217600,2013-2014,loan_direct,27207399,02720-7399
00217700,2013-2014,loan_direct,23023996,02302-3996
00217800,2013-2014,loan_direct,21394307,02139-4307
00218000,2013-2014,loan_direct,21155803,02115-5803
00218100,2013-2014,loan_direct,25323400,02532-3400
00218300,2013-2014,loan_direct,23250001,02325-0001
00218400,2013-2014,loan_direct,14202697,01420-2697
00218500,2013-2014,loan_direct,17022471,01702-2471
00218700,2013-2014,loan_direct,12474100,01247-4100
00218800,2013-2014,loan_direct,19705353,01970-5353
00218900,2013-2014,loan_direct,10861630,01086-1630
00219000,2013-2014,loan_direct,16022597,01602-2597
00219200,2013-2014,loan_direct,10751492,01075-1492
00219300,2013-2014,loan_direct,24593323,02459-3323
00219400,2013-2014,loan_direct,21155018,02115-5018
00219700,2013-2014,loan_direct,15716346,01571-6346
00219900,2013-2014,loan_direct,21155000,02115-5000
00220100,2013-2014,loan_direct,24672332,02467-2332
00220200,2013-2014,loan_direct,24932699,02493-2699
00220500,2013-2014,loan_direct,21694324,02169-4324
00220600,2013-2014,loan_direct,24931571,02493-1571
00220800,2013-2014,loan_direct,21155898,02115-5898
00220900,2013-2014,loan_direct,10632936,01063-2936
00221000,2013-2014,loan_direct,27472300,02747-2300
00221100,2013-2014,loan_direct,11093797,01109-3797
00221400,2013-2014,loan_direct,21358839,02135-8839
00221700,2013-2014,loan_direct,23576110,02357-6110
00221800,2013-2014,loan_direct,21082770,02108-2770
00221900,2013-2014,loan_direct,21555808,02155-5808
00222100,2013-2014,loan_direct,10030000,01003-0000
00222200,2013-2014,loan_direct,21253393,02125-3393
00222400,2013-2014,loan_direct,24818203,02481-8203
00222500,2013-2014,loan_direct,21155998,02115-5998
00222600,2013-2014,loan_direct,11192654,01119-2654
00222700,2013-2014,loan_direct,27662322,02766-2322
00222800,2013-2014,loan_direct,22154176,02215-4176
00222900,2013-2014,loan_direct,12672600,01267-2600
00223300,2013-2014,loan_direct,16092280,01609-2280
00257200,2013-2014,loan_direct,32574648,03257-4648
00257300,2013-2014,loan_direct,37553529,03755-3529
00257500,2013-2014,loan_direct,34610060,03461-0060
00257900,2013-2014,loan_direct,32423293,03242-3293
00258000,2013-2014,loan_direct,31061045,03106-1045
00258100,2013-2014,loan_direct,33017412,03301-7412
00258200,2013-2014,loan_direct,31028518,03102-8518
00258300,2013-2014,loan_direct,38012807,03801-2807
00258600,2013-2014,loan_direct,30605086,03060-5086
00258700,2013-2014,loan_direct,31021310,03102-1310
00258900,2013-2014,loan_direct,38242511,03824-2511
00259000,2013-2014,loan_direct,34351504,03435-1504
00259100,2013-2014,loan_direct,32641595,03264-1595
00259600,2013-2014,loan_direct,83302699,08330-2699
00259700,2013-2014,loan_direct,70033425,07003-3425
00259800,2013-2014,loan_direct,70066195,07006-6195
00259900,2013-2014,loan_direct,78402184,07840-2184
00260000,2013-2014,loan_direct,79606989,07960-6989
00260100,2013-2014,loan_direct,83629912,08362-9912
00260300,2013-2014,loan_direct,79404063,07940-4063
00260700,2013-2014,loan_direct,76661996,07666-1996
00260800,2013-2014,loan_direct,87012697,08701-2697
00260900,2013-2014,loan_direct,80281702,08028-1702
00261000,2013-2014,loan_direct,76442198,07644-2198
00261300,2013-2014,loan_direct,73051597,07305-1597
00261500,2013-2014,loan_direct,88183050,08818-3050
00261600,2013-2014,loan_direct,77641898,07764-1898
00261700,2013-2014,loan_direct,70439987,07043-9987
00261900,2013-2014,loan_direct,89011196,08901-1196
00262100,2013-2014,loan_direct,71021982,07102-1982
00262200,2013-2014,loan_direct,70837131,07083-7131
00262400,2013-2014,loan_direct,87542001,08754-2001
00262500,2013-2014,loan_direct,74702152,07470-2152
00262600,2013-2014,loan_direct,85400803,08540-0803
00262700,2013-2014,loan_direct,85440001,08544-0001
00262800,2013-2014,loan_direct,86483099,08648-3099
00262900,2013-2014,loan_direct,89011281,08901-1281
00262923,2013-2014,loan_direct,71011709,07101-1709
00263200,2013-2014,loan_direct,70792697,07079-2697
00263800,2013-2014,loan_direct,73065997,07306-5997
00263900,2013-2014,loan_direct,70305370,07030-5370
00264200,2013-2014,loan_direct,86280718,08628-0718
00264300,2013-2014,loan_direct,70161598,07016-1598
00340100,2013-2014,loan_direct,29129127,02912-9127
00340200,2013-2014,loan_direct,29171284,02917-1284
00340400,2013-2014,loan_direct,29033703,02903-3703
00340600,2013-2014,loan_direct,29180001,02918-0001
00340700,2013-2014,loan_direct,29081991,02908-1991
00340800,2013-2014,loan_direct,28861807,02886-1807
00340900,2013-2014,loan_direct,29032784,02903-2784
00341000,2013-2014,loan_direct,28092921,02809-2921
00341100,2013-2014,loan_direct,28404192,02840-4192
00341400,2013-2014,loan_direct,28810000,02881-0000
00368200,2013-2014,loan_direct,52016001,05201-6001
00368300,2013-2014,loan_direct,57350000,05735-0000
00368400,2013-2014,loan_direct,54013950,05401-3950
00368500,2013-2014,loan_direct,57013899,05701-3899
00368600,2013-2014,loan_direct,56670000,05667-0000
00368700,2013-2014,loan_direct,57641199,05764-1199
00368800,2013-2014,loan_direct,56569898,05656-9898
00368900,2013-2014,loan_direct,58510919,05851-0919
00369000,2013-2014,loan_direct,53443668,05344-3668
00369100,2013-2014,loan_direct,57530000,05753-0000
00369200,2013-2014,loan_direct,56631035,05663-1035
00369300,2013-2014,loan_direct,52016002,05201-6002
00369400,2013-2014,loan_direct,54390001,05439-0001
00369600,2013-2014,loan_direct,54050160,05405-0160
00369700,2013-2014,loan_direct,56023128,05602-3128
00369800,2013-2014,loan_direct,50610000,05061-0000
00393600,2013-2014,loan_direct,7179997,00717-9997
00393700,2013-2014,loan_direct,9140383,00914-0383
00393800,2013-2014,loan_direct,6839801,00683-9801
00393900,2013-2014,loan_direct,6052000,00605-2000
00394000,2013-2014,loan_direct,9191293,00919-1293
00394100,2013-2014,loan_direct,9842010,00984-2010
00394300,2013-2014,loan_direct,7914300,00791-4300
00394400,2013-2014,loan_direct,6800000,00680-0000
00394600,2013-2014,loan_direct,8029990,00802-9990
00396500,2013-2014,loan_direct,21162901,02116-2901
00396600,2013-2014,loan_direct,21152795,02115-2795
00451300,2013-2014,loan_direct,66044704,06604-4704
00466100,2013-2014,loan_direct,10023359,01002-3359
00466600,2013-2014,loan_direct,15831700,01583-1700
00466700,2013-2014,loan_direct,21155534,02115-5534
00466900,2013-2014,loan_direct,25323310,02532-3310
00472900,2013-2014,loan_direct,31037230,03103-7230
00473100,2013-2014,loan_direct,30631300,03063-1300
00473600,2013-2014,loan_direct,76521595,07652-1595
00474000,2013-2014,loan_direct,86900182,08690-0182
00501900,2013-2014,loan_direct,6810118,00681-0118
00502200,2013-2014,loan_direct,9601725,00960-1725
00502600,2013-2014,loan_direct,6144050,00614-4050
00502700,2013-2014,loan_direct,7940517,00794-0517
00502800,2013-2014,loan_direct,9576257,00957-6257
00502900,2013-2014,loan_direct,7151612,00715-1612
00520400,2013-2014,loan_direct,44016896,04401-6896
00527600,2013-2014,loan_direct,42106498,04210-6498
00527700,2013-2014,loan_direct,44014280,04401-4280
00527900,2013-2014,loan_direct,18792214,01879-2214
00529100,2013-2014,loan_direct,35703799,03570-3799
00539900,2013-2014,loan_direct,77534473,07753-4473
00545200,2013-2014,loan_direct,76081083,07608-1083
00546100,2013-2014,loan_direct,80692799,08069-2799
00551900,2013-2014,loan_direct,27233519,02723-3519
00552300,2013-2014,loan_direct,20211398,02021-1398
00552500,2013-2014,loan_direct,41061698,04106-1698
00576000,2013-2014,loan_direct,47692016,04769-2016
00613600,2013-2014,loan_direct,17302620,01730-2620
00618100,2013-2014,loan_direct,66102896,06610-2896
00619100,2013-2014,loan_direct,66069966,06606-9966
00630500,2013-2014,loan_direct,42439986,04243-9986
00632200,2013-2014,loan_direct,23023395,02302-3395
00632400,2013-2014,loan_direct,21264253,02126-4253
00633100,2013-2014,loan_direct,21551643,02155-1643
00641700,2013-2014,loan_direct,76664254,07666-4254
00642000,2013-2014,loan_direct,70424898,07042-4898
00642100,2013-2014,loan_direct,70613399,07061-3399
00642900,2013-2014,loan_direct,86291986,08629-1986
00659100,2013-2014,loan_direct,29045199,02904-5199
00676000,2013-2014,loan_direct,43309410,04330-9410
00685800,2013-2014,loan_direct,49889502,04988-9502
00686500,2013-2014,loan_direct,80123240,08012-3240
00687300,2013-2014,loan_direct,19072896,01907-2896
00690100,2013-2014,loan_direct,80804249,08080-4249
00698200,2013-2014,loan_direct,67083089,06708-3089
00702500,2013-2014,loan_direct,37661312,03766-1312
00710800,2013-2014,loan_direct,9313300,00931-3300
00720600,2013-2014,loan_direct,7365534,00736-5534
00722800,2013-2014,loan_direct,6144010,00614-4010
00730300,2013-2014,loan_direct,60512904,06051-2904
00730500,2013-2014,loan_direct,64054022,06405-4022
00745900,2013-2014,loan_direct,65143902,06514-3902
00748100,2013-2014,loan_direct,21162904,02116-2904
00748400,2013-2014,loan_direct,24455796,02445-5796
00748600,2013-2014,loan_direct,24457295,02445-7295
00750200,2013-2014,loan_direct,74243367,07424-3367
00755500,2013-2014,loan_direct,32461326,03246-1326
00756000,2013-2014,loan_direct,37439707,03743-9707
00759300,2013-2014,loan_direct,76015509,07601-5509
00763500,2013-2014,loan_direct,61031207,06103-1207
00772900,2013-2014,loan_direct,78692086,07869-2086
00773000,2013-2014,loan_direct,80681599,08068-1599
00773100,2013-2014,loan_direct,88761265,08876-1265
00784500,2013-2014,loan_direct,28181205,02818-1205
00803700,2013-2014,loan_direct,65100000,06510-0000
00803800,2013-2014,loan_direct,64574889,06457-4889
00807800,2013-2014,loan_direct,11019000,01101-9000
00840400,2013-2014,loan_direct,77381597,07738-1597
00849400,2013-2014,loan_direct,75131402,07513-1402
00857500,2013-2014,loan_direct,54954001,05495-4001
00864500,2013-2014,loan_direct,32203450,03220-3450
00865800,2013-2014,loan_direct,54037747,05403-7747
00886000,2013-2014,loan_direct,53024801,05302-4801
00887300,2013-2014,loan_direct,68106716,06810-6716
00887400,2013-2014,loan_direct,64504836,06450-4836
00891600,2013-2014,loan_direct,21165687,02116-5687
00903800,2013-2014,loan_direct,42406627,04240-6627
00907800,2013-2014,loan_direct,70112111,07011-2111
00923100,2013-2014,loan_direct,46199704,04619-9704
00923600,2013-2014,loan_direct,30632052,03063-2052
00934400,2013-2014,loan_direct,74301680,07430-1680
00934500,2013-2014,loan_direct,82059441,08205-9441
00940700,2013-2014,loan_direct,64891057,06489-1057
00945900,2013-2014,loan_direct,41013348,04101-3348
00964500,2013-2014,loan_direct,12309702,01230-9702
00965200,2013-2014,loan_direct,7160000,00716-0000
00974700,2013-2014,loan_direct,19822317,01982-2317
00975600,2013-2014,loan_direct,16550001,01655-0001
00976400,2013-2014,loan_direct,60323187,06032-3187
00976500,2013-2014,loan_direct,63606598,06360-6598
00982600,2013-2014,loan_direct,49371367,04937-1367
00987700,2013-2014,loan_direct,14205675,01420-5675
00989900,2013-2014,loan_direct,18521909,01852-1909
00993600,2013-2014,loan_direct,17301197,01730-1197
00999400,2013-2014,loan_direct,75051179,07505-1179
01041700,2013-2014,loan_direct,61082220,06108-2220
01062900,2013-2014,loan_direct,80301750,08030-1750
01072400,2013-2014,loan_direct,9023711,00902-3711
01077900,2013-2014,loan_direct,66157158,06615-7158
01081900,2013-2014,loan_direct,9073373,00907-3373
01085100,2013-2014,loan_direct,70543409,07054-3409
01090300,2013-2014,loan_direct,80434600,08043-4600
01092200,2013-2014,loan_direct,6412500,00641-2500
01097500,2013-2014,loan_direct,9591911,00959-1911
01115000,2013-2014,loan_direct,60823800,06082-3800
01116700,2013-2014,loan_direct,56010489,05601-0489
01121000,2013-2014,loan_direct,21292991,02129-2991
01138500,2013-2014,loan_direct,46091105,04609-1105
01151000,2013-2014,loan_direct,21353605,02135-3605
01152300,2013-2014,loan_direct,78342129,07834-2129
01167300,2013-2014,loan_direct,41013987,04101-3987
01171900,2013-2014,loan_direct,7780000,00778-0000
01193400,2013-2014,loan_direct,50689998,05068-9998
01194100,2013-2014,loan_direct,9602037,00960-2037
01204200,2013-2014,loan_direct,21695061,02169-5061
01206800,2013-2014,loan_direct,11031410,01103-1410
01209000,2013-2014,loan_direct,88614118,08861-4118
01212300,2013-2014,loan_direct,6040160,00604-0160
01218300,2013-2014,loan_direct,54018477,05401-8477
01218700,2013-2014,loan_direct,15681499,01568-1499
01238600,2013-2014,loan_direct,23751780,02375-1780
01242500,2013-2014,loan_direct,65164049,06516-4049
01246100,2013-2014,loan_direct,88202896,08820-2896
01246200,2013-2014,loan_direct,76017197,07601-7197
01252500,2013-2014,loan_direct,9600493,00960-0493
01287700,2013-2014,loan_direct,60321909,06032-1909
01288100,2013-2014,loan_direct,14204649,01420-4649
01294800,2013-2014,loan_direct,27215330,02721-5330
01295400,2013-2014,loan_direct,73064012,07306-4012
01318900,2013-2014,loan_direct,30513754,03051-3754
02053700,2013-2014,loan_direct,74462546,07446-2546
02061800,2013-2014,loan_direct,75062516,07506-2516
02063000,2013-2014,loan_direct,19154508,01915-4508
02074000,2013-2014,loan_direct,64059811,06405-9811
02079400,2013-2014,loan_direct,17025232,01702-5232
02092100,2013-2014,loan_direct,21695058,02169-5058
02092300,2013-2014,loan_direct,71109802,07110-9802
02100000,2013-2014,loan_direct,9185955,00918-5955
02103700,2013-2014,loan_direct,76523901,07652-3901
02104000,2013-2014,loan_direct,80022983,08002-2983
02104400,2013-2014,loan_direct,40930000,04093-0000
02106600,2013-2014,loan_direct,61101922,06110-1922
02112300,2013-2014,loan_direct,63205548,06320-5548
02112700,2013-2014,loan_direct,64733108,06473-3108
02122000,2013-2014,loan_direct,21485118,02148-5118
02131100,2013-2014,loan_direct,70602802,07060-2802
02131600,2013-2014,loan_direct,80129961,08012-9961
02132300,2013-2014,loan_direct,74707041,07470-7041
02137000,2013-2014,loan_direct,27803121,02780-3121
02137200,2013-2014,loan_direct,21142696,02114-2696
02140400,2013-2014,loan_direct,30604161,03060-4161
02143500,2013-2014,loan_direct,58270072,05827-0072
02146800,2013-2014,loan_direct,78014054,07801-4054
02148700,2013-2014,loan_direct,67163322,06716-3322
02154000,2013-2014,loan_direct,80811139,08081-1139
02163300,2013-2014,loan_direct,9606032,00960-6032
02163500,2013-2014,loan_direct,22152005,02215-2005
02163600,2013-2014,loan_direct,24593211,02459-3211
02165100,2013-2014,loan_direct,9192303,00919-2303
02166000,2013-2014,loan_direct,9013970,00901-3970
02166400,2013-2014,loan_direct,9171102,00917-1102
02169900,2013-2014,loan_direct,17521288,01752-1288
02174800,2013-2014,loan_direct,31100000,03110-0000
02179600,2013-2014,loan_direct,38781592,03878-1592
02181600,2013-2014,loan_direct,16092038,01609-2038
02182900,2013-2014,loan_direct,21385304,02138-5304
02183600,2013-2014,loan_direct,70331042,07033-1042
02192200,2013-2014,loan_direct,86081176,08608-1176
02195800,2013-2014,loan_direct,9183429,00918-3429
02197900,2013-2014,loan_direct,21090000,02109-0000
02202500,2013-2014,loan_direct,60712036,06071-2036
02211600,2013-2014,loan_direct,38014084,03801-4084
02215100,2013-2014,loan_direct,13761604,01376-1604
02219600,2013-2014,loan_direct,80120200,08012-0200
02220400,2013-2014,loan_direct,18016815,01801-6815
02223700,2013-2014,loan_direct,70934623,07093-4623
02223900,2013-2014,loan_direct,72012334,07201-2334
02231600,2013-2014,loan_direct,21294557,02129-4557
02232500,2013-2014,loan_direct,70762997,07076-2997
02234600,2013-2014,loan_direct,82342621,08234-2621
02244900,2013-2014,loan_direct,61189980,06118-9980
02245400,2013-2014,loan_direct,34311513,03431-1513
02247000,2013-2014,loan_direct,37842003,03784-2003
02248600,2013-2014,loan_direct,81031489,08103-1489
02254000,2013-2014,loan_direct,56023115,05602-3115
02260600,2013-2014,loan_direct,9602036,00960-2036
02260800,2013-2014,loan_direct,7260000,00726-0000
02265500,2013-2014,loan_direct,87247166,08724-7166
02265900,2013-2014,loan_direct,62262041,06226-2041
02274300,2013-2014,loan_direct,13410179,01341-0179
02282700,2013-2014,loan_direct,7854004,00785-4004
02282800,2013-2014,loan_direct,7387003,00738-7003
02297700,2013-2014,loan_direct,9610000,00961-0000
02312000,2013-2014,loan_direct,76016195,07601-6195
02316600,2013-2014,loan_direct,61113975,06111-3975
02325700,2013-2014,loan_direct,27406031,02740-6031
02325800,2013-2014,loan_direct,23015570,02301-5570
02335500,2013-2014,loan_direct,9780901,00978-0901
02337400,2013-2014,loan_direct,16044614,01604-4614
02338200,2013-2014,loan_direct,20212358,02021-2358
02339400,2013-2014,loan_direct,27462114,02746-2114
02361300,2013-2014,loan_direct,40461490,04046-1490
02460000,2013-2014,loan_direct,9360000,00936-0000
02482400,2013-2014,loan_direct,7162347,00716-2347
02491700,2013-2014,loan_direct,24722577,02472-2577
02503900,2013-2014,loan_direct,78824343,07882-4343
02505400,2013-2014,loan_direct,9700000,00970-0000
02523700,2013-2014,loan_direct,87532703,08753-2703
02523900,2013-2014,loan_direct,21554243,02155-4243
02525900,2013-2014,loan_direct,79501409,07950-1409
02528200,2013-2014,loan_direct,70604840,07060-4840
02532600,2013-2014,loan_direct,53460000,05346-0000
02534900,2013-2014,loan_direct,7162901,00716-2901
02568800,2013-2014,loan_direct,78601149,07860-1149
02579800,2013-2014,loan_direct,24581005,02458-1005
02584400,2013-2014,loan_direct,28601752,02860-1752
02586900,2013-2014,loan_direct,80432604,08043-2604
02587500,2013-2014,loan_direct,9262602,00926-2602
02588600,2013-2014,loan_direct,9252207,00925-2207
03016000,2013-2014,loan_direct,9850000,00985-0000
03025500,2013-2014,loan_direct,7256118,00725-6118
03043100,2013-2014,loan_direct,30544818,03054-4818
03066700,2013-2014,loan_direct,23014740,02301-4740
03080000,2013-2014,loan_direct,28604038,02860-4038
03094800,2013-2014,loan_direct,67061211,06706-1211
03101300,2013-2014,loan_direct,33016400,03301-6400
03104000,2013-2014,loan_direct,18215499,01821-5499
03106900,2013-2014,loan_direct,6620457,00662-0457
03112100,2013-2014,loan_direct,9159538,00915-9538
03115200,2013-2014,loan_direct,27715933,02771-5933
03120800,2013-2014,loan_direct,10892701,01089-2701
03122600,2013-2014,loan_direct,73063906,07306-3906
03122900,2013-2014,loan_direct,40900529,04090-0529
03177300,2013-2014,loan_direct,7250000,00725-0000
03182300,2013-2014,loan_direct,31044858,03104-4858
03187300,2013-2014,loan_direct,88543756,08854-3756
03194300,2013-2014,loan_direct,24464602,02446-4602
03197300,2013-2014,loan_direct,73062929,07306-2929
03205400,2013-2014,loan_direct,10562769,01056-2769
03234300,2013-2014,loan_direct,60532150,06053-2150
03235300,2013-2014,loan_direct,18101094,01810-1094
03240300,2013-2014,loan_direct,16052213,01605-2213
03248300,2013-2014,loan_direct,21364030,02136-4030
03316300,2013-2014,loan_direct,61053630,06105-3630
03316400,2013-2014,loan_direct,20624766,02062-4766
03324300,2013-2014,loan_direct,70802408,07080-2408
03389300,2013-2014,loan_direct,76015708,07601-5708
03429300,2013-2014,loan_direct,40730000,04073-0000
03437300,2013-2014,loan_direct,37661358,03766-1358
03504300,2013-2014,loan_direct,25402958,02540-2958
03536300,2013-2014,loan_direct,74201452,07420-1452
03570500,2013-2014,loan_direct,18350000,01835-0000
03612300,2013-2014,loan_direct,40091110,04009-1110
03650600,2013-2014,loan_direct,73063936,07306-3936
03666300,2013-2014,loan_direct,71025511,07102-5511
03729300,2013-2014,loan_direct,30514906,03051-4906
03732300,2013-2014,loan_direct,28406720,02840-6720
03751300,2013-2014,loan_direct,9170091,00917-0091
03763300,2013-2014,loan_direct,21488143,02148-8143
03803300,2013-2014,loan_direct,70833504,07083-3504
03811300,2013-2014,loan_direct,70030000,07003-0000
03859300,2013-2014,loan_direct,18764709,01876-4709
03927300,2013-2014,loan_direct,63572447,06357-2447
03946300,2013-2014,loan_direct,24921200,02492-1200
03965300,2013-2014,loan_direct,21101605,02110-1605
04104300,2013-2014,loan_direct,64920000,06492-0000
04116900,2013-2014,loan_direct,10894623,01089-4623
04125000,2013-2014,loan_direct,85123600,08512-3600
04128000,2013-2014,loan_direct,18016386,01801-6386
04128800,2013-2014,loan_direct,64056066,06405-6066
04128900,2013-2014,loan_direct,15621712,01562-1712
04131200,2013-2014,loan_direct,70872943,07087-2943
04134100,2013-2014,loan_direct,76081104,07608-1104
04136400,2013-2014,loan_direct,88543870,08854-3870
04141200,2013-2014,loan_direct,29200000,02920-0000
04143200,2013-2014,loan_direct,21411805,02141-1805
04145400,2013-2014,loan_direct,64832911,06483-2911
04146900,2013-2014,loan_direct,54030000,05403-0000
04148400,2013-2014,loan_direct,64370000,06437-0000
04152400,2013-2014,loan_direct,61090000,06109-0000
04153200,2013-2014,loan_direct,15071331,01507-1331
04154500,2013-2014,loan_direct,73060001,07306-0001
04154900,2013-2014,loan_direct,70182011,07018-2011
04162200,2013-2014,loan_direct,31025263,03102-5263
04173100,2013-2014,loan_direct,86282500,08628-2500
04177400,2013-2014,loan_direct,43300000,04330-0000
04181400,2013-2014,loan_direct,70181703,07018-1703
04184500,2013-2014,loan_direct,70589589,07058-9589
04185100,2013-2014,loan_direct,40740000,04074-0000
04188700,2013-2014,loan_direct,80121043,08012-1043
04188800,2013-2014,loan_direct,41020000,04102-0000
04193100,2013-2014,loan_direct,14620000,01462-0000
04207500,2013-2014,loan_direct,77127202,07712-7202
04214100,2013-2014,loan_direct,40922878,04092-2878
04216000,2013-2014,loan_direct,88614106,08861-4106
04216500,2013-2014,loan_direct,80431911,08043-1911
04218200,2013-2014,loan_direct,87233413,08723-3413
04218500,2013-2014,loan_direct,70800000,07080-0000
04219200,2013-2014,loan_direct,67050000,06705-0000
04224200,2013-2014,loan_direct,67040135,06704-0135
04229200,2013-2014,loan_direct,21222834,02122-2834
04230900,2013-2014,loan_direct,64700000,06470-0000
04254200,2013-2014,loan_direct,6839801,00683-9801
